trade_date,close
2007-01-05,5.6299999990928695
2007-01-08,5.088230740433665
2007-01-09,5.123315180712372
2007-01-10,5.1599687088411725
2007-01-11,5.096898467651212
2007-01-12,4.959047790109516
2007-01-15,4.746804004330877
2007-01-16,4.9899420550407205
2007-01-17,4.919257622570469
2007-01-18,4.897917121709371
2007-01-19,4.771457752245414
2007-01-22,4.847984684957214
2007-01-23,5.0059165035554285
2007-01-24,5.108141033047948
2007-01-25,5.042276204956638
2007-01-26,4.803935505098715
2007-01-29,4.8601640493352605
2007-01-30,4.9815655984120895
2007-01-31,4.954515554202374
2007-02-01,4.973364330927417
2007-02-02,4.850391199115715
2007-02-05,4.670862067338075
2007-02-06,4.44056452260138
2007-02-07,4.617523547708488
2007-02-08,4.631464877746781
2007-02-09,4.609542938265061
2007-02-12,4.5524244078979414
2007-02-13,4.6348224302789225
2007-02-14,4.629913229854258
2007-02-15,4.750576154959867
2007-02-16,4.926533040440104
2007-02-26,4.935414070927286
2007-02-27,4.982832797709862
2007-02-28,4.62615928022587
2007-03-01,4.807689465188447
2007-03-02,4.641391380077241
2007-03-05,4.7234054225994
2007-03-06,4.6825435618435005
2007-03-07,4.834389347845568
2007-03-08,4.849543894361625
2007-03-09,4.880837567143111
2007-03-12,5.033903113882667
2007-03-13,5.062688516805222
2007-03-14,5.032202509237931
2007-03-15,4.917668247030957
2007-03-16,4.981185836798577
2007-03-19,4.989966249920763
2007-03-20,5.2825752133759085
2007-03-21,5.271239117854384
2007-03-22,5.315075202737331
2007-03-23,5.239107364449564
2007-03-26,5.199559215210309
2007-03-27,5.220475276091079
2007-03-28,5.178477474723241
2007-03-29,5.330656836898461
2007-03-30,5.647276665608091
2007-04-02,5.531535891845668
2007-04-03,5.665327602797639
2007-04-04,5.672589647578629
2007-04-05,5.623071275265231
2007-04-06,5.696438982850367
2007-04-09,5.623010750584389
2007-04-10,5.674038862556472
2007-04-11,5.869801359599035
2007-04-12,5.863654419171582
2007-04-13,5.838608485879229
2007-04-16,5.764246771424716
2007-04-17,5.816531808731916
2007-04-18,5.746061269166327
2007-04-19,5.681155776178373
2007-04-20,5.434092722914114
2007-04-23,5.532412378886738
2007-04-24,5.633640330989633
2007-04-25,5.587757734147876
2007-04-26,5.768622248451609
2007-04-27,5.722932612537895
2007-04-30,5.6267719849922955
2007-05-08,5.629560586219215
2007-05-09,5.651120869961569
2007-05-10,6.083479278160908
2007-05-11,6.109257809222069
2007-05-14,6.100040640932637
2007-05-15,6.130785713614135
2007-05-16,5.843081749860923
2007-05-17,5.91996461492024
2007-05-18,5.899617937869332
2007-05-21,5.813886081892339
2007-05-22,5.767057831261835
2007-05-23,5.760264101547028
2007-05-24,5.8254803059068045
2007-05-25,5.876136716136077
2007-05-28,5.802193951333232
2007-05-29,5.845584249751884
2007-05-30,5.890819295196146
2007-05-31,5.489267478150957
2007-06-01,5.75743111991195
2007-06-04,5.592126166667689
2007-06-05,5.132164557443602
2007-06-06,5.233976804468572
2007-06-07,5.143900598794241
2007-06-08,5.207854002903064
2007-06-11,5.171830963096422
2007-06-12,5.209915928861755
2007-06-13,5.1958587954373625
2007-06-14,5.394878770526099
2007-06-15,5.259573043228852
2007-06-18,5.3032840180712135
2007-06-19,5.352218370825793
2007-06-20,5.3407481775009025
2007-06-21,5.230228550784309
2007-06-22,5.238546318074212
2007-06-25,5.088601235503508
2007-06-26,5.024370536696736
2007-06-27,5.035148210048328
2007-06-28,5.10401607050821
2007-06-29,5.0116969683820205
2007-07-02,5.031456803665102
2007-07-03,5.044769951840778
2007-07-04,5.0946127945073245
2007-07-05,5.022191400221828
2007-07-06,4.872313568473047
2007-07-09,4.99486431549631
2007-07-10,5.052205483518141
2007-07-11,5.09906204159146
2007-07-12,5.180891466770866
2007-07-13,5.161267037955396
2007-07-16,5.131966565251158
2007-07-17,5.0349771695053525
2007-07-18,5.131237061273524
2007-07-19,5.149148885517331
2007-07-20,5.142447987800808
2007-07-23,5.289632421567895
2007-07-24,5.391308957601177
2007-07-25,5.355715256917563
2007-07-26,5.4926564631943275
2007-07-27,5.4453063715246435
2007-07-30,5.404733222002624
2007-07-31,5.4626308169138795
2007-08-01,5.421509506346913
2007-08-02,5.299503277180534
2007-08-03,5.320599984324659
2007-08-06,5.448384340870006
2007-08-07,5.460068926614705
2007-08-08,5.447787809035065
2007-08-09,5.837969424972042
2007-08-10,5.784856465611506
2007-08-13,5.8232978480211655
2007-08-14,6.292723778043408
2007-08-15,6.154443120272485
2007-08-16,6.212764820292138
2007-08-17,5.9540509699720285
2007-08-20,5.771597428307018
2007-08-21,6.099955558866145
2007-08-22,6.157235401673133
2007-08-23,6.10244229790535
2007-08-24,6.113362085330499
2007-08-27,6.145319587293094
2007-08-28,6.192384294285906
2007-08-29,6.094733664427196
2007-08-30,5.953897209905867
2007-08-31,6.024200380473086
2007-09-03,6.02864513719868
2007-09-04,6.111766232926542
2007-09-05,6.11848259597418
2007-09-06,6.196269150329441
2007-09-07,6.377102122256815
2007-09-10,6.182274031304554
2007-09-11,6.200058475150736
2007-09-12,5.911507501821946
2007-09-13,5.926162334789943
2007-09-14,5.946864470531711
2007-09-17,5.977277744275289
2007-09-18,6.005213462550028
2007-09-19,5.999105706620458
2007-09-20,5.941328793789057
2007-09-21,5.9630621229554315
2007-09-24,5.946689253960588
2007-09-25,5.941856371833983
2007-09-26,5.845288228338471
2007-09-27,5.769523802699972
2007-09-28,5.870165259260131
2007-10-08,5.9181615422627765
2007-10-09,6.289103090096671
2007-10-10,6.207268287806542
2007-10-11,6.45475642430621
2007-10-12,6.631399328018413
2007-10-15,6.466197560027889
2007-10-16,6.558314075386962
2007-10-17,7.007614604736831
2007-10-18,6.911487374037588
2007-10-19,6.723126033312972
2007-10-22,6.752321000553434
2007-10-23,6.513404329229275
2007-10-24,6.802221434511989
2007-10-25,6.674513331352514
2007-10-26,6.471902227851892
2007-10-29,6.634634330514875
2007-10-30,6.855341111962586
2007-10-31,7.14821485044602
2007-11-01,7.132355138099304
2007-11-02,7.472975924183784
2007-11-05,7.445004625040098
2007-11-06,7.201249138631093
2007-11-07,7.124587937863496
2007-11-08,7.351402905485855
2007-11-09,7.0773187946088605
2007-11-12,7.223237264591876
2007-11-13,7.050546853483269
2007-11-14,6.950511852289064
2007-11-15,7.155823169253991
2007-11-16,7.128652909429434
2007-11-19,7.091736180871008
2007-11-20,6.99097450394695
2007-11-21,6.989940902521539
2007-11-22,6.841799954306298
2007-11-23,6.631526595246337
2007-11-26,6.713263216602278
2007-11-27,6.619673437086288
2007-11-28,6.545865124744096
2007-11-29,6.299716944883681
2007-11-30,6.584522188983702
2007-12-03,6.426970739076466
2007-12-04,6.510156527881587
2007-12-05,6.575958726678141
2007-12-06,6.68284180878139
2007-12-07,6.657780425582531
2007-12-10,6.693833625759103
2007-12-11,6.683810281256578
2007-12-12,6.658775027169169
2007-12-13,6.5761869614845025
2007-12-14,6.44957194828772
2007-12-17,6.48636774242435
2007-12-18,6.2715543741152215
2007-12-19,6.289991932719179
2007-12-20,6.393451330074902
2007-12-21,6.418844512047619
2007-12-24,6.49469457984148
2007-12-25,6.582408107236835
2007-12-26,6.532040160197105
2007-12-27,6.535765805052922
2007-12-28,6.643529616876003
2008-01-02,6.599438399273712
2008-01-03,6.646595372555079
2008-01-04,6.665457312035182
2008-01-07,6.665495324158415
2008-01-08,6.6523845490980955
2008-01-09,6.698978595171571
2008-01-10,6.685187841803484
2008-01-11,6.672819923920927
2008-01-14,6.903708849327248
2008-01-15,6.880172863905105
2008-01-16,6.781712697782253
2008-01-17,6.605176687233972
2008-01-18,6.487667046662131
2008-01-21,6.523118596279422
2008-01-23,6.25703979218766
2008-01-24,6.102786000302404
2008-01-25,5.895620126054705
2008-01-28,5.9768249100884265
2008-01-29,5.569392099460314
2008-01-30,5.647565570585185
2008-01-31,5.5226344774457985
2008-02-01,5.430289532431475
2008-02-04,5.359527108965709
2008-02-05,5.700051883315482
2008-02-13,5.624107375306218
2008-02-14,5.580520504495487
2008-02-15,5.633652986316751
2008-02-18,5.545066284562043
2008-02-19,5.636832073213176
2008-02-20,5.779637370905825
2008-02-21,5.642645906779548
2008-02-22,5.618139051713045
2008-02-25,5.510615226486088
2008-02-26,5.386170313140578
2008-02-27,5.51717462140619
2008-02-28,5.604683511394032
2008-02-29,5.550200089385711
2008-03-03,5.561168477058899
2008-03-04,5.602326645430708
2008-03-05,5.515748247152798
2008-03-06,5.549650850939364
2008-03-07,5.613231159859584
2008-03-10,5.545484511602199
2008-03-11,5.443698362012019
2008-03-12,5.475173056771557
2008-03-13,5.374900205717136
2008-03-14,5.293537037514201
2008-03-17,5.2109023724998655
2008-03-18,5.067378098391872
2008-03-19,4.935955604969501
2008-03-20,5.036341320631233
2008-03-21,5.049563729831943
2008-03-24,5.055173047386184
2008-03-25,4.958097337138811
2008-03-26,5.0123966128623225
2008-03-27,5.011693775359424
2008-03-28,4.924760614326885
2008-03-31,5.114063816713359
2008-04-01,4.994500388548624
2008-04-02,4.90673306471961
2008-04-03,5.043494548438814
2008-04-07,5.12713846963478
2008-04-08,5.235694050100464
2008-04-09,5.190236097695425
2008-04-10,4.998390169476184
2008-04-11,5.068423107817751
2008-04-14,5.0375242467991574
2008-04-15,4.87095666986574
2008-04-16,4.898597742525708
2008-04-17,4.813624071807641
2008-04-18,4.710067350168745
2008-04-21,4.528759691061139
2008-04-22,4.60811157056174
2008-04-23,4.648182436012239
2008-04-24,4.777748744803656
2008-04-25,5.192927023406013
2008-04-28,5.032613311132016
2008-04-29,4.993725368017206
2008-04-30,5.084133437256211
2008-05-05,5.222458077696602
2008-05-06,5.25490700592739
2008-05-07,5.178314889461368
2008-05-08,5.008945123731577
2008-05-09,5.064399445312717
2008-05-12,4.9929869323139044
2008-05-13,5.0188788527783
2008-05-14,4.944192833234269
2008-05-15,5.040985515272226
2008-05-16,4.983690036612516
2008-05-19,4.967459408913757
2008-05-20,4.923739580973595
2008-05-21,4.784430553784467
2008-05-22,4.858782573221774
2008-05-23,4.774199819788004
2008-05-26,4.8081446773874905
2008-05-27,4.7226638337304
2008-05-28,4.734747586689337
2008-05-29,4.815930960454331
2008-05-30,4.726127165586139
2008-06-02,4.770338087582289
2008-06-03,4.8127428641740355
2008-06-04,4.765830545144353
2008-06-05,4.74864446160736
2008-06-06,4.710934911939745
2008-06-10,4.700447001119606
2008-06-11,4.343565977478727
2008-06-12,4.339591441441602
2008-06-13,4.196207832040828
2008-06-16,4.199925684847762
2008-06-17,4.19768156390199
2008-06-18,4.171351248755841
2008-06-19,4.300192524647839
2008-06-20,4.0480110699036125
2008-06-23,4.217695419048924
2008-06-24,4.152935309944759
2008-06-25,4.2415099587736105
2008-06-26,4.3849206368775775
2008-06-27,4.337861110940933
2008-06-30,4.06739143262295
2008-07-01,4.069451387681827
2008-07-02,3.970590031887142
2008-07-03,4.016595977751346
2008-07-04,4.033100126673148
2008-07-07,4.019865679906734
2008-07-08,4.1680885080049865
2008-07-09,4.147727231038645
2008-07-10,4.299635437058813
2008-07-11,4.221006964206573
2008-07-14,4.186780246437109
2008-07-15,4.191361236745599
2008-07-16,4.058776286420261
2008-07-17,3.985200579866602
2008-07-18,3.9747276750899885
2008-07-21,4.03557077451324
2008-07-22,4.077108922576325
2008-07-23,4.090830037360381
2008-07-24,4.061002474259377
2008-07-25,4.108914760315255
2008-07-28,4.055935903131364
2008-07-29,4.103682552798568
2008-07-30,4.028516080746104
2008-07-31,4.044958983988654
2008-08-01,3.990190605807944
2008-08-04,4.061007956358811
2008-08-05,3.9777608852991677
2008-08-06,3.9588830315616343
2008-08-07,3.9995812495041783
2008-08-08,3.9938558397662645
2008-08-11,3.8391301948656773
2008-08-12,3.6695074088374606
2008-08-13,3.657959777227317
2008-08-14,3.58788767046177
2008-08-15,3.580426689456917
2008-08-18,3.603699006450766
2008-08-19,3.462014317739602
2008-08-20,3.4828258835878163
2008-08-21,3.775433395933909
2008-08-22,3.6301562174640005
2008-08-25,3.7018112232825913
2008-08-26,3.643478920149217
2008-08-27,3.558166935436052
2008-08-28,3.627686397098559
2008-08-29,3.641378884049717
2008-09-01,3.698789410394087
2008-09-02,3.5830465347934712
2008-09-03,3.5791262146807346
2008-09-04,3.556940162184034
2008-09-05,3.5596547968337893
2008-09-08,3.4855637519652114
2008-09-09,3.5251048998907444
2008-09-10,3.5150934229784654
2008-09-11,3.5697263043832224
2008-09-12,3.4810840189646837
2008-09-16,3.496819355888078
2008-09-17,3.1771799129267055
2008-09-18,3.000340420702612
2008-09-19,3.056547943476285
2008-09-22,3.3394087817304476
2008-09-23,3.676444842629687
2008-09-24,3.667794322017799
2008-09-25,3.6484953176274617
2008-09-26,3.69106359451599
2008-10-06,3.6467976807051823
2008-10-07,3.4912406638123605
2008-10-08,3.512867920944883
2008-10-09,3.337555162669742
2008-10-10,3.3351778858675756
2008-10-13,3.118868257960936
2008-10-14,3.3287287289472203
2008-10-15,3.1963066053118183
2008-10-16,3.2446460267812274
2008-10-17,3.1529021617296515
2008-10-20,3.180561134287874
2008-10-21,3.2267693911848583
2008-10-22,3.168727596118191
2008-10-23,3.1198677245009967
2008-10-24,3.0636612775687713
2008-10-27,3.128857957949794
2008-10-28,2.970401076422677
2008-10-29,3.111584979561028
2008-10-30,2.9804940202053722
2008-10-31,3.0393116792449146
2008-11-03,3.018069835967046
2008-11-04,3.0381716555446063
2008-11-05,3.0409461857895135
2008-11-06,3.1362276770456057
2008-11-07,3.0745104907014134
2008-11-10,3.1253858720470356
2008-11-11,3.2793792576138885
2008-11-12,3.227302819566343
2008-11-13,3.2594040910113007
2008-11-14,3.3332383488142776
2008-11-17,3.377459449151636
2008-11-18,3.4672005456113926
2008-11-19,3.367872769294629
2008-11-20,3.4835769999798694
2008-11-21,3.38027744891311
2008-11-24,3.3497136383148023
2008-11-25,3.237264110889176
2008-11-26,3.224876438894143
2008-11-27,3.2300984605034224
2008-11-28,3.2500620149170687
2008-12-01,3.116270834545945
2008-12-02,3.150470618224256
2008-12-03,3.123998083040678
2008-12-04,3.228292573439224
2008-12-05,3.274015264479955
2008-12-08,3.278065566054665
2008-12-09,3.3585618070354557
2008-12-10,3.273683128003913
2008-12-11,3.344940122135441
2008-12-12,3.2459448103971082
2008-12-15,3.1696300647675457
2008-12-16,3.166377188264156
2008-12-17,3.1467264553975607
2008-12-18,3.143815767489356
2008-12-19,3.2008985544281385
2008-12-22,3.1661734886702675
2008-12-23,3.1354943968092055
2008-12-24,3.0839377852801073
2008-12-25,3.0522911146884484
2008-12-26,3.042249542200824
2008-12-29,3.0508934328464243
2008-12-30,3.021391421805511
2008-12-31,2.9750299610071065
2009-01-05,2.9732553485906172
2009-01-06,3.007220218971568
2009-01-07,3.0562843777828674
2009-01-08,3.0005208450682557
2009-01-09,2.9477221905369344
2009-01-12,2.980440378662552
2009-01-13,2.9646054434424878
2009-01-14,2.925278460539609
2009-01-15,2.992681651044708
2009-01-16,2.943628629316124
2009-01-19,3.003722181464691
2009-01-20,3.0928769557025495
2009-01-21,3.053301844917002
2009-01-22,3.056883437847351
2009-01-23,3.077014443600137
2009-02-02,3.0556234393815815
2009-02-03,3.073084756309334
2009-02-04,3.0978673127219984
2009-02-05,3.1552869123519915
2009-02-06,3.1373487295276354
2009-02-09,3.278131133293045
2009-02-10,3.2677424365687906
2009-02-11,3.2918650532901603
2009-02-12,3.30855573152632
2009-02-13,3.2663631378272657
2009-02-16,3.3702608544370607
2009-02-17,3.5447126191658582
2009-02-18,3.451028173284903
2009-02-19,3.299236981293265
2009-02-20,3.2877457625251667
2009-02-23,3.2996530553296015
2009-02-24,3.3400590429735977
2009-02-25,3.207837895689129
2009-02-26,3.240392828715029
2009-02-27,3.1650754053537606
2009-03-02,3.2234954550837487
2009-03-03,3.2084904202823155
2009-03-04,3.201858285167535
2009-03-05,3.4920256591138394
2009-03-06,3.630262530420658
2009-03-09,3.5786155458068083
2009-03-10,3.41534183258941
2009-03-11,3.403125458290306
2009-03-12,3.333322107028874
2009-03-13,3.347399832681627
2009-03-16,3.38184116098428
2009-03-17,3.3965195909282606
2009-03-18,3.4591344900088195
2009-03-19,3.4267692039063222
2009-03-20,3.45208856643416
2009-03-24,3.437245755553103
2009-03-25,3.4688444978335724
2009-03-26,3.3907826672853028
2009-03-27,3.512477827565493
2009-03-30,3.4795161394260083
2009-03-31,3.4652060647242937
2009-04-01,3.4634017343509296
2009-04-02,3.4851412937304924
2009-04-03,3.517364517999993
2009-04-07,3.5773160809411397
2009-04-08,3.576086475745726
2009-04-09,3.4452767807595897
2009-04-10,3.459350780625169
2009-04-13,3.4923175431424616
2009-04-14,3.545346747142868
2009-04-15,3.5608148071517696
2009-04-16,3.5407529161169546
2009-04-17,3.55962338524433
2009-04-20,3.5179017510905677
2009-04-21,3.5620869445717136
2009-04-22,3.527319866625169
2009-04-23,3.5329798191543915
2009-04-24,3.4817476381691104
2009-04-27,3.4538734060402443
2009-04-28,3.4614354412119686
2009-04-29,3.4683110504270274
2009-04-30,3.5289616685751897
2009-05-04,3.497412787139219
2009-05-05,3.5616031573684936
2009-05-06,3.5444506010748977
2009-05-07,3.570228832312587
2009-05-08,3.5881041917672114
2009-05-11,3.635814990743091
2009-05-12,3.6078755323630327
2009-05-13,3.6323512186963747
2009-05-14,3.6366277227819412
2009-05-15,3.599878928065955
2009-05-18,3.6137051919619556
2009-05-19,3.6076138838750977
2009-05-20,3.6101574923520054
2009-05-21,3.5723284393461245
2009-05-22,3.5244382705149575
2009-05-25,3.5324387211688233
2009-05-26,3.5280726043550064
2009-05-27,3.5024990258179227
2009-06-01,3.571270707494039
2009-06-02,3.6603064165257084
2009-06-03,3.6256335171897534
2009-06-04,3.7425982420320034
2009-06-05,3.7089556460019457
2009-06-08,3.6929422520517643
2009-06-09,3.8761439468945493
2009-06-10,3.91989110268672
2009-06-11,3.9604139363590467
2009-06-12,3.9987846627119206
2009-06-15,3.9245319809465378
2009-06-16,4.118505980711511
2009-06-17,4.093270082365866
2009-06-19,4.115000575014484
2009-06-22,4.2849188255029995
2009-06-23,4.474372615195718
2009-06-24,4.7500843304431735
2009-06-25,4.705835254130966
2009-06-26,4.764071906666681
2009-06-29,4.623306158870783
2009-06-30,4.595397385921372
2009-07-01,4.494073210585038
2009-07-02,4.6314462923268485
2009-07-03,4.6492499214798455
2009-07-06,4.633832322279823
2009-07-07,4.72221191736741
2009-07-08,4.6021378701694635
2009-07-09,4.533071452463063
2009-07-10,4.543757995082679
2009-07-13,4.505143036720007
2009-07-14,4.429028411123258
2009-07-15,4.486409160541771
2009-07-16,4.462956666919184
2009-07-17,4.512176478119708
2009-07-20,4.450783695407273
2009-07-21,4.473445605037516
2009-07-22,4.41863676233603
2009-07-23,4.442875786569941
2009-07-24,4.525694842738446
2009-07-27,4.494301713229337
2009-07-28,4.612292351382345
2009-07-29,4.590246614456377
2009-07-30,4.466016572599577
2009-07-31,4.635212553512345
2009-08-03,4.687820658890538
2009-08-04,4.680168034539691
2009-08-05,4.600382293418944
2009-08-06,4.54294319291969
2009-08-07,4.491102141933438
2009-08-10,4.387261064751157
2009-08-11,4.350971254743349
2009-08-12,4.361010510524514
2009-08-13,4.243106345236658
2009-08-14,4.301113118168768
2009-08-17,4.158256645105907
2009-08-18,3.968104654770653
2009-08-19,3.984931937936403
2009-08-20,3.8944219831817546
2009-08-21,4.026182912089766
2009-08-24,4.06278471923732
2009-08-25,4.040077863213846
2009-08-26,3.9386007943171317
2009-08-27,3.963277520650966
2009-08-28,3.963275528137158
2009-08-31,3.903548754974756
2009-09-01,3.6859530890040526
2009-09-02,3.7526091150394567
2009-09-03,3.815630978879507
2009-09-04,3.9437674601529484
2009-09-07,3.939309815430518
2009-09-08,3.9417357918722544
2009-09-09,3.985252782062278
2009-09-10,3.973385300722265
2009-09-11,3.953333409881265
2009-09-14,4.077561735657539
2009-09-15,4.0679910353050825
2009-09-16,4.054797862225643
2009-09-17,4.004217042179648
2009-09-18,4.057636762429136
2009-09-21,3.9381538135518337
2009-09-22,3.9710875923854987
2009-09-23,3.898356551509068
2009-09-24,3.874992215517362
2009-09-25,3.9028054500528633
2009-09-28,3.8579375777680514
2009-09-29,3.846204855557729
2009-09-30,3.8508171169697007
2009-10-09,3.8964314016518067
2009-10-12,3.9942862275439133
2009-10-13,3.9844895174378463
2009-10-14,4.031630038221569
2009-10-15,4.034640417820748
2009-10-16,4.037697413384981
2009-10-19,3.992013479320579
2009-10-20,4.0410875658072865
2009-10-21,4.1022936527710625
2009-10-22,4.11583480619295
2009-10-23,4.08351775840788
2009-10-26,4.149431064179637
2009-10-27,4.132038390104714
2009-10-28,4.0264491488772745
2009-10-29,4.0490328239776865
2009-10-30,3.965800189740404
2009-11-02,4.063656378439183
2009-11-03,4.131723072643382
2009-11-04,4.136006376749344
2009-11-05,4.153272906824589
2009-11-06,4.194908953324782
2009-11-09,4.165320421471605
2009-11-10,4.183245635627395
2009-11-11,4.187655623951574
2009-11-12,4.188300507418638
2009-11-13,4.162000453916625
2009-11-16,4.181334083290398
2009-11-17,4.264458095380897
2009-11-18,4.292778126778288
2009-11-19,4.378163974146858
2009-11-20,4.364124014752577
2009-11-23,4.341374652003743
2009-11-24,4.35059770309493
2009-11-25,4.249662730813203
2009-11-26,4.287305100462224
2009-11-27,4.130746893019048
2009-11-30,4.05534740565874
2009-12-01,4.122808856708603
2009-12-02,4.130648848720397
2009-12-03,4.1738986040549735
2009-12-04,4.160618546666759
2009-12-07,4.29477092207281
2009-12-08,4.278715918564739
2009-12-09,4.235680683347839
2009-12-10,4.146995646856166
2009-12-11,4.1706652167191836
2009-12-14,4.1561580113587
2009-12-15,4.289216955920002
2009-12-16,4.195005705793831
2009-12-17,4.219233282115011
2009-12-18,4.148585290427351
2009-12-21,4.132438993281021
2009-12-22,4.132276052068689
2009-12-23,4.100430005807385
2009-12-24,4.103952000916173
2009-12-25,4.15776305738228
2009-12-28,4.116844466982611
2009-12-29,4.164117388716563
2009-12-30,4.2233501998973795
2009-12-31,4.3113229388323
2010-01-04,4.32553367693806
2010-01-05,4.291597576396046
2010-01-06,4.339483303227128
2010-01-07,4.284355525113121
2010-01-08,4.217665244930312
2010-01-11,4.234997095474829
2010-01-12,4.2639244803855
2010-01-13,4.317456454429447
2010-01-14,4.1451757663895785
2010-01-15,4.173741958352813
2010-01-18,4.1524708486404185
2010-01-19,4.159917251019202
2010-01-20,4.174332170226751
2010-01-21,4.101009171241754
2010-01-22,4.1346303361028385
2010-01-25,4.154833588620294
2010-01-26,4.139166401944451
2010-01-27,4.163389148648025
2010-01-28,4.108678527090972
2010-01-29,4.113639468450552
2010-02-01,4.099457136910823
2010-02-02,4.032734461718583
2010-02-03,4.0847616842526335
2010-02-04,4.161411054404134
2010-02-05,4.145633170883009
2010-02-08,4.136208781097846
2010-02-09,4.129331993631127
2010-02-10,4.098166830912707
2010-02-11,4.122241594341211
2010-02-12,4.108534197574598
2010-02-22,4.130752861281315
2010-02-23,4.109575539170769
2010-02-24,4.092226957873076
2010-02-25,4.110528982961591
2010-02-26,4.155851653275227
2010-03-01,4.137967053769903
2010-03-02,4.1723111445197185
2010-03-03,4.15678428588499
2010-03-04,4.1796611252553655
2010-03-05,4.178615789072463
2010-03-08,4.1507630687812265
2010-03-09,4.152478696141691
2010-03-10,4.16802439005142
2010-03-11,4.139574288293532
2010-03-12,4.172625689522681
2010-03-15,4.1474932022851725
2010-03-16,4.122897936185421
2010-03-17,4.1417809605277505
2010-03-18,4.165981681831946
2010-03-22,4.149535489672577
2010-03-23,4.162703825338652
2010-03-24,4.148391935431204
2010-03-25,4.218016733662912
2010-03-26,4.156842899955804
2010-03-29,4.233910722654841
2010-03-30,4.348780848025268
2010-03-31,4.359971178414456
2010-04-01,4.296600680897767
2010-04-02,4.313370762793295
2010-04-06,4.283554617447846
2010-04-07,4.2921074970032125
2010-04-08,4.262485907019665
2010-04-09,4.232831550217702
2010-04-12,4.2610427603930345
2010-04-13,4.237689270502866
2010-04-14,4.2915854007269445
2010-04-15,4.247635810735311
2010-04-16,4.253666640774733
2010-04-19,4.200917916627525
2010-04-20,4.057592808131922
2010-04-21,4.070874064806846
2010-04-22,4.065143916612033
2010-04-23,4.0133757107858585
2010-04-26,4.047775861930715
2010-04-27,4.0358200960201955
2010-04-28,4.0407637752749155
2010-04-29,4.051133476102426
2010-04-30,4.106473779506134
2010-05-04,4.183047275381707
2010-05-05,4.127399203471518
2010-05-06,4.136200517419438
2010-05-07,4.049151969362604
2010-05-10,4.034903096991951
2010-05-11,4.089025800712097
2010-05-12,4.017498549186524
2010-05-13,4.06780609959267
2010-05-14,4.123084996523762
2010-05-17,4.08571268145847
2010-05-18,3.970864216645542
2010-05-19,3.957885200955033
2010-05-20,3.8972904898271064
2010-05-21,3.8954506885635385
2010-05-24,3.960606593752924
2010-05-25,4.003200036496117
2010-05-26,3.9126663349949444
2010-05-28,3.9286259217132016
2010-05-31,4.001599403326965
2010-06-01,4.079829128228064
2010-06-02,4.0985235248744685
2010-06-03,3.897631685936206
2010-06-04,3.8552805580666907
2010-06-07,3.6427075016545447
2010-06-08,3.5674903888421747
2010-06-09,3.518642595696256
2010-06-10,3.628840338739923
2010-06-11,3.5480166644254836
2010-06-17,3.5618104877862793
2010-06-18,3.5581425506871174
2010-06-21,3.4886899799894096
2010-06-22,3.59443629397191
2010-06-23,3.5707958035427216
2010-06-24,3.554400964395486
2010-06-25,3.553480799415858
2010-06-28,3.5466145297891356
2010-06-29,3.5503809309706815
2010-06-30,3.473418855779
2010-07-01,3.398745874695345
2010-07-02,3.394005466493213
2010-07-05,3.3978736633976303
2010-07-06,3.3726412879613172
2010-07-07,3.481049226246289
2010-07-08,3.470758280477468
2010-07-09,3.473086180094979
2010-07-12,3.5388227687193856
2010-07-13,3.560501734212338
2010-07-14,3.511564614224351
2010-07-15,3.534710998351748
2010-07-16,3.4475555252810963
2010-07-19,3.436747402828111
2010-07-20,3.4599332430470704
2010-07-21,3.514993700799541
2010-07-22,3.528060241076593
2010-07-23,3.550570648512743
2010-07-26,3.567052307162651
2010-07-27,3.557708302700116
2010-07-28,3.5512793726456073
2010-07-29,3.5982525599076913
2010-07-30,3.6050970268903026
2010-08-02,3.5818434012656684
2010-08-03,3.6213104901995896
2010-08-04,3.556765847428217
2010-08-05,3.5558263521469717
2010-08-06,3.4917857990122148
2010-08-09,3.5225199910384095
2010-08-10,3.498398800002432
2010-08-11,3.444791316858284
2010-08-12,3.4551932872440005
2010-08-13,3.4275976255445175
2010-08-16,3.4422263888110645
2010-08-17,3.4789335670020525
2010-08-18,3.4673492437540077
2010-08-19,3.481979065630474
2010-08-23,3.4882226932309455
2010-08-24,3.440128486208377
2010-08-25,3.434639683069632
2010-08-26,3.3807855843931347
2010-08-27,3.4028346595928496
2010-08-30,3.3791640489098507
2010-08-31,3.3921878129453766
2010-09-01,3.331917295391952
2010-09-02,3.3537461953875685
2010-09-03,3.366717330855259
2010-09-06,3.3496278716125647
2010-09-07,3.3922438980188816
2010-09-08,3.395480069271338
2010-09-09,3.3708288169710947
2010-09-10,3.3439133563346464
2010-09-13,3.340409676131154
2010-09-14,3.348733944229452
2010-09-15,3.3308001463359456
2010-09-16,3.303568889819299
2010-09-17,3.2340271265607847
2010-09-20,3.2343756317002375
2010-09-21,3.2191253494926846
2010-09-27,3.241171730339835
2010-09-28,3.2690640105813555
2010-09-29,3.277944612683317
2010-09-30,3.328568919040417
2010-10-08,3.33546802795198
2010-10-11,3.378411451366876
2010-10-12,3.4154316322124845
2010-10-13,3.4166416029095275
2010-10-14,3.4496496970353934
2010-10-15,3.494853035840128
2010-10-18,3.6409862195353924
2010-10-19,3.6107187008375
2010-10-20,3.6252668123195555
2010-10-21,3.6076321849001936
2010-10-22,3.548904640703304
2010-10-25,3.506756725116438
2010-10-26,3.5603069631397783
2010-10-27,3.5062343820710624
2010-10-28,3.5268538078060714
2010-10-29,3.5480110484978953
2010-11-01,3.546586422406514
2010-11-02,3.6100972807664347
2010-11-11,3.5953600254592626
2010-11-12,3.504844539990372
2010-11-15,3.391090380104733
2010-11-16,3.4430237895346947
2010-11-17,3.316844104371257
2010-11-18,3.333862364585429
2010-11-19,3.329428441597209
2010-11-22,3.3184548355598547
2010-11-23,3.2855025122576706
2010-11-24,3.282755303056816
2010-11-25,3.2883915891244584
2010-11-26,3.318669663862601
2010-11-29,3.319023254589475
2010-11-30,3.3110811930175603
2010-12-01,3.2716981729882875
2010-12-02,3.2816760233728077
2010-12-03,3.316904398412905
2010-12-06,3.2982828743285664
2010-12-07,3.303598880047523
2010-12-08,3.2990519997499472
2010-12-09,3.2700111367488667
2010-12-10,3.272820413468834
2010-12-13,3.2692082165462515
2010-12-14,3.3088031481012146
2010-12-15,3.317402802394575
2010-12-16,3.3009483465567975
2010-12-17,3.282293541917597
2010-12-20,3.270237616026853
2010-12-21,3.250709139155448
2010-12-22,3.271213055393727
2010-12-23,3.249165962243403
2010-12-24,3.2523987952221107
2010-12-27,3.240248920364572
2010-12-28,3.2306450815438645
2010-12-29,3.2116845098064832
2010-12-30,3.220975884877408
2010-12-31,3.2190100369182044
2011-01-04,3.2302770219377086
2011-01-05,3.258736885684973
2011-01-06,3.2286926740111985
2011-01-07,3.2233750264062633
2011-01-10,3.2679487806683856
2011-01-11,3.2265552801740665
2011-01-12,3.2545499209568858
2011-01-13,3.266825041876871
2011-01-14,3.277510414543174
2011-01-17,3.2517238470015
2011-01-18,3.203595869876163
2011-01-19,3.2121368552630702
2011-01-20,3.2077701006714023
2011-01-21,3.1725643589852077
2011-01-24,3.213021188245658
2011-01-25,3.1959511773773497
2011-01-26,3.230991307353336
2011-01-27,3.2380099211721376
2011-01-31,3.248684602600107
2011-02-01,3.239973589005148
2011-02-09,3.240199455183749
2011-02-10,3.2200908149131804
2011-02-11,3.240647899447908
2011-02-14,3.238206212145098
2011-02-15,3.288963166886158
2011-02-16,3.276953720352565
2011-02-17,3.291229046931667
2011-02-18,3.2887753928348227
2011-02-21,3.279315314468478
2011-02-22,3.271317310733445
2011-02-23,3.2412232628936373
2011-02-24,3.232397742421676
2011-02-25,3.2302753313594237
2011-02-28,3.2397883799454155
2011-03-01,3.2400644726341676
2011-03-02,3.250198594650631
2011-03-03,3.268538928812193
2011-03-04,3.297485545896664
2011-03-07,3.3078661853962403
2011-03-08,3.3290282085823373
2011-03-09,3.337761861340683
2011-03-10,3.406633798291077
2011-03-11,3.3368702950352516
2011-03-14,3.3176198485307684
2011-03-15,3.271223045947855
2011-03-16,3.2610267494961853
2011-03-17,3.2713409478616273
2011-03-18,3.240904055368919
2011-03-21,3.2339787582177704
2011-03-22,3.2398682808649957
2011-03-23,3.258168565528366
2011-03-24,3.278906542907815
2011-03-25,3.288894086565873
2011-03-28,3.3474497879350196
2011-03-29,3.3450712536733014
2011-03-30,3.3413463963911774
2011-03-31,3.3596087928135687
2011-04-01,3.327612979304607
2011-04-06,3.3715464098386727
2011-04-07,3.4050201419515673
2011-04-08,3.407588327603879
2011-04-11,3.4020173500250563
2011-04-12,3.3802118428098518
2011-04-13,3.389883511073607
2011-04-14,3.427432254048737
2011-04-15,3.4372185774194377
2011-04-18,3.4601212201639884
2011-04-19,3.4583145609445602
2011-04-20,3.4014072210761337
2011-04-21,3.4042459494502633
2011-04-22,3.397889853012372
2011-04-25,3.390563905068583
2011-04-26,3.3633302209920117
2011-04-27,3.3523585287781374
2011-04-28,3.369354794904657
2011-04-29,3.3782591576862795
2011-05-03,3.37092095147735
2011-05-04,3.4002275320784205
2011-05-05,3.367862314691762
2011-05-06,3.4115470476165233
2011-05-09,3.386952667552131
2011-05-10,3.38224132754857
2011-05-11,3.3808697710397766
2011-05-12,3.378761339308899
2011-05-13,3.3612230401383703
2011-05-16,3.3811352658845
2011-05-17,3.358600168519733
2011-05-18,3.362135505182045
2011-05-19,3.3889344275351703
2011-05-20,3.3775866370255936
2011-05-23,3.382082974663447
2011-05-24,3.3312615472882197
2011-05-25,3.3137296455858816
2011-05-26,3.281458742831671
2011-05-30,3.3013047995558638
2011-05-31,3.3377593789451194
2011-06-01,3.3381136321283083
2011-06-02,3.332095777312134
2011-06-03,3.2913956693046833
2011-06-07,3.311084110125392
2011-06-08,3.326797033698038
2011-06-09,3.3390901547835665
2011-06-10,3.3407379773794488
2011-06-13,3.1655741381830147
2011-06-14,3.15385445302325
2011-06-15,3.1365152314965794
2011-06-16,3.120835236362566
2011-06-17,3.1070041166820923
2011-06-20,3.0918565699107843
2011-06-21,3.051629675610214
2011-06-22,3.053399524067563
2011-06-23,3.0978669664152534
2011-06-24,3.1642967265149293
2011-06-27,3.244391535684066
2011-06-28,3.216520407093229
2011-06-29,3.193800179848985
2011-06-30,3.150659803335588
2011-07-01,3.1406066048819654
2011-07-04,3.140616410908716
2011-07-05,3.169696927254384
2011-07-06,3.159127163622448
2011-07-07,3.123134177452783
2011-07-08,3.113005498977089
2011-07-11,3.1283009969665447
2011-07-12,3.1286269945371687
2011-07-13,3.0929347222690344
2011-07-14,3.1319288144418573
2011-07-15,3.1253592641299335
2011-07-18,3.12154118905317
2011-07-19,3.111989539923025
2011-07-20,3.09977614635874
2011-07-21,3.0908685201625405
2011-07-22,3.0811318102026064
2011-07-25,3.090474563787905
2011-07-26,3.0505884575655218
2011-07-27,3.063296252812441
2011-07-28,3.0487323772026445
2011-07-29,3.031579349896274
2011-08-01,3.0806361249211904
2011-08-02,3.046410881941853
2011-08-03,3.034612436220127
2011-08-04,3.0213965738751747
2011-08-05,3.0287093230166735
2011-08-08,2.991154251289192
2011-08-09,2.9358599053039587
2011-08-10,2.943427408694918
2011-08-11,2.9472167632896746
2011-08-12,2.970130512295142
2011-08-15,2.9799466089482842
2011-08-16,2.9988034944079596
2011-08-17,2.9887216114389883
2011-08-18,2.9907266730417303
2011-08-19,2.960380224476992
2011-08-22,2.9424637133668115
2011-08-23,2.9313293520528028
2011-08-24,2.9593685268023004
2011-08-25,2.948639159408005
2011-08-26,3.019821825855533
2011-08-29,2.99518668979926
2011-08-30,2.973611930129942
2011-08-31,2.9910975258734647
2011-09-01,2.995585768086385
2011-09-02,3.0004074655170117
2011-09-05,2.9719612402730866
2011-09-06,2.9330425324944347
2011-09-07,2.9223319942318073
2011-09-08,2.9488406711664683
2011-09-09,2.9387175866950823
2011-09-13,2.9523201451797667
2011-09-14,2.9394457333693156
2011-09-15,2.9306065056781767
2011-09-16,2.9307247597081783
2011-09-19,2.9488547493708563
2011-09-20,2.91008777425387
2011-09-21,2.9138495901941686
2011-09-22,2.937879991819207
2011-09-23,2.888979557142073
2011-09-26,2.895667999261849
2011-09-27,2.8498772128092047
2011-09-28,2.881478772993717
2011-09-29,2.8586241519546602
2011-09-30,2.852806483494389
2011-10-10,2.851172274723381
2011-10-11,2.8683673829342644
2011-10-12,2.9270648322204322
2011-10-13,2.96488898606909
2011-10-14,2.987789448687448
2011-10-17,2.9984360038638154
2011-10-18,3.0076980264843662
2011-10-19,3.0180391060336587
2011-10-20,2.9899193925867302
2011-10-21,2.953569750352417
2011-10-24,2.961635534173568
2011-10-25,2.996719535659917
2011-10-26,3.007823584786646
2011-10-27,3.01130504665882
2011-10-28,3.0098437832036957
2011-10-31,3.018579002988849
2011-11-01,2.9996293452450677
2011-11-02,3.0017931500770514
2011-11-03,3.018775684305928
2011-11-04,3.0182859149878767
2011-11-07,3.0403971893012627
2011-11-08,3.019049596868488
2011-11-09,3.011859121022187
2011-11-10,3.0101583282066575
2011-11-11,2.9899451658037317
2011-11-14,2.9920950159828053
2011-11-15,3.018749564782182
2011-11-16,2.9984418403130753
2011-11-17,2.954490701829767
2011-11-18,2.9628489358740397
2011-11-21,2.928190176569784
2011-11-22,2.9139376559191446
2011-11-23,2.9120146753621756
2011-11-24,2.889983741669419
2011-11-25,2.902068896459059
2011-11-28,2.8895627365220813
2011-11-29,2.900778343027211
2011-11-30,2.9284729578670574
2011-12-01,2.879389134069438
2011-12-02,2.9525385530466615
2011-12-05,2.942947152032764
2011-12-06,2.96092506961556
2011-12-07,2.9312632131880396
2011-12-08,2.911371977340862
2011-12-09,2.920369601954498
2011-12-12,2.918561884125151
2011-12-13,2.9017894716398906
2011-12-14,2.892345211903078
2011-12-15,2.8706307118683707
2011-12-16,2.861672344935647
2011-12-19,2.9285021867659524
2011-12-20,2.915054134809603
2011-12-21,2.913506522786001
2011-12-22,2.910489477846946
2011-12-23,2.8885895019598653
2011-12-26,2.901503102735389
2011-12-27,2.879628069689366
2011-12-28,2.881871577364129
2011-12-29,2.88963088759341
2011-12-30,2.908393279702744
2012-01-04,2.918932662431561
2012-01-05,2.910052654070076
2012-01-09,2.9590437055835888
2012-01-10,2.974689976395875
2012-01-11,2.9892377172265685
2012-01-12,2.9801590895359866
2012-01-13,2.979633661460079
2012-01-16,2.979170278458414
2012-01-17,2.970104546810824
2012-01-18,3.0097134083402315
2012-01-19,2.977663497285864
2012-01-20,3.012402888681855
2012-01-30,3.026363572208758
2012-01-31,2.989641534794369
2012-02-01,3.003929906136333
2012-02-02,2.9779686266061947
2012-02-03,3.0394516853269735
2012-02-06,3.055241177688784
2012-02-07,3.0308553515174244
2012-02-08,3.004098856865485
2012-02-09,3.0385293895780827
2012-02-10,3.0454122096711154
2012-02-13,3.04152723440026
2012-02-14,3.0319901777008753
2012-02-15,3.0197369327152015
2012-02-16,3.020276606915125
2012-02-17,3.010367199073038
2012-02-20,3.0207384916058215
2012-02-21,3.028906127885231
2012-02-22,3.0778954142951354
2012-02-23,3.057322194981305
2012-02-24,3.052874980872462
2012-02-27,3.0691201508212753
2012-02-28,3.057297450217049
2012-02-29,3.0715296372817193
2012-03-01,3.069156323805504
2012-03-02,3.060105184588674
2012-03-05,3.070660064318744
2012-03-06,3.039694040634502
2012-03-07,3.023254221264859
2012-03-08,3.011290138409264
2012-03-09,3.019762483176936
2012-03-12,3.0101683816671403
2012-03-13,3.0115943326711534
2012-03-14,3.0293029021639097
2012-03-15,3.0379180781369874
2012-03-16,3.03035515775368
2012-03-19,3.021278734867757
2012-03-20,3.010263512795332
2012-03-21,2.990933853329826
2012-03-22,2.981896421332174
2012-03-23,2.9805392591773394
2012-03-26,2.9510636591312784
2012-03-27,2.9431882503197233
2012-03-28,2.9499074945085346
2012-03-29,2.9297463483978334
2012-03-30,2.922950857048137
2012-04-05,2.97848909264616
2012-04-06,2.9943062962369886
2012-04-09,3.0199628919573303
2012-04-10,3.0093552647628803
2012-04-11,3.019305676030579
2012-04-12,3.028037830477957
2012-04-13,3.048354703837055
2012-04-16,3.058630158747957
2012-04-17,3.040117987237361
2012-04-18,3.051122809542558
2012-04-19,3.0771558698888795
2012-04-20,3.048771101298276
2012-04-23,3.0632443600716934
2012-04-24,3.058062674446002
2012-04-25,3.0692630754209853
2012-04-26,3.0506432917617907
2012-04-27,3.051529860036986
2012-05-02,3.049432930720629
2012-05-03,3.069157890832311
2012-05-04,3.059325981028346
2012-05-07,3.0612924667654
2012-05-08,3.079000398480306
2012-05-09,3.0683120345116226
2012-05-10,3.052213003220166
2012-05-11,3.070529620739441
2012-05-14,3.0577841788757905
2012-05-15,3.0326200537145938
2012-05-16,3.0228066815711907
2012-05-17,3.0001427076539278
2012-05-18,3.0113176022045502
2012-05-21,2.9901938634130363
2012-05-22,3.0018062441968443
2012-05-23,2.989523522878543
2012-05-24,2.990843676194496
2012-05-25,2.999894815411326
2012-05-28,2.9990113124739057
2012-05-29,3.019869971443281
2012-05-31,3.0281029408899753
2012-06-01,3.029499954466199
2012-06-04,3.0301855005308385
2012-06-05,3.0004200758983814
2012-06-06,3.011701920141287
2012-06-07,3.0181149822093336
2012-06-08,3.0099455808263147
2012-06-11,3.002107818631492
2012-06-12,3.0195409332133467
2012-06-13,3.008311396733772
2012-06-14,2.86652431855926
2012-06-15,2.8423759715006387
2012-06-18,2.8471903032686683
2012-06-19,2.8485304889802627
2012-06-20,2.8545948471674305
2012-06-21,2.850711442833119
2012-06-25,2.8398020431272193
2012-06-26,2.8310932343369184
2012-06-27,2.8305006833116515
2012-06-28,2.820103909032973
2012-06-29,2.8113957380205226
2012-07-02,2.8204353501443666
2012-07-03,2.8093392979034055
2012-07-04,2.811331042631088
2012-07-05,2.81963152537126
2012-07-06,2.8190113124739056
2012-07-09,2.810855841065332
2012-07-10,2.810725397486029
2012-07-11,2.790130028556719
2012-07-12,2.7818970591100243
2012-07-13,2.7611572919485012
2012-07-16,2.7710150985209463
2012-07-17,2.7499305733729704
2012-07-18,2.7521348674041946
2012-07-19,2.769302264386059
2012-07-20,2.7586145381952267
2012-07-23,2.742476293260232
2012-07-24,2.7025013599835437
2012-07-25,2.6827004688605474
2012-07-26,2.6904866051072633
2012-07-27,2.689390967888886
2012-07-30,2.7204096456432043
2012-07-31,2.7181935330478892
2012-08-01,2.7301998702063326
2012-08-02,2.758131878317765
2012-08-03,2.747508847516367
2012-08-06,2.7611885577324267
2012-08-07,2.748919153289185
2012-08-08,2.7406065056781768
2012-08-09,2.779410266878777
2012-08-10,2.757110797681987
2012-08-13,2.772558814007054
2012-08-14,2.7688139687005107
2012-08-15,2.778960571737381
2012-08-16,2.760380001721725
2012-08-17,2.771201236829636
2012-08-20,2.768668319591061
2012-08-21,2.7797504418575776
2012-08-22,2.760380001721725
2012-08-23,2.790543990414935
2012-08-24,2.777467720539276
2012-08-27,2.781371531830328
2012-08-28,2.770473634538949
2012-08-29,2.77001395465291
2012-08-30,2.7699993622221495
2012-08-31,2.7990533440214875
2012-09-03,2.7786267030660627
2012-09-04,2.753306875334935
2012-09-05,2.7516483368222544
2012-09-06,2.7001398897498845
2012-09-07,2.704467276658586
2012-09-10,2.7381557382012143
2012-09-11,2.737137623699423
2012-09-12,2.723029407886693
2012-09-13,2.711700990892331
2012-09-14,2.689840841748174
2012-09-17,2.7010150985209465
2012-09-18,2.6702591965803206
2012-09-19,2.6632281017411126
2012-09-20,2.6507888173197616
2012-09-21,2.6310122806169027
2012-09-24,2.6320943782049544
2012-09-25,2.620103271255122
2012-09-26,2.611434951664061
2012-09-27,2.5820131330138336
2012-09-28,2.6594401335555227
2012-10-08,2.6920793383639126
2012-10-09,2.7091052857883895
2012-10-10,2.7397813914919324
2012-10-11,2.7260355427418848
2012-10-12,2.7401353975721654
2012-10-15,2.7385905300818347
2012-10-16,2.749184648133908
2012-10-17,2.7397880884743095
2012-10-18,2.750436625700068
2012-10-19,2.7586036242016267
2012-10-22,2.7399324867065227
2012-10-23,2.7420172264735783
2012-10-24,2.7391696406805637
2012-10-25,2.7494865140396616
2012-10-26,2.7400905921579137
2012-10-29,2.712014408569535
2012-10-30,2.721662068719898
2012-10-31,2.727890905812807
2012-11-01,2.7298802476590303
2012-11-02,2.769700091465172
2012-11-05,2.7859818053834244
2012-11-06,2.7699204453871644
2012-11-07,2.8009143536987615
2012-11-08,2.805718100320775
2012-11-09,2.8192503963237767
2012-11-12,2.8295796326305127
2012-11-13,2.828670232924613
2012-11-14,2.829961424134312
2012-11-15,2.829697496316396
2012-11-16,2.8103939563746354
2012-11-19,2.7535009615032378
2012-11-20,2.7637311879342232
2012-11-21,2.777073002835312
2012-11-22,2.750482437122195
2012-11-23,2.764033592414039
2012-11-26,2.758101888089541
2012-11-27,2.7405122350831026
2012-11-28,2.751951255528443
2012-11-29,2.7484442431945344
2012-11-30,2.760013731897643
2012-12-03,2.7597227553070245
2012-12-04,2.7406578841925517
2012-12-05,2.741490008615597
2012-12-06,2.768222984702051
2012-12-07,2.7677845938983743
2012-12-10,2.790661117119179
2012-12-11,2.8270386439808464
2012-12-12,2.8363509177900146
2012-12-13,2.8402126728550194
2012-12-14,2.8299091163709806
2012-12-17,2.9167146284596135
2012-12-18,2.8835771515979602
2012-12-19,2.9043797741861366
2012-12-20,2.8886825958722513
2012-12-21,2.8694338159322115
2012-12-24,2.8526731973325776
2012-12-25,2.860448667019426
2012-12-26,2.9170775113176406
2012-12-27,2.8872671380297694
2012-12-28,2.875022013147493
2012-12-31,2.8895816204893885
2013-01-04,2.9154949531732046
2013-01-07,2.9577878268250015
2013-01-08,2.9485101149358814
2013-01-09,2.9415047245978356
2013-01-10,2.9298825818246508
2013-01-11,2.939158113587578
2013-01-14,2.929602587943471
2013-01-15,2.979687926594336
2013-01-16,2.9664657161381225
2013-01-17,2.9525174202373226
2013-01-18,2.9513325162635913
2013-01-21,2.9675376613926785
2013-01-22,2.9591411182753578
2013-01-23,2.9811618004308302
2013-01-24,2.9684570458432216
2013-01-25,2.9901478539141073
2013-01-28,2.9593775822979875
2013-01-29,3.020362583343841
2013-01-30,3.0244767893144826
2013-01-31,3.1077810309696114
2013-02-01,3.114373003832988
2013-02-04,3.168084741493078
2013-02-05,3.2142207569449504
2013-02-06,3.1573227887217823
2013-02-07,3.1557765708165784
2013-02-08,3.0799688882555025
2013-02-18,3.0936785585426123
2013-02-19,3.0793354712363015
2013-02-20,3.0525521941143716
2013-02-21,3.044162345415057
2013-02-22,2.9720491137307454
2013-02-25,2.97546928105974
2013-02-26,2.978652965830972
2013-02-27,2.9604304208299697
2013-02-28,2.982978933942809
2013-03-01,3.0069178388394424
2013-03-04,2.988706405908842
2013-03-05,2.9153981441647403
2013-03-06,2.97297307314586
2013-03-07,2.9625894678461457
2013-03-08,2.9434097257579888
2013-03-11,2.9538362486406444
2013-03-12,2.946863865176291
2013-03-13,2.9503815687485324
2013-03-14,2.9217365260987087
2013-03-15,2.941373296933937
2013-03-18,2.966693124665065
2013-03-19,2.9199947792144973
2013-03-20,2.925326281934706
2013-03-21,2.9760644006555697
2013-03-22,2.974818531320091
2013-03-25,2.9829000171078244
2013-03-26,2.9894360949314174
2013-03-27,2.9876556486300396
2013-03-28,2.9805925510252664
2013-03-29,2.903354383144832
2013-04-01,2.9249324247638593
2013-04-02,2.906727192048425
2013-04-03,2.931212219539075
2013-04-08,2.939906119749044
2013-04-09,2.910261747691724
2013-04-10,2.9127426239596073
2013-04-11,2.9086424228225822
2013-04-12,2.909854350890551
2013-04-15,2.920461246912846
2013-04-16,2.909564012077783
2013-04-17,2.891685785362185
2013-04-18,2.8815547040050307
2013-04-19,2.8800126790972085
2013-04-22,2.9187632966798254
2013-04-23,2.9078359724127494
2013-04-24,2.8733981052706996
2013-04-25,2.9016517925041487
2013-04-26,2.8956365088229092
2013-05-02,2.87219779769002
2013-05-03,2.863557975825699
2013-05-06,2.888197087933572
2013-05-07,2.8972312565166463
2013-05-08,2.900856256087916
2013-05-09,2.910080953720015
2013-05-10,2.8987349283140476
2013-05-13,2.910436625700068
2013-05-14,2.899260870616328
2013-05-15,2.8814617089656576
2013-05-16,2.8911607476303955
2013-05-17,2.9078262104233725
2013-05-20,2.928419176471223
2013-05-21,2.9585001301912377
2013-05-22,2.9578923049199863
2013-05-23,2.96018677608654
2013-05-24,2.930341648611304
2013-05-27,2.9411753400611564
2013-05-28,2.9481149822093338
2013-05-29,2.9786310879969133
2013-05-30,2.9690493741132213
2013-05-31,2.961582514107062
2013-06-03,2.9504483755483206
2013-06-04,2.9594214036276436
2013-06-05,2.949602587943471
2013-06-06,2.951331042631088
2013-06-07,2.9306173949933116
2013-06-13,2.9119623922773097
2013-06-14,2.8822505262854197
2013-06-17,2.9011871586252473
2013-06-18,2.9176267552396236
2013-06-19,2.735886695327101
2013-06-20,2.716752779552789
2013-06-21,2.63864593672519
2013-06-24,2.6246716088854636
2013-06-25,2.547694792702302
2013-06-26,2.575628315760087
2013-06-27,2.5769242883880876
2013-06-28,2.648567099101169
2013-07-01,2.7049285900567472
2013-07-02,2.7161021209769216
2013-07-03,2.7009384166477934
2013-07-04,2.661029330764763
2013-07-05,2.651240258205857
2013-07-08,2.6398526603122656
2013-07-09,2.6121699875879885
2013-07-10,2.6421364097525366
2013-07-11,2.646888263633802
2013-07-12,2.71810774084341
2013-07-15,2.676898371929924
2013-07-16,2.6937482322725983
2013-07-17,2.687641892053931
2013-07-18,2.6789063753189635
2013-07-19,2.662435804060992
2013-07-22,2.641659250815855
2013-07-23,2.6507119570594915
2013-07-24,2.668392004147042
2013-07-25,2.6693397129259893
2013-07-26,2.680686598865074
2013-07-29,2.6595509179579904
2013-07-30,2.622581062826322
2013-07-31,2.6611768824094986
2013-08-01,2.655700981457077
2013-08-02,2.6907532763038993
2013-08-05,2.6789310954047543
2013-08-06,2.6901746112157037
2013-08-07,2.6888538201219
2013-08-08,2.670170517755959
2013-08-09,2.6620819218630127
2013-08-12,2.65997346545367
2013-08-13,2.68882862984711
2013-08-14,2.678600583542317
2013-08-15,2.691491061416031
2013-08-16,2.6791824433292506
2013-08-19,2.6996206360561255
2013-08-20,2.6984309263194755
2013-08-21,2.6616182720687074
2013-08-22,2.653571930478609
2013-08-23,2.629839566192473
2013-08-26,2.621750772222725
2013-08-27,2.6406718828828355
2013-08-28,2.6385485672500915
2013-08-29,2.6314222725668523
2013-08-30,2.6309494738825556
2013-09-02,2.648552245687252
2013-09-03,2.6485099913844032
2013-09-04,2.670133899261197
2013-09-05,2.668392350453787
2013-09-06,2.6700012755557014
2013-09-09,2.6795929495055724
2013-09-10,2.843122214265345
2013-09-11,2.8275941618226152
2013-09-12,2.8161980400126545
2013-09-13,2.8691282443464607
2013-09-16,2.8214983255606727
2013-09-17,2.8350229423964493
2013-09-18,2.7811419930240517
2013-09-23,2.7727287931889513
2013-09-24,2.7801695089928984
2013-09-25,2.76949615247756
2013-09-26,2.791726956376649
2013-09-27,2.769088172734176
2013-09-30,2.7815043782910904
2013-10-08,2.778892395987588
2013-10-09,2.789487151817512
2013-10-10,2.8187368856849733
2013-10-11,2.798364050803848
2013-10-14,2.8409672992399435
2013-10-15,2.8263613920825654
2013-10-16,2.792423372397515
2013-10-17,2.80283561899898
2013-10-18,2.8068371078746943
2013-10-21,2.800248084509919
2013-10-22,2.850399369427455
2013-10-23,2.816596382472692
2013-10-24,2.823389396081757
2013-10-25,2.7902613079906744
2013-10-28,2.781423647326342
2013-10-29,2.7807626977960154
2013-10-30,2.808867843490649
2013-10-31,2.8182066271676813
2013-11-01,2.820290462364246
2013-11-04,2.8298176636799495
2013-11-05,2.828406305106697
2013-11-06,2.8106578841925516
2013-11-07,2.7824758782376477
2013-11-08,2.8008454412981045
2013-11-11,2.788086044781544
2013-11-12,2.8016080645687964
2013-11-13,2.809354280678285
2013-11-14,2.7799978198738073
2013-11-15,2.792453214395796
2013-11-18,2.7978124785257292
2013-11-19,2.8283677979568482
2013-11-20,2.819049374113221
2013-11-21,2.8309252676923617
2013-11-22,2.838261906874484
2013-11-25,2.8290772834190414
2013-11-26,2.8119098617587115
2013-11-27,2.8012914139649654
2013-11-28,2.8096840558898584
2013-11-29,2.809313178379659
2013-12-02,2.810829721541586
2013-12-03,2.8682523371524247
2013-12-04,2.82646353601193
2013-12-05,2.844313388218417
2013-12-06,2.828273018944886
2013-12-09,2.829605653281246
2013-12-10,2.821078641906157
2013-12-11,2.820540534733041
2013-12-12,2.7909852318442003
2013-12-13,2.792333047032242
2013-12-16,2.760457376208368
2013-12-17,2.723725967148721
2013-12-18,2.7037137775994196
2013-12-19,2.700591151918087
2013-12-20,2.68107611547322
2013-12-23,2.624632548950577
2013-12-24,2.6632718983923036
2013-12-25,2.6457650390686602
2013-12-26,2.6622535611352456
2013-12-27,2.631380216340805
2013-12-30,2.660557945067845
2013-12-31,2.608781575590827
2014-01-02,2.6241405667847877
2014-01-03,2.608916602177782
2014-01-06,2.562077853081733
2014-01-07,2.535822234008762
2014-01-08,2.521078741109946
2014-01-09,2.510760809140929
2014-01-10,2.5022633976499455
2014-01-13,2.4916583902827374
2014-01-14,2.519817317373205
2014-01-15,2.5080733656843353
2014-01-16,2.51185889826692
2014-01-17,2.5002103444988837
2014-01-20,2.4806712010676106
2014-01-21,2.471857207688635
2014-01-22,2.4702759691372744
2014-01-23,2.5087632966798252
2014-01-24,2.47849321882745
2014-01-27,2.493284211493083
2014-01-28,2.478615374049879
2014-01-29,2.489764396510488
2014-01-30,2.528407624699772
2014-02-07,2.507638653317819
2014-02-10,2.493466256342028
2014-02-11,2.509923975594382
2014-02-12,2.545653696402446
2014-02-13,2.53840304169212
2014-02-14,2.551939851986935
2014-02-17,2.5386166496055806
2014-02-18,2.54968596922341
2014-02-19,2.539524160656393
2014-02-20,2.6278468536848036
2014-02-21,2.603735894827202
2014-02-24,2.584666365845905
2014-02-25,2.5333194610378396
2014-02-26,2.540411465913228
2014-02-27,2.5095458404136495
2014-02-28,2.5328864531298083
2014-03-03,2.5096134772586054
2014-03-04,2.5022400519928687
2014-03-05,2.500948198326854
2014-03-06,2.489616542596381
2014-03-07,2.501001781645887
2014-03-10,2.4895633742999324
2014-03-11,2.4620536222130736
2014-03-12,2.4622539819673137
2014-03-13,2.4493127633570753
2014-03-14,2.489831049270848
2014-03-17,2.46812474419871
2014-03-18,2.482295523966988
2014-03-19,2.469142591907861
2014-03-20,2.4700538060743
2014-03-21,2.4605520618260264
2014-03-24,2.5282401722815884
2014-03-25,2.5343184611078247
2014-03-26,2.541122097239384
2014-03-27,2.5402527223532103
2014-03-28,2.5574605096613023
2014-03-31,2.577550241286098
2014-04-01,2.5886700101693463
2014-04-02,2.589684817219187
2014-04-03,2.5993302972433576
2014-04-04,2.5793268415614636
2014-04-08,2.6008726136222853
2014-04-09,2.636589215632092
2014-04-10,2.6276131715719235
2014-04-11,2.670953982364884
2014-04-14,2.675665569802177
2014-04-15,2.669605776832724
2014-04-16,2.6227780904501463
2014-04-17,2.6321381308187712
2014-04-18,2.6276916733843247
2014-04-21,2.6307232860756753
2014-04-22,2.6022631061788397
2014-04-23,2.6310446737265862
2014-04-24,2.607571629572249
2014-04-25,2.6027672698508506
2014-04-28,2.6105803614759653
2014-04-29,2.617931395012047
2014-04-30,2.6103937336193686
2014-05-05,2.6015812385513613
2014-05-06,2.6001981796280473
2014-05-07,2.5898406189929073
2014-05-08,2.6007384916058216
2014-05-09,2.608906127885231
2014-05-12,2.609538530331887
2014-05-13,2.6395021345923917
2014-05-14,2.647075039720342
2014-05-15,2.649763882284115
2014-05-16,2.6501462868873
2014-05-19,2.649170916236265
2014-05-20,2.6497367099599343
2014-05-21,2.65
2014-05-22,2.65967137679265
2014-05-23,2.668906765663082
2014-05-26,2.6791706934809985
2014-05-27,2.6891314798374593
2014-05-28,2.679525436212095
2014-05-29,2.6903974120565293
2014-05-30,2.688668957368912
2014-06-03,2.67069709783609
2014-06-04,2.7201101826189102
2014-06-05,2.7153857986762637
2014-06-06,2.7310694431693077
2014-06-09,2.7005517703549207
2014-06-10,2.7205840645915913
2014-06-11,2.736982534228877
2014-06-12,2.7388529842672478
2014-06-13,2.76058205205425
2014-06-16,2.7965512775442547
2014-06-17,2.80661420783008
2014-06-18,2.78119854247707
2014-06-19,2.762531572967034
2014-06-20,2.720959557830988
2014-06-23,2.751399070150938
2014-06-24,2.728175999161607
2014-06-25,2.752347193952469
2014-06-26,2.768221194919977
2014-06-27,2.7682871905435777
2014-06-30,2.548534342197945
2014-07-01,2.5666524254054983
2014-07-02,2.5523098457708797
2014-07-03,2.5797439840750385
2014-07-04,2.5944225396293974
2014-07-07,2.5894607408226604
2014-07-08,2.580250833698124
2014-07-09,2.5801988174058983
2014-07-10,2.5601300285567192
2014-07-11,2.542225682317375
2014-07-14,2.550936033456018
2014-07-15,2.5584573373143273
2014-07-16,2.5697757008482065
2014-07-17,2.5699866831249407
2014-07-18,2.569961424134312
2014-07-21,2.5696974963163957
2014-07-22,2.569736709959934
2014-07-23,2.57
2014-07-24,2.5603286232073503
2014-07-25,2.5897787415075166
2014-07-28,2.60678499237868
2014-07-29,2.6963441659719987
2014-07-30,2.7131347581644714
2014-07-31,2.6812923235242376
2014-08-01,2.7117209276600724
2014-08-04,2.7042024176919655
2014-08-05,2.7297648115330717
2014-08-06,2.719734920177861
2014-08-07,2.710831219852554
2014-08-08,2.6814081256466253
2014-08-11,2.6912139159268444
2014-08-12,2.7080888626855875
2014-08-13,2.699444259736813
2014-08-14,2.7020431232420576
2014-08-15,2.6897229780622913
2014-08-18,2.699948621485625
2014-08-19,2.6992347510925816
2014-08-20,2.6906317646688054
2014-08-21,2.700660064318744
2014-08-22,2.689036794219801
2014-08-25,2.7104105061763217
2014-08-26,2.6987595495268257
2014-08-27,2.681725636783574
2014-08-28,2.671778780401558
2014-08-29,2.631063881886545
2014-09-01,2.6814931179907457
2014-09-02,2.6563442732188673
2014-09-03,2.6922831363408855
2014-09-04,2.707378156503332
2014-09-05,2.717695915074013
2014-09-09,2.7395149372410788
2014-09-10,2.728195031358857
2014-09-11,2.711383919456431
2014-09-12,2.7012522003214268
2014-09-15,2.7190921426424426
2014-09-16,2.7088771904574416
2014-09-17,2.7215296372817197
2014-09-18,2.699813570220205
2014-09-19,2.7206485372257587
2014-09-22,2.7181669985015593
2014-09-23,2.671986108919596
2014-09-24,2.6839425852335417
2014-09-25,2.69673192328602
2014-09-26,2.6989307737764747
2014-09-29,2.6921337153999714
2014-09-30,2.6807515170097753
2014-10-08,2.69931685681682
2014-10-09,2.6885746867738374
2014-10-10,2.701266347241654
2014-10-13,2.6894849470128546
2014-10-14,2.6711984189255924
2014-10-15,2.6618179940450966
2014-10-16,2.6696840558898582
2014-10-17,2.669313178379659
2014-10-20,2.670829721541586
2014-10-21,2.6798954531891765
2014-10-22,2.669300722037717
2014-10-23,2.6806999157401337
2014-10-24,2.669260870616328
2014-10-27,2.6611330857583075
2014-10-28,2.6123678757449302
2014-10-29,2.6423491818113445
2014-10-30,2.685045915168568
2014-10-31,2.7067708396489683
2014-11-03,2.798031617234003
2014-11-04,2.7733176635465333
2014-11-05,2.7921810719256257
2014-11-06,2.758813899984671
2014-11-07,2.7505952013404578
2014-11-10,2.769802947697711
2014-11-11,2.8551035919473455
2014-11-12,3.134945366220297
2014-11-13,3.0626868528082225
2014-11-14,3.111469435339862
2014-11-17,3.0834451001995893
2014-11-18,3.016231913559725
2014-11-19,2.939810561948592
2014-11-20,2.9248752622114544
2014-11-21,2.918927046313159
2014-11-24,2.95094615563234
2014-11-25,2.940443613822775
2014-11-26,2.9708338150013307
2014-11-27,3.0446956122039612
2014-11-28,3.072938368318498
2014-12-01,3.321747658080316
2014-12-02,3.3589298099092972
2014-12-03,3.5546359608166185
2014-12-04,3.400715775658953
2014-12-05,3.535498069958471
2014-12-08,3.669585482074815
2014-12-09,3.6477682092958643
2014-12-10,3.3508400311964412
2014-12-11,3.4086817458004783
2014-12-12,3.3242508315576815
2014-12-15,3.34749054291231
2014-12-16,3.2987767664080994
2014-12-17,3.398824528344285
2014-12-18,3.5269853637825963
2014-12-19,3.4550237040596263
2014-12-22,3.548067992949966
2014-12-23,3.8668246947126037
2014-12-24,3.697564276120809
2014-12-25,3.5989578221121854
2014-12-26,3.7185742480843063
2014-12-29,3.792737164252105
2014-12-30,3.850391071685208
2014-12-31,3.940748981872206
2015-01-05,4.132667708896912
2015-01-06,4.394695148710592
2015-01-07,4.539154465862961
2015-01-08,4.533885644809586
2015-01-09,4.335537439847399
2015-01-12,4.473270431090874
2015-01-13,4.382445689187427
2015-01-14,4.449082841122843
2015-01-15,4.585144812477893
2015-01-16,4.846973529466193
2015-01-19,4.960621126066296
2015-01-20,4.493769052030584
2015-01-21,4.487072299477448
2015-01-22,4.85683455016872
2015-01-23,4.8062729346182405
2015-01-26,4.868718022570039
2015-01-27,4.779716569959014
2015-01-28,4.628128321342475
2015-01-29,4.563831035895149
2015-01-30,4.407322601739288
2015-02-02,4.4115256892936605
2015-02-03,4.13917696907901
2015-02-04,4.298409677361677
2015-02-05,4.120283480683986
2015-02-06,4.146486852587803
2015-02-09,4.016505187648149
2015-02-10,4.035156941192211
2015-02-11,4.0969526320754
2015-02-12,4.0666320110733745
2015-02-13,4.067551004515174
2015-02-16,4.107528636054166
2015-02-17,4.084844873599104
2015-02-25,4.1033493219051005
2015-02-26,4.050417871093724
2015-02-27,4.139891351686351
2015-03-02,4.103272096802954
2015-03-03,4.114601961927577
2015-03-04,3.9747724688576356
2015-03-05,3.9204243256280775
2015-03-06,3.8052974027276307
2015-03-09,3.8363902769052394
2015-03-10,4.022151838889361
2015-03-11,3.920796883255217
2015-03-12,4.0230742315053005
2015-03-13,4.164083095268369
2015-03-16,4.135225238596807
2015-03-17,4.188113927923571
2015-03-18,4.203155561274815
2015-03-19,4.320196181826344
2015-03-20,4.264260418332618
2015-03-23,4.383232434260733
2015-03-24,4.417102160787845
2015-03-25,4.435827328522336
2015-03-26,4.306304143024385
2015-03-27,4.317547601766099
2015-03-30,4.31385611236839
2015-03-31,4.45518429275492
2015-04-01,4.375835204580149
2015-04-02,4.418523505181713
2015-04-03,4.356425579055112
2015-04-07,4.37091386448163
2015-04-08,4.466618197097255
2015-04-09,4.520052275375634
2015-04-10,4.490643340787946
2015-04-13,4.561686222498862
2015-04-14,4.66678035007127
2015-04-15,4.622892391541114
2015-04-16,4.71513986845952
2015-04-17,4.7872922690048005
2015-04-20,4.917994408418573
2015-04-21,4.73968198766854
2015-04-22,4.794184937152923
2015-04-23,4.846418553555927
2015-04-24,4.79423285018561
2015-04-27,4.67614547041073
2015-04-28,4.812824771487623
2015-04-29,5.034749224962607
2015-04-30,4.959929979145637
2015-05-04,4.860849653217404
2015-05-05,4.832963525841035
2015-05-06,4.588991178263279
2015-05-07,4.533595112677104
2015-05-08,4.435873591229747
2015-05-11,4.493238144734105
2015-05-12,4.557633218337693
2015-05-13,4.577994072054656
2015-05-14,4.5628465573402694
2015-05-15,4.550531465357154
2015-05-18,4.441930153207054
2015-05-19,4.341313497095129
2015-05-20,4.461801208456282
2015-05-21,4.428508735852235
2015-05-22,4.4482878244116915
2015-05-25,4.56758645574333
2015-05-26,4.6534294800083424
2015-05-27,4.675982907210013
2015-05-28,4.652350759305642
2015-05-29,4.387615680848841
2015-06-01,4.348823719037139
2015-06-02,4.490964760929697
2015-06-03,4.468187856618211
2015-06-04,4.493320894463172
2015-06-05,4.702563628855278
2015-06-08,4.678345063833258
2015-06-09,5.161916240276302
2015-06-10,5.248953956802806
2015-06-11,5.151813541512185
2015-06-12,5.026892663325592
2015-06-15,5.091206761891426
2015-06-16,4.951413745814726
2015-06-17,4.851587059441207
2015-06-18,4.955634614514418
2015-06-19,4.7228026960229395
2015-06-23,4.560756880739412
2015-06-24,4.726194176455928
2015-06-25,4.775268066198154
2015-06-26,4.747446132500182
2015-06-29,4.548120918249167
2015-06-30,4.56817117728182
2015-07-01,4.869448078133203
2015-07-02,4.7325635678356255
2015-07-03,5.026281420324829
2015-07-06,4.45241547722771
2015-07-07,4.92631673395601
2015-07-08,5.328405048982372
2015-07-09,5.552885623845413
2015-07-10,5.610067169167083
2015-07-13,5.52330807738393
2015-07-14,5.212446663526119
2015-07-15,5.246657800561206
2015-07-16,5.355435568129348
2015-07-17,5.227521891598488
2015-07-20,5.194718138503894
2015-07-21,5.160145729444258
2015-07-22,5.0786729603294996
2015-07-23,5.051088796470176
2015-07-24,5.0619087294441725
2015-07-27,5.009635181694327
2015-07-28,4.649101768057664
2015-07-29,4.697395823877775
2015-07-30,4.61789627936788
2015-07-31,4.530535579725589
2015-08-03,4.469503540553366
2015-08-04,4.45155276632379
2015-08-05,4.478651145891725
2015-08-06,4.393834461422942
2015-08-07,4.370502183522368
2015-08-10,4.3888149724747905
2015-08-11,4.483191203755697
2015-08-12,4.446947416278679
2015-08-13,4.388670314338465
2015-08-14,4.392785936872375
2015-08-17,4.36556909473322
2015-08-18,4.334435298571486
2015-08-19,4.26663476797081
2015-08-20,4.206083443126424
2015-08-21,4.18408085312098
2015-08-24,4.1522591806387235
2015-08-25,3.8153461021518242
2015-08-26,3.5278150930364536
2015-08-27,3.6695230978753246
2015-08-28,3.863423862316942
2015-08-31,3.8873314912765093
2015-09-01,3.8745515687359933
2015-09-02,4.040672147966542
2015-09-07,4.212381093223303
2015-09-08,3.9598061078150466
2015-09-09,4.005811304646563
2015-09-10,3.9846759824360314
2015-09-11,3.9950941046345374
2015-09-14,3.9401219119220405
2015-09-15,3.934747270539766
2015-09-16,3.908283171609157
2015-09-17,3.9408178481418554
2015-09-18,3.890664457292675
2015-09-21,3.8656791360107157
2015-09-22,3.8517117566559875
2015-09-23,3.8687217793586157
2015-09-24,3.8019413035053446
2015-09-25,3.797037840513892
2015-09-28,3.8277874863277415
2015-09-29,3.7974114127105043
2015-09-30,3.727860774243168
2015-10-08,3.725431541048704
2015-10-09,3.7749813189829227
2015-10-12,3.7958586660763993
2015-10-13,3.8698603025174325
2015-10-14,3.835926165489677
2015-10-15,3.8521545373792954
2015-10-16,3.886328037002381
2015-10-19,3.914494224327752
2015-10-20,3.90984115756697
2015-10-21,3.911136249969096
2015-10-22,4.024621792603002
2015-10-23,3.933031618834683
2015-10-26,3.9599833008138186
2015-10-27,3.9367180979940724
2015-10-28,3.9188792276732474
2015-10-29,3.9139243143656204
2015-10-30,3.8906699255119097
2015-11-02,3.8819356349757124
2015-11-03,3.8517884188394564
2015-11-04,3.8136861157273314
2015-11-05,3.9288889762999877
2015-11-06,3.987849523692752
2015-11-09,4.00843295739502
2015-11-10,4.185750262301336
2015-11-11,4.134381444329542
2015-11-12,4.107570017353516
2015-11-13,4.053441324789163
2015-11-16,4.0189069200332845
2015-11-17,4.051237553055026
2015-11-18,4.0580982783682185
2015-11-19,4.071132640247774
2015-11-20,4.079842922670578
2015-11-23,4.049656102546664
2015-11-24,4.023241127145066
2015-11-25,4.04054229983665
2015-11-26,4.076218852348266
2015-11-27,4.068705545375725
2015-11-30,3.956475243722556
2015-12-01,4.112969999765005
2015-12-02,4.006542750461353
2015-12-03,4.186580227697692
2015-12-04,4.322664962432231
2015-12-07,4.163715943689333
2015-12-08,4.140606542390031
2015-12-09,4.056467963049699
2015-12-10,4.108078902950185
2015-12-11,4.070579869172873
2015-12-14,4.046915685291462
2015-12-15,4.1006500548956355
2015-12-16,4.035432693386775
2015-12-17,4.047342034775781
2015-12-18,4.067985151729416
2015-12-21,4.076033085024786
2015-12-22,4.120292419735172
2015-12-23,4.08807371199108
2015-12-24,4.082849084103983
2015-12-25,4.060209929476299
2015-12-28,4.0603297752115735
2015-12-29,4.021615720957304
2015-12-30,4.042742915430713
2015-12-31,4.028270269756682
2016-01-04,4.012106567754255
2016-01-05,3.8768407522173094
2016-01-06,3.8700179569488737
2016-01-07,3.8864254693838336
2016-01-08,3.7918040419565577
2016-01-11,3.8118345457465304
2016-01-12,3.6516711079109756
2016-01-13,3.6419926074913236
2016-01-14,3.581807107784261
2016-01-15,3.5932914914176712
2016-01-18,3.4855583829497654
2016-01-19,3.470054544955686
2016-01-20,3.5276028903673935
2016-01-21,3.4662596657401568
2016-01-22,3.4407242720600184
2016-01-25,3.451069715771433
2016-01-26,3.4361359412573242
2016-01-27,3.2496015257269555
2016-01-28,3.2366602740613235
2016-01-29,3.157735038708323
2016-02-01,3.2231356348083122
2016-02-02,3.1708161104402355
2016-02-03,3.205182614874648
2016-02-04,3.1687168555229275
2016-02-05,3.191044698405052
2016-02-15,3.179206426764178
2016-02-16,3.1322633536125717
2016-02-17,3.2309843385895376
2016-02-18,3.2302182599708
2016-02-19,3.232662648514703
2016-02-22,3.2222814759197744
2016-02-23,3.2855282068160054
2016-02-24,3.235802833915335
2016-02-25,3.245973054056856
2016-02-26,3.1226126339339184
2016-02-29,3.1565425018699966
2016-03-01,3.16519823658193
2016-03-02,3.198747255295027
2016-03-03,3.2593041225531962
2016-03-04,3.2746785728543673
2016-03-07,3.3954666451494098
2016-03-08,3.3806559933069416
2016-03-09,3.401944954209741
2016-03-10,3.4269884476278696
2016-03-11,3.347478813250769
2016-03-14,3.405489632850065
2016-03-15,3.3936845908381503
2016-03-16,3.381500724532395
2016-03-17,3.4414677351178633
2016-03-18,3.4238966505937847
2016-03-21,3.4324266053241423
2016-03-22,3.4300273704009827
2016-03-23,3.399445343025197
2016-03-24,3.3928857466361193
2016-03-25,3.3512873205052207
2016-03-28,3.3625835344236203
2016-03-29,3.3493373845698535
2016-03-30,3.3417773067690546
2016-03-31,3.3995428905842724
2016-04-01,3.3949243290081506
2016-04-05,3.4115574473837507
2016-04-06,3.4286061506345646
2016-04-07,3.417483588525738
2016-04-08,3.382567745951263
2016-04-11,3.3631100457879124
2016-04-12,3.3890002749288275
2016-04-13,3.387598455589685
2016-04-14,3.4209375012790364
2016-04-15,3.4181151057608115
2016-04-18,3.420001913333552
2016-04-19,3.390868228691435
2016-04-20,3.381832586475857
2016-04-21,3.36063007409052
2016-04-22,3.342040181786536
2016-04-25,3.351501827179688
2016-04-26,3.349049250561743
2016-04-27,3.360540311977774
2016-04-28,3.350051378514375
2016-04-29,3.3701080024927177
2016-05-03,3.3488248826941107
2016-05-04,3.3711757550837405
2016-05-05,3.3681277848580202
2016-05-06,3.370079702842779
2016-05-09,3.331762645622455
2016-05-10,3.2841749804748916
2016-05-11,3.2730959675835245
2016-05-12,3.269601826614142
2016-05-13,3.25164254697474
2016-05-16,3.2528848861030015
2016-05-17,3.2497354344042333
2016-05-18,3.240407050494428
2016-05-19,3.2412911912096987
2016-05-20,3.230064695389434
2016-05-23,3.240475201565756
2016-05-24,3.2585775046778807
2016-05-25,3.2394311656170203
2016-05-26,3.232609777498845
2016-05-27,3.2298950381665925
2016-05-30,3.2389592961816804
2016-05-31,3.268815312972051
2016-06-01,3.355275775603125
2016-06-02,3.334528316058801
2016-06-03,3.3338522648570494
2016-06-06,3.3387653393743397
2016-06-07,3.336680277979004
2016-06-08,3.3505010983342354
2016-06-13,3.3591308420596087
2016-06-14,3.3012077658923853
2016-06-15,3.3241551345370826
2016-06-16,3.3165847071497634
2016-06-17,3.3011570938716996
2016-06-20,3.3127019120051004
2016-06-21,3.3178523299471183
2016-06-22,3.338920497560725
2016-06-23,3.358564825580672
2016-06-24,3.3683675064857423
2016-06-27,3.1663226145334797
2016-06-28,3.195058507756929
2016-06-29,3.1626911230483064
2016-06-30,3.191195416824947
2016-07-01,3.213000267062545
2016-07-04,3.2181826437327543
2016-07-05,3.2489622376372016
2016-07-06,3.2473650870620046
2016-07-07,3.2502259897300787
2016-07-08,3.259290445821968
2016-07-11,3.229431388372287
2016-07-12,3.2519005147919184
2016-07-13,3.2959966646068253
2016-07-14,3.3352446580491426
2016-07-15,3.3196298838191294
2016-07-18,3.3315336620256253
2016-07-19,3.3369056052527672
2016-07-20,3.319181830229865
2016-07-21,3.3029377629283445
2016-07-22,3.300698862939699
2016-07-25,3.2992872816111793
2016-07-26,3.329619137745157
2016-07-27,3.3572468770693766
2016-07-28,3.339155196479746
2016-07-29,3.332531987989618
2016-08-01,3.3390006212355723
2016-08-02,3.347931395012047
2016-08-03,3.3597364872046676
2016-08-04,3.3403806394995756
2016-08-05,3.322147892808148
2016-08-08,3.3303702397323485
2016-08-09,3.3381940472742615
2016-08-10,3.359447077640856
2016-08-11,3.349550695202723
2016-08-12,3.399346847045044
2016-08-15,3.4922850671335985
2016-08-16,3.551214422113209
2016-08-17,3.4517336885049814
2016-08-18,3.4486143259043773
2016-08-19,3.415650469285304
2016-08-22,3.429788281072402
2016-08-23,3.450985690904158
2016-08-24,3.4587477996785734
2016-08-25,3.4602506109428566
2016-08-26,3.459922210490773
2016-08-29,3.449762829483681
2016-08-30,3.431158567504203
2016-08-31,3.4506080480265187
2016-09-01,3.4673248893338706
2016-09-02,3.4790117274964896
2016-09-05,3.4705400205066685
2016-09-06,3.4607521547876257
2016-09-07,3.459934889587982
2016-09-08,3.4498406189929076
2016-09-09,3.451067114813172
2016-09-12,3.4403279854294997
2016-09-13,3.3827755640172086
2016-09-14,3.3845870289995554
2016-09-19,3.3397701395654433
2016-09-20,3.3532283932122184
2016-09-21,3.340088041046511
2016-09-22,3.379870900692237
2016-09-23,3.387362950973186
2016-09-26,3.3997384005382196
2016-09-27,3.37059162177631
2016-09-28,3.381136764195468
2016-09-29,3.3587983481477806
2016-09-30,3.371318877760252
2016-10-10,3.3694581897112577
2016-10-11,3.399093195442877
2016-10-12,3.398193533047889
2016-10-13,3.3908571166210333
2016-10-14,3.3809755934063017
2016-10-17,3.3797108131914553
2016-10-18,3.3604325322403232
2016-10-19,3.3908458563206887
2016-10-20,3.37777022422288
2016-10-21,3.3913061986630435
2016-10-24,3.39905177699468
2016-10-25,3.42776279058964
2016-10-26,3.4378655476183893
2016-10-27,3.4107105382626277
2016-10-28,3.3928340766506384
2016-10-31,3.4092511086269512
2016-11-01,3.388454519410284
2016-11-02,3.402596752094891
2016-11-03,3.3798129324423543
2016-11-04,3.381344997283998
2016-11-07,3.3702881340081103
2016-11-08,3.36090837158393
2016-11-09,3.3803700169770816
2016-11-10,3.358903309981188
2016-11-11,3.381702335163871
2016-11-14,3.37812778485802
2016-11-15,3.399422456428078
2016-11-16,3.3892475537412685
2016-11-17,3.3907658866852692
2016-11-18,3.3896576448950064
2016-11-21,3.379841256770758
2016-11-22,3.410042031547582
2016-11-23,3.42678499237868
2016-11-24,3.448644528423451
2016-11-25,3.4491442824861465
2016-11-28,3.488345065399157
2016-11-29,3.534693432077769
2016-11-30,3.5560488291289944
2016-12-01,3.5112766782930422
2016-12-02,3.522773059698365
2016-12-05,3.5068494955007967
2016-12-06,3.5106980270850463
2016-12-07,3.501341931946223
2016-12-08,3.500540534733041
2016-12-09,3.5193421158074485
2016-12-12,3.5862096289329504
2016-12-13,3.633795751732172
2016-12-14,3.5799177510345994
2016-12-15,3.5947776070747346
2016-12-16,3.4792275787456375
2016-12-19,3.468250728318767
2016-12-20,3.4601665428589117
2016-12-21,3.4209546972324296
2016-12-22,3.4647185694166667
2016-12-23,3.446741047497546
2016-12-26,3.432634423390088
2016-12-27,3.441832976819976
2016-12-28,3.4086794563399283
2016-12-29,3.422570855326412
2016-12-30,3.418930971853276
2017-01-03,3.439461032293766
2017-01-04,3.468235564595471
2017-01-05,3.4679707322070636
2017-01-06,3.4610419793740212
2017-01-09,3.440777636533521
2017-01-10,3.440475424321023
2017-01-11,3.429839981215057
2017-01-12,3.431106328456711
2017-01-13,3.430262652262215
2017-01-16,3.4590533440214877
2017-01-17,3.496654963821961
2017-01-18,3.4977333389354777
2017-01-19,3.5106094471336977
2017-01-20,3.5179600409687306
2017-01-23,3.5184461565280865
2017-01-24,3.5105533373817277
2017-01-25,3.5394762378239126
2017-01-26,3.5371789487533154
2017-02-03,3.5795165042678856
2017-02-06,3.5480730742132294
2017-02-07,3.5525596745401713
2017-02-08,3.539379985179447
2017-02-09,3.5495004686925715
2017-02-10,3.5691040847580116
2017-02-13,3.5977880495802683
2017-02-14,3.627472229021605
2017-02-15,3.618484855945253
2017-02-16,3.669269057535817
2017-02-17,3.6843482590687318
2017-02-20,3.6310114995978897
2017-02-21,3.693211004991508
2017-02-22,3.7017766424129914
2017-02-23,3.7194344232221126
2017-02-24,3.7307790796780744
2017-02-27,3.7181697723682285
2017-02-28,3.691448614845865
2017-03-01,3.6820560250945333
2017-03-02,3.6700773744866426
2017-03-03,3.670881614282333
2017-03-06,3.6512224023605198
2017-03-07,3.6324889723574403
2017-03-08,3.6409360334560184
2017-03-09,3.6387859605216777
2017-03-10,3.6408689351851247
2017-03-13,3.6308159896439425
2017-03-14,3.669186828260101
2017-03-15,3.6570062508711634
2017-03-16,3.661859536044771
2017-03-17,3.6791852612332936
2017-03-20,3.6484427008461924
2017-03-21,3.6724277326499
2017-03-22,3.648257813414739
2017-03-23,3.603291254782205
2017-03-24,3.604006642845125
2017-03-27,3.6272463384953144
2017-03-28,3.6477715684944205
2017-03-29,3.6409076346022906
2017-03-30,3.6508462026274335
2017-03-31,3.657774540437892
2017-04-05,3.697697457422355
2017-04-06,3.678086806110873
2017-04-07,3.662939676261897
2017-04-10,3.6412384684237837
2017-04-11,3.630355256957469
2017-04-12,3.6211703860682944
2017-04-13,3.62110569067886
2017-04-14,3.6299732426984033
2017-04-17,3.610195138968737
2017-04-18,3.6023850633244674
2017-04-19,3.571183411472248
2017-04-20,3.5331595356472003
2017-04-21,3.5134897012028925
2017-04-24,3.5398685723361014
2017-04-25,3.5671391660477645
2017-04-26,3.5696295375123843
2017-04-27,3.5808720993959127
2017-04-28,3.587999254612269
2017-05-02,3.588709446568152
2017-05-03,3.5612105837964285
2017-05-04,3.5329771993271497
2017-05-05,3.531238759894889
2017-05-08,3.5389972342695173
2017-05-09,3.5691570302991935
2017-05-10,3.5687599645494092
2017-05-11,3.5804239466028593
2017-05-12,3.6175399650703493
2017-05-15,3.664772497142697
2017-05-16,3.6575220651876377
2017-05-17,3.632649975226979
2017-05-18,3.6211093004001818
2017-05-19,3.609024214326381
2017-05-22,3.610881614282333
2017-05-23,3.629907909531118
2017-05-24,3.677130165387717
2017-05-25,3.6576253364427602
2017-05-26,3.701455941232237
2017-05-31,3.6956910515480725
2017-06-01,3.7288318187363636
2017-06-02,3.737747268909923
2017-06-05,3.71963125857862
2017-06-06,3.6346331180125886
2017-06-07,3.645195937559192
2017-06-08,3.665689306134148
2017-06-09,3.6688495973011923
2017-06-12,3.6634508033781494
2017-06-13,3.641040926573587
2017-06-14,3.640475424321023
2017-06-15,3.629839981215057
2017-06-16,3.611763574871411
2017-06-19,3.6214632513139997
2017-06-20,3.609075370085489
2017-06-21,3.6210416330672763
2017-06-22,3.6194588274891086
2017-06-23,3.649053981799338
2017-06-26,3.667272996593123
2017-06-27,3.659327894361898
2017-06-28,3.661174825834784
2017-06-29,3.6685391515674595
2017-06-30,3.67841939922649
2017-07-03,3.6991053603137134
2017-07-04,3.689024115122592
2017-07-05,3.681318586289146
2017-07-06,3.680158965984509
2017-07-07,3.669577328952842
2017-07-10,3.690409868398471
2017-07-11,3.6884701399630138
2017-07-12,3.7195811996573203
2017-07-13,3.7469051597422336
2017-07-14,3.8059996307408124
2017-07-17,3.6803585774412806
2017-07-18,3.7970011452602104
2017-07-19,3.7481189335824676
2017-07-20,3.7641270765113912
2017-07-21,3.7912137673661257
2017-07-24,3.775256240308543
2017-07-25,3.8016890182888115
2017-07-26,3.8464460929555804
2017-07-27,3.894311027474584
2017-07-28,3.8686673158167815
2017-07-31,3.882562200973109
2017-08-01,3.9156165941692613
2017-08-02,3.9546921812005325
2017-08-03,4.045790314363898
2017-08-04,4.053425443283984
2017-08-07,4.031386594119312
2017-08-08,4.011808924669209
2017-08-09,4.066356875557157
2017-08-10,3.9776964373434653
2017-08-11,3.98933336448088
2017-08-14,3.9489018174797046
2017-08-15,3.9123815087695606
2017-08-16,4.040364169729557
2017-08-17,4.019450608181922
2017-08-18,4.025471020664179
2017-08-21,4.00170131252061
2017-08-22,3.988210360771258
2017-08-23,4.00021063596999
2017-08-24,4.0573414391355564
2017-08-25,4.056242054764179
2017-08-28,4.206878295193768
2017-08-29,4.217375014740486
2017-08-30,4.3178923459030605
2017-08-31,4.264701266853393
2017-09-01,4.2334851209504265
2017-09-04,4.2018451721787615
2017-09-05,4.208735956766793
2017-09-06,4.267945170947064
2017-09-07,4.257175685338738
2017-09-08,4.2244133273431235
2017-09-11,4.202953191213758
2017-09-12,4.198932984390617
2017-09-13,4.199892288978388
2017-09-14,4.18178883386204
2017-09-15,4.124027541583369
2017-09-18,4.066031550385675
2017-09-19,4.063082527156986
2017-09-20,4.078521048619166
2017-09-21,4.1286426838057375
2017-09-22,4.157298670606336
2017-09-25,4.18796150879175
2017-09-26,4.226460808937819
2017-09-27,4.197285117426586
2017-09-28,4.154085149646307
2017-09-29,4.142413170707089
2017-10-09,4.119166699225042
2017-10-10,4.122251232779109
2017-10-11,4.140170561793333
2017-10-12,4.167826625445956
2017-10-13,4.15908922553461
2017-10-16,4.142135213710939
2017-10-17,4.150292450223122
2017-10-18,4.138285499965292
2017-10-19,4.170384386652576
2017-10-20,4.187272358815273
2017-10-23,4.169695731212787
2017-10-24,4.11417446624852
2017-10-25,4.1228628905269495
2017-10-26,4.068846785206635
2017-10-27,4.00714920785857
2017-10-30,4.034587295792196
2017-10-31,4.045134203648811
2017-11-01,3.944468362180566
2017-11-02,3.9216498370329704
2017-11-03,3.8891795763990524
2017-11-06,3.8809708320115326
2017-11-07,3.8735792100724225
2017-11-08,3.910054487889524
2017-11-09,3.9459289285580814
2017-11-10,3.9192856400590492
2017-11-13,3.8750990961630305
2017-11-14,3.891164011044973
2017-11-15,3.8765442426289884
2017-11-16,3.8726070283106404
2017-11-17,3.8427245758469524
2017-11-20,3.9189135534753916
2017-11-21,3.9327365847786133
2017-11-22,3.921620377669576
2017-11-23,4.028918383586
2017-11-24,3.9898625439533726
2017-11-27,4.004748886592727
2017-11-28,3.9509465625842086
2017-11-29,3.922030375759786
2017-11-30,3.9314354412119688
2017-12-01,3.9286396736343776
2017-12-04,3.92202664215621
2017-12-05,3.9215152676062255
2017-12-06,3.977501042897916
2017-12-07,3.956108793280833
2017-12-08,3.944033325621399
2017-12-11,3.921423331176771
2017-12-12,3.9291714304626377
2017-12-13,3.88095565663856
2017-12-14,3.9040347444182624
2017-12-15,3.8879671282952266
2017-12-18,3.862211114565079
2017-12-19,3.8632679284840368
2017-12-20,3.8877349804876085
2017-12-21,3.897758474374628
2017-12-22,3.900817042444377
2017-12-25,3.9001462868873
2017-12-26,3.918513669821564
2017-12-27,3.947221618078748
2017-12-28,3.9192198918691803
2017-12-29,3.9326785663480237
2018-01-02,3.966484891576535
2018-01-03,3.9762046309027146
2018-01-04,4.000384510204054
2018-01-05,3.9983145609445603
2018-01-08,3.980092728246732
2018-01-09,4.010201635309941
2018-01-10,3.9582948469320853
2018-01-11,4.032392903937212
2018-01-12,4.081765282908858
2018-01-15,4.086666026045504
2018-01-16,4.1796679127369
2018-01-17,4.209725694862798
2018-01-18,4.237079919187881
2018-01-19,4.355230087732476
2018-01-22,4.387511564316874
2018-01-23,4.3989771018493835
2018-01-24,4.670857117663258
2018-01-25,4.6649459301098135
2018-01-26,4.637543946855924
2018-01-29,4.653096366161537
2018-01-30,4.5911189921047475
2018-01-31,4.488266381593043
2018-02-01,4.547385268174445
2018-02-02,4.618957078679009
2018-02-05,4.578132196700931
2018-02-06,4.76320738689633
2018-02-07,4.742984697545959
2018-02-08,4.598163753104552
2018-02-09,4.439195588344238
2018-02-12,4.298044497272453
2018-02-13,4.218748789378767
2018-02-14,4.28552802757345
2018-02-22,4.277522007596813
2018-02-23,4.37262636552842
2018-02-26,4.3842930782349425
2018-02-27,4.398674474614301
2018-02-28,4.3220393073732195
2018-03-01,4.236890388072945
2018-03-02,4.224532907106461
2018-03-05,4.170082795913319
2018-03-06,4.166346994149645
2018-03-07,4.190867926422064
2018-03-08,4.216915727429089
2018-03-09,4.200510860323613
2018-03-12,4.183123901237034
2018-03-13,4.170422478779841
2018-03-14,4.188868066245916
2018-03-15,4.1694691037048575
2018-03-16,4.172622871618637
2018-03-19,4.130971499946557
2018-03-20,4.132610291725217
2018-03-21,4.1681563759790645
2018-03-22,4.167098410055884
2018-03-23,4.172108871431926
2018-03-26,4.121486261462597
2018-03-27,3.9970419971831315
2018-03-28,3.9792775520095005
2018-03-29,3.9586228520512696
2018-03-30,3.991077113438015
2018-04-02,3.9329151758454115
2018-04-03,3.887588359991576
2018-04-04,3.882385137849791
2018-04-09,3.8491116422735066
2018-04-10,3.85406964184679
2018-04-11,3.9278956810877754
2018-04-12,3.962686259064673
2018-04-13,3.9118145873893573
2018-04-16,3.876644161730163
2018-04-17,3.772497934789599
2018-04-18,3.766101144932333
2018-04-19,3.779204681350253
2018-04-20,3.789323523311247
2018-04-23,3.782763981757808
2018-04-24,3.7812134017004717
2018-04-25,3.8371985392143118
2018-04-26,3.796502749655468
2018-04-27,3.7952339246731834
2018-05-02,3.8184877483746194
2018-05-03,3.8063479763344934
2018-05-04,3.8223201451797664
2018-05-07,3.799774356576666
2018-05-08,3.8300566239783427
2018-05-09,3.86608789454259
2018-05-10,3.877219852975139
2018-05-11,3.8807000392916113
2018-05-14,3.898659956708864
2018-05-15,3.897378403937064
2018-05-16,3.8905931888031176
2018-05-17,3.8520006766718917
2018-05-18,3.852267936620224
2018-05-21,3.8973403863351224
2018-05-22,3.9062684657590316
2018-05-23,3.882594057742326
2018-05-24,3.843676185818327
2018-05-25,3.8118968668427073
2018-05-28,3.8207638498002385
2018-05-29,3.8193903301110352
2018-05-30,3.8311061057014437
2018-05-31,3.7622864077985425
2018-06-01,3.7750242924774744
2018-06-04,3.7576773037088307
2018-06-05,3.7900538747901384
2018-06-06,3.7892460554303002
2018-06-07,3.7712249534719224
2018-06-08,3.7813462481612343
2018-06-11,3.7392321559438053
2018-06-12,3.7434007996232648
2018-06-13,3.739431655164928
2018-06-14,3.7302221877414397
2018-06-15,3.7318177712898297
2018-06-19,3.7490788257673833
2018-06-20,3.758181368177053
2018-06-21,3.731012404168381
2018-06-22,3.7421507107121914
2018-06-25,3.7378778116930143
2018-06-26,3.7014327715378688
2018-06-27,3.6554522170316806
2018-06-28,3.62348992395816
2018-06-29,3.5631027881173796
2018-07-02,3.6134019956648613
2018-07-03,3.4706281934785137
2018-07-04,3.5217348540555555
2018-07-05,3.5239729916389013
2018-07-06,3.577115913784992
2018-07-09,3.5995767595600547
2018-07-10,3.74372948127285
2018-07-11,3.7189932868091926
2018-07-12,3.7244218852478235
2018-07-13,3.786821608309071
2018-07-16,3.5580712047302643
2018-07-17,3.5219710836732423
2018-07-18,3.47916336791533
2018-07-19,3.4596617852872718
2018-07-20,3.4576209426133917
2018-07-23,3.5486086909477015
2018-07-24,3.5813804754242136
2018-07-25,3.59981800417721
2018-07-26,3.5904908769541253
2018-07-27,3.568896030387375
2018-07-30,3.560501543844769
2018-07-31,3.598698186267807
2018-08-01,3.6163620985762552
2018-08-02,3.562064021980301
2018-08-03,3.497522320330602
2018-08-06,3.492637123552138
2018-08-07,3.5072039606409877
2018-08-08,3.5586818974492767
2018-08-09,3.529533699890503
2018-08-10,3.5625491755691554
2018-08-13,3.536848981274425
2018-08-14,3.5024366892725745
2018-08-15,3.512874194864668
2018-08-16,3.4494399740097514
2018-08-17,3.474877782834908
2018-08-20,3.4485584037647916
2018-08-21,3.5003859536793827
2018-08-22,3.5164931552549437
2018-08-23,3.4999995104520925
2018-08-24,3.502387589757405
2018-08-27,3.5270913972547118
2018-08-28,3.5466007674035427
2018-08-29,3.5594605180673935
2018-08-30,3.5596456035756483
2018-08-31,3.5303815000326932
2018-09-03,3.5510707932503327
2018-09-04,3.5474157042470504
2018-09-05,3.579659626944397
2018-09-06,3.5300607254811673
2018-09-07,3.505074128643507
2018-09-10,3.5105279301611554
2018-09-11,3.5175211803068307
2018-09-12,3.511262031026642
2018-09-13,3.4924364418388425
2018-09-14,3.539319674720863
2018-09-17,3.5354250123198026
2018-09-18,3.5223186028314246
2018-09-19,3.5508738644995215
2018-09-20,3.555533237567787
2018-09-21,3.5697769764039076
2018-09-25,3.676293400557009
2018-09-26,3.6420099912509873
2018-09-27,3.6839086660801255
2018-09-28,3.676219743038557
2018-10-08,3.716698741114243
2018-10-09,3.6209000167448133
2018-10-10,3.5988978220691963
2018-10-11,3.5991690774280363
2018-10-12,3.501068813765313
2018-10-15,3.559017464408112
2018-10-16,3.49593143868641
2018-10-17,3.5149429179253904
2018-10-18,3.5393667123417614
2018-10-19,3.51750695886128
2018-10-22,3.610640633403519
2018-10-23,3.6892521043612234
2018-10-24,3.61741139302082
2018-10-25,3.686694157441967
2018-10-26,3.6995925079047756
2018-10-29,3.7072338323065144
2018-10-30,3.7029914451203902
2018-10-31,3.7377527371291572
2018-11-01,3.7165450039583177
2018-11-02,3.6742672632110907
2018-11-05,3.712087142648515
2018-11-06,3.6756330531410155
2018-11-07,3.664729439372893
2018-11-08,3.6618970344315596
2018-11-09,3.6682080019271717
2018-11-12,3.592732671936509
2018-11-13,3.616250150519888
2018-11-14,3.6159915183466462
2018-11-15,3.5811281564439104
2018-11-16,3.6046930189549324
2018-11-19,3.5968492727455303
2018-11-20,3.6391069273405203
2018-11-21,3.5992307811843154
2018-11-22,3.613258952502454
2018-11-23,3.6080228230246125
2018-11-26,3.59002486864651
2018-11-27,3.602214545568508
2018-11-28,3.5791014896092355
2018-11-29,3.6012143309494284
2018-11-30,3.588758911748975
2018-12-03,3.610450357597711
2018-12-04,3.6473405098866003
2018-12-05,3.656653421473619
2018-12-06,3.641133209309786
2018-12-07,3.6120955850448166
2018-12-10,3.6010022271564206
2018-12-11,3.570773834544882
2018-12-12,3.572674126581534
2018-12-13,3.589380053895286
2018-12-14,3.598523085504196
2018-12-17,3.581210361041162
2018-12-18,3.610728853167923
2018-12-19,3.5872697636664954
2018-12-20,3.5824647661672464
2018-12-21,3.561302941057951
2018-12-24,3.5702252284007496
2018-12-25,3.5886160805435687
2018-12-26,3.6084191764712226
2018-12-27,3.6288287533985883
2018-12-28,3.628656916049554
2019-01-02,3.6105800946833244
2019-01-03,3.5432245773433797
2019-01-04,3.55396921898366
2019-01-07,3.5764804518100455
2019-01-08,3.5690997932214654
2019-01-09,3.544346080842287
2019-01-10,3.551320351392755
2019-01-11,3.518678818562077
2019-01-14,3.5326100689699502
2019-01-15,3.5001801315153926
2019-01-16,3.5217548656824693
2019-01-17,3.518429650763774
2019-01-18,3.5300535833190323
2019-01-21,3.5589609620815
2019-01-22,3.5671148911417316
2019-01-23,3.5603165818879923
2019-01-24,3.5703189847694516
2019-01-25,3.58748513087408
2019-01-28,3.617524759540203
2019-01-29,3.6087867218510064
2019-01-30,3.6402288076341223
2019-01-31,3.627126640989984
2019-02-01,3.6791626220699065
2019-02-11,3.6760586656436947
2019-02-12,3.670897605820273
2019-02-13,3.680503209744589
2019-02-14,3.7163405180227875
2019-02-15,3.697901943357885
2019-02-18,3.6544521259640788
2019-02-19,3.7012319393610342
2019-02-20,3.674539818804097
2019-02-21,3.683571509646541
2019-02-22,3.6709211495541516
2019-02-25,3.688869341801617
2019-02-26,3.872489589063422
2019-02-27,3.827353950646986
2019-02-28,3.886943442982264
2019-03-01,3.835928697732099
2019-03-04,3.8972967603587443
2019-03-05,3.9145956811223352
2019-03-06,3.899815285476955
2019-03-07,3.931889086571946
2019-03-08,3.886834636277396
2019-03-11,3.7580028000818713
2019-03-12,3.798743290862397
2019-03-13,3.82129905765546
2019-03-14,3.800585287545249
2019-03-15,3.7972073738544796
2019-03-18,3.7887628129414024
2019-03-19,3.8371574369156862
2019-03-20,3.807991897737948
2019-03-21,3.79453400893305
2019-03-22,3.790541370587693
2019-03-25,3.797944711887106
2019-03-26,3.7324040487291588
2019-03-27,3.7264714090123716
2019-03-28,3.7285492795532655
2019-03-29,3.7096399129319226
2019-04-01,3.7717036547569465
2019-04-02,3.8231368147391858
2019-04-03,3.8268110373771025
2019-04-04,3.841546241919045
2019-04-08,3.885777250732055
2019-04-09,3.8945325087223344
2019-04-10,3.8715016839385257
2019-04-11,3.8624270261562104
2019-04-12,3.858617163831953
2019-04-15,3.8692617998652845
2019-04-16,3.8894072262194666
2019-04-17,3.9953831403179922
2019-04-18,4.021092049944998
2019-04-19,4.001253524903283
2019-04-22,4.031141817061344
2019-04-23,3.927186783859716
2019-04-24,3.9571084191451447
2019-04-25,3.907818221580685
2019-04-26,3.893845812883995
2019-04-29,3.8640138537230992
2019-04-30,3.890410382624844
2019-05-06,3.888045970604888
2019-05-07,3.7850508597453496
2019-05-08,3.789082951614825
2019-05-09,3.7182786631268283
2019-05-10,3.6960048864783834
2019-05-13,3.751634717677824
2019-05-14,3.706170324459479
2019-05-15,3.687325262218828
2019-05-16,3.7494923479245497
2019-05-17,3.7714471833509884
2019-05-20,3.73236757846434
2019-05-21,3.822172604850859
2019-05-22,3.790495435947936
2019-05-23,3.8129821475105277
2019-05-24,3.7903283070577793
2019-05-27,3.78950196700354
2019-05-28,3.809302264386059
2019-05-29,3.8373000453658253
2019-05-30,3.83876060232726
2019-05-31,3.8890702401299193
2019-06-03,3.8758613465487644
2019-06-04,3.707209597831259
2019-06-05,3.713303004296609
2019-06-06,3.71331481630602
2019-06-10,3.7194399133646274
2019-06-11,3.74460982994231
2019-06-12,3.757735104039086
2019-06-13,3.729457922918617
2019-06-14,3.732743261737458
2019-06-17,3.728603209179043
2019-06-18,3.739262437643135
2019-06-19,3.7593680125759277
2019-06-20,3.7780774591440798
2019-06-21,3.807973550111107
2019-06-24,3.769206797749388
2019-06-25,3.78291659739746
2019-06-26,3.7485213262100716
2019-06-27,3.7422533688679285
2019-06-28,3.750658150985192
2019-07-01,3.7391544351504176
2019-07-02,3.761200376296518
2019-07-03,3.768102303112125
2019-07-04,3.7695391681097377
2019-07-05,3.7704487905709043
2019-07-08,3.750091452691031
2019-07-09,3.7125804250484715
2019-07-10,3.7125305888824385
2019-07-11,3.6993513392227633
2019-07-12,3.711119422576503
2019-07-15,3.719695998005428
2019-07-16,3.7001957767465883
2019-07-17,3.6923458496809287
2019-07-18,3.670591498224832
2019-07-19,3.651737678102932
2019-07-22,3.670909913932272
2019-07-23,3.668284639432175
2019-07-24,3.6904756165883397
2019-07-25,3.688918930533918
2019-07-26,3.699672652348351
2019-07-29,3.699156961583355
2019-07-30,3.6997373477377855
2019-07-31,3.7193035399417607
2019-08-01,3.7085361109081494
2019-08-02,3.6822783363874514
2019-08-05,3.6432659711131112
2019-08-06,3.5837510338720326
2019-08-07,3.535556002513175
2019-08-08,3.5235148366420432
2019-08-09,3.5400761676467805
2019-08-12,3.5593254119663342
2019-08-13,3.579697050805862
2019-08-14,3.579183496129685
2019-08-15,3.570251471475974
2019-08-16,3.579830980555009
2019-08-19,3.5687735041797355
2019-08-20,3.580739129383672
2019-08-21,3.5598527838637435
2019-08-22,3.551897696887875
2019-08-23,3.5407894550976127
2019-08-26,3.540315820558664
2019-08-27,3.520959112320454
2019-08-28,3.5701886099059874
2019-08-29,3.5368982483784457
2019-08-30,3.5340205229727113
2019-09-02,3.5303033395382566
2019-09-03,3.5382086397050223
2019-09-04,3.549735849426817
2019-09-05,3.598119490691662
2019-09-06,3.6157444121118383
2019-09-09,3.6291592899394907
2019-09-10,3.6293038862485054
2019-09-11,3.6191976735378617
2019-09-12,3.658884324576497
2019-09-16,3.656414337623748
2019-09-17,3.6610949249152034
2019-09-18,3.6214209282953123
2019-09-19,3.60266253077271
2019-09-20,3.6101448877801205
2019-09-23,3.608864387808755
2019-09-24,3.6017241384726058
2019-09-25,3.60125197756616
2019-09-26,3.5898014053493688
2019-09-27,3.6101465783584055
2019-09-30,3.598798763170364
2019-10-08,3.5819889268236396
2019-10-09,3.6007929107795067
2019-10-10,3.6167983092537392
2019-10-11,3.5999975971185405
2019-10-14,3.64119073785862
2019-10-15,3.664822822856637
2019-10-16,3.6779851018825576
2019-10-17,3.6900682746228064
2019-10-18,3.678657138804821
2019-10-21,3.6608567015984494
2019-10-22,3.689976921135564
2019-10-23,3.6869542345789377
2019-10-24,3.7104762543661907
2019-10-25,3.7475652240609776
2019-10-28,3.727336787412066
2019-10-29,3.7131637526584234
2019-10-30,3.690975178383718
2019-10-31,3.6900266337501186
2019-11-01,3.699748528524026
2019-11-04,3.699840396237641
2019-11-05,3.700790507898047
2019-11-06,3.7193035399417607
2019-11-07,3.7375502412860984
2019-11-08,3.7293272565840474
2019-11-11,3.6828571555150744
2019-11-12,3.6442686132921156
2019-11-13,3.6605941925773973
2019-11-14,3.6482030479343095
2019-11-15,3.6237516411619337
2019-11-18,3.613333261651322
2019-11-19,3.619156838031877
2019-11-20,3.6290237688158475
2019-11-21,3.620657023659434
2019-11-22,3.63092399213666
2019-11-25,3.6093262037836125
2019-11-26,3.650254580851123
2019-11-27,3.665980529827723
2019-11-28,3.659670249466892
2019-11-29,3.6519908154787264
2019-12-02,3.630026342279013
2019-12-03,3.6211065512119776
2019-12-04,3.61086788238469
2019-12-05,3.601171023846145
2019-12-06,3.6204092306206204
2019-12-09,3.618509353606553
2019-12-10,3.6208303593194366
2019-12-11,3.6105134859603383
2019-12-12,3.6102380310494366
2019-12-13,3.6097360721820837
2019-12-16,3.6487247208141373
2019-12-17,3.6472048455217942
2019-12-18,3.6800698416496136
2019-12-19,3.6678779352444923
2019-12-20,3.6898459880083534
2019-12-23,3.697760585784982
2019-12-24,3.669998457651658
2019-12-25,3.672742623959607
2019-12-26,3.6589710460299325
2019-12-27,3.6799617156054176
2019-12-30,3.6886680968357943
2019-12-31,3.7091452117351027
2020-01-02,3.6895768147264696
2020-01-03,3.720505414549247
2020-01-06,3.707165216855672
2020-01-07,3.6917654882049633
2020-01-08,3.720688363968683
2020-01-09,3.687413524120858
2020-01-10,3.6934273341695945
2020-01-13,3.689617155695766
2020-01-14,3.6989991476030695
2020-01-15,3.690353882197979
2020-01-16,3.6716857853621847
2020-01-17,3.6518833272123814
2020-01-20,3.650777290226776
2020-01-21,3.6594852384839602
2020-01-22,3.6404976426523414
2020-01-23,3.642319730157183
2020-02-03,3.61041880034268
2020-02-04,3.4380241883680225
2020-02-05,3.5111974345071486
2020-02-06,3.4900146623011516
2020-02-07,3.513014587221956
2020-02-10,3.5137001140868396
2020-02-11,3.4987495207448083
2020-02-12,3.5297395278639776
2020-02-13,3.536850325545965
2020-02-14,3.5303950091750695
2020-02-17,3.560188318434882
2020-02-18,3.595298662200244
2020-02-19,3.5781665089536516
2020-02-20,3.6020733362255486
2020-02-21,3.6260103277886295
2020-02-24,3.6175879125812953
2020-02-25,3.5929904169984206
2020-02-26,3.5720429309747406
2020-02-27,3.5990009127066784
2020-02-28,3.6169019955314456
2020-03-02,3.5524312210533395
2020-03-03,3.604645956655569
2020-03-04,3.612803905804774
2020-03-05,3.629209709047735
2020-03-06,3.660424336946978
2020-03-09,3.6275610865638592
2020-03-10,3.574491562362884
2020-03-11,3.592757705938275
2020-03-12,3.586214981643787
2020-03-13,3.5818816308246118
2020-03-16,3.5629231704975837
2020-03-17,3.541395960775789
2020-03-18,3.5603833338521413
2020-03-19,3.5002563786762777
2020-03-20,3.4670350226098483
2020-03-23,3.500608537574426
2020-03-24,3.437566285235268
2020-03-25,3.4860654800342172
2020-03-26,3.5052684245382877
2020-03-27,3.5079439995839317
2020-03-30,3.5218860459126358
2020-03-31,3.518064587779554
2020-04-01,3.480788550527121
2020-04-02,3.4830192308747323
2020-04-03,3.498023752273569
2020-04-07,3.4889562555223703
2020-04-08,3.511688380510961
2020-04-09,3.488785669050572
2020-04-10,3.4915697114583755
2020-04-13,3.4993283839098055
2020-04-14,3.518129989662678
2020-04-15,3.528932662431561
2020-04-16,3.5393954076553755
2020-04-17,3.548828976153855
2020-04-20,3.5779476533426275
2020-04-21,3.54865346036766
2020-04-22,3.562454489951497
2020-04-23,3.5290485440680532
2020-04-24,3.464185894468492
2020-04-27,3.4362970205519345
2020-04-28,3.4399720663464906
2020-04-29,3.429836594249002
2020-04-30,3.462003340536507
2020-05-06,3.4775356488553375
2020-05-07,3.4500243544201377
2020-05-08,3.443295961341335
2020-05-11,3.4584472838538445
2020-05-12,3.457797910773434
2020-05-13,3.4420141858142683
2020-05-14,3.4610568385974227
2020-05-15,3.447744965232252
2020-05-18,3.4513708940524777
2020-05-19,3.4501842249751373
2020-05-20,3.4591840103560574
2020-05-21,3.4691700557031475
2020-05-22,3.4501565631030493
2020-05-25,3.422739806055564
2020-05-26,3.4408062276545657
2020-05-27,3.4278227547414786
2020-05-28,3.4512794413614465
2020-05-29,3.468261046341367
2020-06-01,3.4491685133548056
2020-06-02,3.4715846942332553
2020-06-03,3.4770092915304733
2020-06-04,3.4986578452985104
2020-06-05,3.4991828583518343
2020-06-08,3.4999620619121625
2020-06-09,3.5093296594655063
2020-06-10,3.5087088087903013
2020-06-11,3.5005925510252665
2020-06-12,3.4813826439007296
2020-06-15,3.481002004401154
2020-06-16,3.440825850837108
2020-06-17,3.472414292223363
2020-06-18,3.4575056586271136
2020-06-19,3.461713249157471
2020-06-22,3.4703429682043794
2020-06-23,3.458813355601125
2020-06-24,3.44194907540225
2020-06-29,3.46056883438298
2020-06-30,3.4673902225011553
2020-07-01,3.479776338626057
2020-07-02,3.4992902230667013
2020-07-03,3.575539926176308
2020-07-06,3.6224653468789345
2020-07-07,3.8600596925919386
2020-07-08,3.8037717987882664
2020-07-09,3.8278549347396083
2020-07-10,3.7680658993019143
2020-07-13,3.6709863949774646
2020-07-14,3.696985675991723
2020-07-15,3.6666848141940975
2020-07-16,3.4416526215070915
2020-07-17,3.421363154209421
2020-07-20,3.405182789758312
2020-07-21,3.4582681969049927
2020-07-22,3.4338633436843162
2020-07-23,3.434364128954942
2020-07-24,3.4094061047031934
2020-07-27,3.3523021522335266
2020-07-28,3.3355069276764713
2020-07-29,3.330024082638716
2020-07-30,3.3689195134761296
2020-07-31,3.3395855926312503
2020-08-03,3.334204747947849
2020-08-04,3.3394873498943136
2020-08-05,3.376721448993469
2020-08-06,3.3490204366854317
2020-08-07,3.363244997849544
2020-08-10,3.338680707217164
2020-08-11,3.3505290076400556
2020-08-12,3.3494581897112576
2020-08-13,3.340407688272278
2020-08-14,3.3315806007735103
2020-08-17,3.3495801468568853
2020-08-18,3.3966029475297352
2020-08-19,3.3583217965009995
2020-08-20,3.3452201927755403
2020-08-21,3.330079485896997
2020-08-24,3.329077159867563
2020-08-25,3.3211962828367736
2020-08-26,3.3213304048532373
2020-08-27,3.2909852318442003
2020-08-28,3.282661670239592
2020-08-31,3.299578871301184
2020-09-01,3.278981737268265
2020-09-02,3.253872031280754
2020-09-03,3.22293671012791
2020-09-04,3.2210538971419016
2020-09-07,3.2005096839716995
2020-09-08,3.1927653565172984
2020-09-09,3.210369379199231
2020-09-10,3.2082852772100257
2020-09-11,3.2014222725668526
2020-09-14,3.200949473882556
2020-09-15,3.2088808688946027
2020-09-16,3.209274602513971
2020-09-17,3.210527217857982
2020-09-18,3.2099607863564614
2020-09-21,3.2387508403378837
2020-09-22,3.218363413025998
2020-09-23,3.202978252127585
2020-09-24,3.2105551024853365
2020-09-25,3.1983247136088315
2020-09-28,3.1919621695220424
2020-09-29,3.239344933711492
2020-09-30,3.1970034329671204
2020-10-09,3.204680587291456
2020-10-12,3.208682887343357
2020-10-13,3.2274185468295586
2020-10-14,3.210445112133743
2020-10-15,3.2023464874587795
2020-10-16,3.209566414959242
2020-10-19,3.227866061844762
2020-10-20,3.2389718760751003
2020-10-21,3.210973190524842
2020-10-22,3.2412301742574257
2020-10-23,3.226677212641229
2020-10-26,3.241082122266517
2020-10-27,3.2396436902420964
2020-10-28,3.229841894548609
2020-10-29,3.2116459339407952
2020-10-30,3.1916592508158543
2020-11-02,3.1813692034741923
2020-11-03,3.190249849613528
2020-11-04,3.1992478452123745
2020-11-05,3.200065110412018
2020-11-06,3.200488004214443
2020-11-09,3.2093688731090455
2020-11-10,3.2186434756230167
2020-11-11,3.2194993166883488
2020-11-12,3.239567467759677
2020-11-13,3.228496897264611
2020-11-16,3.2213577999326852
2020-11-17,3.2300936328172236
2020-11-18,3.228484094615924
2020-11-19,3.2402378082941703
2020-11-20,3.2394594652669593
2020-11-23,3.2303292609852012
2020-11-24,3.250068151071328
2020-11-25,3.2576149366755325
2020-11-26,3.2404597045645045
2020-11-27,3.2516493896226892
2020-11-30,3.325512753852127
2020-12-01,3.2949480456504374
2020-12-02,3.362920883124522
2020-12-03,3.325029420202521
2020-12-04,3.312545967320993
2020-12-07,3.282277896686402
2020-12-08,3.2512897480651453
2020-12-09,3.2426989705495792
2020-12-10,3.2309456718939167
2020-12-11,3.221736817569815
2020-12-14,3.211658390282737
2020-12-15,3.2011318102026065
2020-12-16,3.1814604334099568
2020-12-17,3.181567798124824
2020-12-18,3.1894460248404215
2020-12-21,3.179905729404926
2020-12-22,3.1912264958202643
2020-12-23,3.1599181170310287
2020-12-24,3.1623336848100925
2020-12-25,3.169103669735428
2020-12-28,3.1787611165536327
2020-12-29,3.1706178100158953
2020-12-30,3.170989325303945
2020-12-31,3.1694335684984796
2021-01-04,3.179447300396123
2021-01-05,3.1698273021178482
2021-01-06,3.1710285389474837
2021-01-07,3.1793682353311947
2021-01-08,3.188682689266555
2021-01-11,3.1897626067284137
2021-01-12,3.170881960589078
2021-01-13,3.180898095368181
2021-01-14,3.197786996779834
2021-01-15,3.2084845096385077
2021-01-18,3.229593364528156
2021-01-19,3.1993788578536893
2021-01-20,3.221598648886165
2021-01-21,3.1979945233746743
2021-01-22,3.1919767619528034
2021-01-25,3.171605444741555
2021-01-26,3.1708171416481656
2021-01-27,3.1700379380878374
2021-01-28,3.1703417173271426
2021-01-29,3.1705265800801308
2021-02-01,3.17
2021-02-02,3.17967137679265
2021-02-03,3.1792353888704326
2021-02-04,3.1705925510252664
2021-02-05,3.180396774278679
2021-02-08,3.217393678183049
2021-02-09,3.188230566565235
2021-02-10,3.183902244264245
2021-02-18,3.1988954366468985
2021-02-19,3.2069427074859522
2021-02-22,3.2299350818552988
2021-02-23,3.248262321897068
2021-02-24,3.229090086067728
2021-02-25,3.2220439837751753
2021-02-26,3.248645878504476
2021-03-01,3.2373227092076777
2021-03-02,3.242122188306986
2021-03-03,3.220538967706234
2021-03-04,3.269135449745726
2021-03-05,3.265912378756395
2021-03-08,3.300412196754607
2021-03-09,3.2883653016810848
2021-03-10,3.2708971907976894
2021-03-11,3.271147653510603
2021-03-12,3.26872148788751
2021-03-15,3.289684470912442
2021-03-16,3.3083401114062947
2021-03-17,3.3089986333766968
2021-03-18,3.2911066747634554
2021-03-19,3.2812528380992774
2021-03-22,3.2506960450356557
2021-03-23,3.281122463235813
2021-03-24,3.287151553673868
2021-03-25,3.3000794800875117
2021-03-26,3.290500169085279
2021-03-29,3.2611853248058
2021-03-30,3.2907415322651317
2021-03-31,3.296361683553671
2021-04-01,3.3487649872581104
2021-04-02,3.3277703477743588
2021-04-06,3.3126770239996817
2021-04-07,3.300870631572894
2021-04-08,3.308670109373135
2021-04-09,3.2999050916270747
2021-04-12,3.3112657094638034
2021-04-13,3.328538291034342
2021-04-14,3.3188392523696044
2021-04-15,3.3215165431619265
2021-04-16,3.3000516012696415
2021-04-19,3.320384609407842
2021-04-20,3.3182062121450975
2021-04-21,3.31093490613026
2021-04-22,3.3112127639226214
2021-04-23,3.2898667385166536
2021-04-26,3.2722256823173748
2021-04-27,3.2519219030780695
2021-04-28,3.2510797939103804
2021-04-29,3.250077151731376
2021-04-30,3.279619137745157
2021-05-06,3.249218616313479
2021-05-07,3.262756993635101
2021-05-10,3.2776687180713666
2021-05-11,3.258719722783901
2021-05-12,3.272479111164275
2021-05-13,3.2780371927001064
2021-05-14,3.2790511638952946
2021-05-17,3.290422671047158
2021-05-18,3.2792615083941783
2021-05-19,3.2807652489074184
2021-05-20,3.2700254817458956
2021-05-21,3.2802119115256905
2021-05-24,3.2792347510925812
2021-05-25,3.2899745182541045
2021-05-26,3.3184735956449076
2021-05-27,3.3177068043891476
2021-05-28,3.3110811930175603
2021-05-31,3.339397810536835
2021-06-01,3.326980991880535
2021-06-02,3.3412669850195043
2021-06-03,3.3584598637472647
2021-06-04,3.3483126722894734
2021-06-07,3.1677603841015842
2021-06-08,3.1545792127314285
2021-06-09,3.1263558504894866
2021-06-10,3.1312451047610366
2021-06-11,3.1058028798524564
2021-06-15,3.0835168735270737
2021-06-16,3.071329352052803
2021-06-17,3.0896971500096506
2021-06-18,3.0794037705375725
2021-06-21,3.0625155069037704
2021-06-22,3.0711215339868567
2021-06-23,3.0682201667980076
2021-06-24,3.0706056451450587
2021-06-25,3.070487366436592
2021-06-28,3.0890794635452337
2021-06-29,3.078799400948215
2021-06-30,3.0812924667654
2021-07-01,3.0796576448950064
2021-07-02,3.0795126335634078
2021-07-05,3.0802632900400657
2021-07-06,3.08
2021-07-07,3.0896713767926496
2021-07-08,3.0795640120777827
2021-07-09,3.071357162154834
2021-07-12,3.0704614696681127
2021-07-13,3.0598406189929075
2021-07-14,3.0513957380205223
2021-07-15,3.0314212197664174
2021-07-16,3.0409758848774078
2021-07-19,3.0486814137108538
2021-07-20,3.040169657222842
2021-07-21,3.041515905384076
2021-07-22,3.0394335684984797
2021-07-23,3.049447300396123
2021-07-26,3.0398273021178484
2021-07-27,3.0506999157401333
2021-07-28,3.039260870616328
2021-07-29,3.040804462550957
2021-07-30,3.0206173949933115
2021-08-02,2.99229101548466
2021-08-03,3.0113720213782353
2021-08-04,2.9884146679888945
2021-08-05,2.983029922113065
2021-08-06,2.990619575119504
2021-08-09,2.9885233082594627
2021-08-10,3.0198438519195347
2021-08-11,3.0179302430078234
2021-08-12,3.0398712469989824
2021-08-13,3.0190103832249493
2021-08-16,3.0309385845674206
2021-08-17,3.0286291059475223
2021-08-18,3.010473021439563
2021-08-19,3.0410307190736767
2021-08-20,3.0175722673500998
2021-08-23,3.0223994329999613
2021-08-24,3.029552460306332
2021-08-25,3.0188525692446637
2021-08-26,3.0215551190276146
2021-08-27,3.0100254817458953
2021-08-30,3.0202119115256907
2021-08-31,2.9998919975072824
2021-09-01,3.030846494098539
2021-09-02,3.0564165177499403
2021-09-03,3.0486417105194077
2021-09-06,3.0616367105254807
2021-09-07,3.0580639500017037
2021-09-08,3.0885274017192073
2021-09-09,3.097601619800473
2021-09-10,3.0900925054914654
2021-09-13,3.1005822748095175
2021-09-14,3.0981423772887813
2021-09-15,3.061354344250791
2021-09-16,3.0632825209147976
2021-09-17,3.04900962189562
2021-09-22,3.070264219289022
2021-09-23,3.049917256497911
2021-09-24,3.071439045123805
2021-09-27,3.048785031272721
2021-09-28,3.051608925101914
2021-09-29,3.0595916739498707
2021-09-30,3.0587872360773787
2021-10-08,3.051119131105397
2021-10-11,3.070068151071328
2021-10-12,3.0776149366755328
2021-10-13,3.0798024581498034
2021-10-14,3.0707774137782544
2021-10-15,3.0605274406132486
2021-10-18,3.0505660164789363
2021-10-19,3.06021127374784
2021-10-20,3.0592739647361205
2021-10-21,3.0605664315015204
2021-10-22,3.079566829981826
2021-10-25,3.0588647341154998
2021-10-26,3.071728454687617
2021-10-27,3.058957729154873
2021-10-28,3.0605803861544305
2021-10-29,3.0505520618260262
2021-11-01,3.0505405347330408
2021-11-02,3.0693421158074483
2021-11-03,3.0394958610064546
2021-11-04,3.043084979064601
2021-11-05,3.039129789259174
2021-11-08,3.0395910608504852
2021-11-09,3.0311184933275466
2021-11-10,3.0404359879222174
2021-11-11,3.0389714610525163
2021-11-12,3.0693172718394037
2021-11-15,3.058258866215174
2021-11-16,3.0612931045432505
2021-11-17,3.059618431251468
2021-11-18,3.0689207203159916
2021-11-19,3.0598273021178484
2021-11-22,3.061028538947484
2021-11-23,3.0596968585385453
2021-11-24,3.069447300396123
2021-11-25,3.0791700557031474
2021-11-26,3.0794993166883486
2021-11-29,3.0705533373817278
2021-11-30,3.060790730653314
2021-12-01,3.0505660164789363
2021-12-02,3.06021127374784
2021-12-03,3.0496025879434705
2021-12-06,3.0610024194237377
2021-12-07,3.059195537449043
2021-12-08,3.069711228214039
2021-12-09,3.0597880884743094
2021-12-10,3.0704366257000677
2021-12-13,3.068932247408977
2021-12-14,3.06036847462874
2021-12-15,3.051317310733445
2021-12-16,3.050237393271586
2021-12-17,3.0497752858256226
2021-12-20,3.059973880476254
2021-12-21,3.049827302117848
2021-12-22,3.0606999157401336
2021-12-23,3.0589322474089773
2021-12-24,3.0600398514213896
2021-12-27,3.0505526996038768
2021-12-28,3.0601726978821517
2021-12-29,3.068642837845166
2021-12-30,3.050195776746588
2021-12-31,3.0520172264735783
2022-01-04,3.0491696406805633
2022-01-05,3.069157890832311
2022-01-06,3.0883401114062945
2022-01-07,3.0889986333766966
2022-01-10,3.138806312312003
2022-01-11,3.1259005601923033
2022-01-12,3.1412290469316675
2022-01-13,3.1194326392495233
2022-01-14,3.139858667105562
2022-01-17,3.089810114538311
2022-01-18,3.0941660485306826
2022-01-19,3.1181426440814217
2022-01-20,3.1077042779562096
2022-01-21,3.1225442215762933
2022-01-24,3.1188538201219
2022-01-25,3.1195132713412588
2022-01-26,3.091209946018578
2022-01-27,3.0920305433486375
2022-01-28,3.0892082165462513
2022-02-07,3.090117640930616
2022-02-08,3.129475377290795
2022-02-09,3.1656270626523275
2022-02-10,3.1583258899607443
2022-02-11,3.190677598205026
2022-02-14,3.186232224058964
2022-02-15,3.170435083351726
2022-02-16,3.1523321177832853
2022-02-17,3.1695542500884057
2022-02-18,3.1776927261847594
2022-02-21,3.1997110054587723
2022-02-22,3.179840104766535
2022-02-23,3.1718199073786484
2022-02-24,3.160223661373943
2022-02-25,3.11169564655535
2022-02-28,3.114124921553592
2022-03-01,3.099311487801374
2022-03-02,3.1205667229726264
2022-03-03,3.129194676915925
2022-03-04,3.1491452117351026
2022-03-07,3.1489195683117686
2022-03-08,3.1306193083268634
2022-03-09,3.102173374554044
2022-03-10,3.0818966440874407
2022-03-11,3.0808158660924647
2022-03-14,3.099459118960214
2022-03-15,3.0896676983554885
2022-03-16,3.033790786089633
2022-03-17,3.072930818843011
