trade_date,0
2007-01-04,5.63
2007-01-05,-0.5599999990686086
2007-01-08,-0.010173608225905184
2007-01-09,0.05787124297235291
2007-01-10,-0.07536484518086706
2007-01-11,-0.16550854202896392
2007-01-12,-0.21266285258983508
2007-01-15,0.2393413822733388
2007-01-16,-0.055106981657073284
2007-01-17,-0.042198233119711936
2007-01-18,-0.12612166326413465
2007-01-19,0.08079355562868962
2007-01-22,0.16437769438102645
2007-01-23,0.11342207312897745
2007-01-24,-0.06321731655302987
2007-01-25,-0.24550854203151662
2007-01-26,0.04423639998634865
2007-01-29,0.13334504708694084
2007-01-30,-0.029630775344721805
2007-01-31,0.009837934376640156
2007-02-01,-0.11303688215695917
2007-02-02,-0.19426352770788213
2007-02-05,-0.2557157010634352
2007-02-06,0.16627256748270014
2007-02-07,0.029142982190041522
2007-02-08,-0.03402443604248706
2007-02-09,-0.058901084982987406
2007-02-12,0.0938783367358651
2007-02-13,-0.0006793889555458676
2007-02-14,0.11759220539239834
2007-02-15,0.19426352770788302
2007-02-16,0.025715701063434793
2007-02-19,0.01481278367354566
2007-02-20,0.0007592205392397133
2007-02-21,0.0
2007-02-22,0.0
2007-02-23,0.0
2007-02-26,0.03000000000000025
2007-02-27,-0.35883721971603233
2007-02-28,0.15832429821010408
2007-03-01,-0.15074285113681452
2007-03-02,0.057868034603215435
2007-03-05,-0.03793189987017076
2007-03-06,0.1626333224122316
2007-03-07,0.023923833230110603
2007-03-08,0.032922715483814535
2007-03-09,0.16229362793445823
2007-03-12,0.04771993592630874
2007-03-13,-0.03630209766020531
2007-03-14,-0.11890108498298702
2007-03-15,0.06155277616792976
2007-03-16,0.013602507525047436
2007-03-19,0.2960897306306576
2007-03-20,0.012758650490169998
2007-03-21,0.042017395637953925
2007-03-22,-0.06922481314402074
2007-03-23,-0.04119471291744592
2007-03-26,0.013135082513363372
2007-03-27,-0.04226169530098023
2007-03-28,0.14996806736652246
2007-03-29,0.34277701926288007
2007-03-30,-0.0954335153597663
2007-04-02,0.12116237719828149
2007-04-03,0.03476528780901589
2007-04-04,-0.050857420895645156
2007-04-05,0.06071132158902337
2007-04-06,-0.062229762667503685
2007-04-09,0.04222976266750322
2007-04-10,0.20699505047651812
2007-04-11,0.011176344144734784
2007-04-12,-0.034056368675964066
2007-04-13,-0.07193796713994693
2007-04-16,0.05349074330787662
2007-04-17,-0.07298898320674319
2007-04-18,-0.07815783076048621
2007-04-19,-0.2584152911985935
2007-04-20,0.08423639998634869
2007-04-23,0.11489542079889858
2007-04-24,-0.047369080043741185
2007-04-25,0.1775443064421811
2007-04-26,-0.01796623495962013
2007-04-27,-0.10786843768890186
2007-04-30,-0.006169562214351387
2007-05-01,-0.009110646470877448
2007-05-02,0.0
2007-05-03,0.0
2007-05-04,0.0
2007-05-07,0.0
2007-05-08,0.040000000000000036
2007-05-09,0.4415503737119568
2007-05-10,0.06009099298848941
2007-05-11,-0.015043922561491563
2007-05-14,0.04109891501701224
2007-05-15,-0.2822457289842424
2007-05-16,0.04218426617325921
2007-05-17,-0.0093202079587682
2007-05-18,-0.09581630387581175
2007-05-21,-0.0631167137406532
2007-05-22,8.223403966578502e-05
2007-05-23,0.06583227019255045
2007-05-24,0.053472374535164846
2007-05-25,-0.07274748908537454
2007-05-28,0.04069535527228485
2007-05-29,0.05547660939803922
2007-05-30,-0.4146375572751051
2007-05-31,0.2382763992598873
2007-06-01,-0.13219742694833947
2007-06-04,-0.5052830142268876
2007-06-05,0.06149371581291874
2007-06-06,-0.055991127188566026
2007-06-07,0.0360577979971799
2007-06-08,-0.04035566079451147
2007-06-11,0.05072728790576164
2007-06-12,-0.01109891501701199
2007-06-13,0.20340850926820941
2007-06-14,-0.1230073519794539
2007-06-15,0.030145696220935214
2007-06-18,0.06090531984586178
2007-06-19,-0.005768404925595938
2007-06-20,-0.12507304965331034
2007-06-21,0.004202064896899671
2007-06-22,-0.1494822735821284
2007-06-25,-0.08466708745261098
2007-06-26,0.006270165026728947
2007-06-27,0.07470142254206014
2007-06-28,-0.09538081149760647
2007-06-29,0.012197830034025081
2007-07-02,0.022795388035591557
2007-07-03,0.051922000823207526
2007-07-04,-0.07578437124233428
2007-07-05,-0.15930464472771444
2007-07-06,0.11772474083825202
2007-07-09,0.07289118593602417
2007-07-10,0.04297061443403116
2007-07-11,0.08723654459788666
2007-07-12,-0.004621590958366006
2007-07-13,-0.03431382911407077
2007-07-16,-0.10230959425119668
2007-07-17,0.09308718356314749
2007-07-18,0.026283728887495528
2007-07-19,-0.01124501432363445
2007-07-20,0.15150247476174084
2007-07-23,0.12429546034136063
2007-07-24,-0.033960570775531274
2007-07-25,0.1371726793309307
2007-07-26,-0.028757388132338413
2007-07-27,-0.05129291327385044
2007-07-30,0.05539677781434449
2007-07-31,-0.03222976266750344
2007-08-01,-0.1366074570485285
2007-08-02,0.012296030390429813
2007-08-03,0.14014609930662214
2007-08-06,0.017332342498319164
2007-08-07,-0.018224098483412554
2007-08-08,0.409596440255271
2007-08-09,-0.016386331070156857
2007-08-10,0.019965261824863134
2007-08-13,0.49733474495429153
2007-08-14,-0.09137954913977353
2007-08-15,0.02369749925410769
2007-08-16,-0.24873901935962728
2007-08-17,-0.20006146281098403
2007-08-20,0.3144144319264477
2007-08-21,0.08875298630608164
2007-08-22,-0.07069816081394364
2007-08-23,0.012957050573264794
2007-08-24,0.052795388035591806
2007-08-27,0.04308478110717573
2007-08-28,-0.10389430305260383
2007-08-29,-0.15122664555092236
2007-08-30,0.0658346726485215
2007-08-31,0.011712439335317626
2007-09-03,0.07684895116989754
2007-09-04,0.014231595074404524
2007-09-05,0.08570213720266828
2007-09-06,0.19385996796315386
2007-09-07,-0.18656196055428342
2007-09-10,-0.0033266783142309464
2007-09-11,-0.28557200421278495
2007-09-12,-0.011224243094951625
2007-09-13,0.01950104544052511
2007-09-14,0.03155037371195757
2007-09-17,0.024199662440926417
2007-09-18,0.0030528484736978
2007-09-19,-0.05848155892152018
2007-09-20,0.017674439432063593
2007-09-21,-0.013780136379460295
2007-09-24,-0.00886915234950969
2007-09-25,-0.10114681396722958
2007-09-26,-0.08463515481913308
2007-09-27,0.09930704718368766
2007-09-28,0.058189763393963645
2007-10-01,0.010676986499573715
2007-10-02,0.004555323235439168
2007-10-03,0.0
2007-10-04,0.0
2007-10-05,0.0
2007-10-08,0.3700000000000001
2007-10-09,-0.05565904316439507
2007-10-10,0.2453780059559474
2007-10-11,0.21321251164108634
2007-10-12,-0.15515768614894832
2007-10-15,0.06896694962022742
2007-10-16,0.48865959086161936
2007-10-17,-0.06606500536509508
2007-10-18,-0.22552731388991365
2007-10-19,0.03308958601911982
2007-10-22,-0.22780176688028853
2007-10-23,0.2556566407084233
2007-10-24,-0.10586620219631282
2007-10-25,-0.2241362002596583
2007-10-26,0.153105552335858
2007-10-29,0.2583677953340624
2007-10-30,0.3033717717227882
2007-10-31,0.0013515705431750291
2007-11-01,0.3600953948147474
2007-11-02,0.010900514933917194
2007-11-05,-0.2641865016658471
2007-11-06,-0.10124020941169132
2007-11-07,0.24449426351014214
2007-11-08,-0.27636796229744665
2007-11-09,0.10964633857577422
2007-11-12,-0.14738224081882212
2007-11-13,-0.11744650917146249
2007-11-14,0.19547901185401084
2007-11-15,-0.0009711844831015171
2007-11-16,-0.05405636867596453
2007-11-19,-0.10271315399592496
2007-11-20,0.0008095219454276048
2007-11-21,-0.15720461196440905
2007-11-22,-0.23505468088059978
2007-11-23,0.06969704306764868
2007-11-26,-0.0839737315506115
2007-11-27,-0.09588016914276665
2007-11-28,-0.2591904780545722
2007-11-29,0.28271795890786944
2007-11-30,-0.1373527106413155
2007-12-03,0.05773790161333281
2007-12-04,0.08168050670184002
2007-12-05,0.12652522300886293
2007-12-06,-0.028515894010969767
2007-12-07,0.03756027275892038
2007-12-10,-0.0018741018729908632
2007-12-11,-0.02772233838228111
2007-12-12,-0.09116278028396785
2007-12-13,-0.135766002469623
2007-12-14,0.028128300582980437
2007-12-17,-0.2183194932981607
2007-12-18,-0.00510257983081619
2007-12-19,0.11405636867596503
2007-12-20,0.03503871456386065
2007-12-21,0.07103264729408565
2007-12-24,0.10460322218565477
2007-12-25,-0.04156874248466824
2007-12-26,-0.004345761747548416
2007-12-27,0.11581630387581221
2007-12-28,-0.03610809940336779
2007-12-31,0.007560272758920128
2008-01-01,-0.0030368821569588533
2008-01-02,0.02999999999999936
2008-01-03,0.03116278028396824
2008-01-04,0.00344044190168713
2008-01-07,-0.017722338382280434
2008-01-08,0.04922481314402116
2008-01-09,-0.009580473938532563
2008-01-10,-0.016591490731790337
2008-01-11,0.23846559260478184
2008-01-14,-0.0022161988067361804
2008-01-15,-0.11216630048623522
2008-01-16,-0.18579793510310072
2008-01-17,-0.12684654871392453
2008-01-18,0.0220705025857999
2008-01-21,-0.27680105221968
2008-01-22,-0.00742814039875217
2008-01-23,-0.20049895455947464
2008-01-24,-0.19697668170380833
2008-01-25,0.06896975516188597
2008-01-28,-0.4209368493936525
2008-01-29,0.04094165430559649
2008-01-30,-0.10919007496888522
2008-01-31,-0.1093046447277155
2008-02-01,-0.0903372920218013
2008-02-04,0.35854782664444773
2008-02-05,-0.05173280747831299
2008-02-06,0.025765599383936966
2008-02-07,-0.004555323235439168
2008-02-08,0.0
2008-02-11,0.0
2008-02-12,0.0
2008-02-13,-0.09000000000000075
2008-02-14,0.06651165914809631
2008-02-15,-0.07411983085723328
2008-02-18,0.07260138977875386
2008-02-19,0.15739861022124657
2008-02-20,-0.12848396137749152
2008-02-21,-0.04327877936401414
2008-02-22,-0.10256705468930338
2008-02-25,-0.13728444354810243
2008-02-26,0.1181283005829803
2008-02-27,0.10516884755374445
2008-02-28,-0.05586660528200049
2008-02-29,0.0056382719357124245
2008-03-03,0.054685456225321616
2008-03-04,-0.08767443943206477
2008-03-05,0.02106698238353566
2008-03-06,0.07394220200282042
2008-03-07,-0.06538081149760622
2008-03-10,-0.11663938968200682
2008-03-11,0.030034335089449193
2008-03-12,-0.09756027275891999
2008-03-13,-0.10045145869494387
2008-03-14,-0.09070891913305168
2008-03-17,-0.15069295281631323
2008-03-18,-0.1515000723057689
2008-03-19,0.09394460445879282
2008-03-20,0.023634440158524228
2008-03-21,-0.00048579378439406184
2008-03-24,-0.09810993181026983
2008-03-25,0.055364845180866595
2008-03-26,0.004733355175537746
2008-03-27,-0.09505708333657115
2008-03-28,0.1868832862593468
2008-03-31,-0.10022793026060128
2008-04-01,-0.10945074403433708
2008-04-02,0.13775667347173037
2008-04-03,0.10670325494896282
2008-04-04,0.01565183579647922
2008-04-07,0.09835142593163759
2008-04-08,-0.04651165914809585
2008-04-09,-0.19510498228678852
2008-04-10,0.05845202874401423
2008-04-11,-0.02247125678887052
2008-04-14,-0.18507304965330995
2008-04-15,0.01187650432896259
2008-04-16,-0.07365000338957728
2008-04-17,-0.12080711948945666
2008-04-18,-0.19920644437131063
2008-04-21,0.07352507839732514
2008-04-22,0.04906315060634814
2008-04-23,0.1291585454210944
2008-04-24,0.43920644437130996
2008-04-25,-0.12422283612558171
2008-04-28,-0.06316741823252858
2008-04-29,0.10512335105949955
2008-04-30,0.1578181362827138
2008-05-01,0.015312141318706729
2008-05-02,0.01214752862783719
2008-05-05,0.009999999999999787
2008-05-06,-0.08961240657201053
2008-05-07,-0.17272912031266419
2008-05-08,0.04657792687102269
2008-05-09,-0.07058118859914053
2008-05-12,0.012229762667502975
2008-05-13,-0.07416772980744923
2008-05-14,0.09804606654331405
2008-05-15,-0.0514386094947854
2008-05-16,-0.024345761747548877
2008-05-19,-0.04495888298016659
2008-05-20,-0.14382803532967614
2008-05-21,0.06153680985118992
2008-05-22,-0.07791593355343096
2008-05-23,0.022601389778753145
2008-05-26,-0.08453935691870029
2008-05-27,0.008417693654565461
2008-05-28,0.0843138291140706
2008-05-29,-0.08575243860885617
2008-05-30,0.0333446440012537
2008-06-02,0.05432979543081018
2008-06-03,-0.04539677781434559
2008-06-04,-0.027382643904506843
2008-06-05,-0.034958882980166806
2008-06-06,-0.013440441901686917
2008-06-09,-0.00266525504570847
2008-06-10,-0.3707592205392398
2008-06-11,-0.034340956835604786
2008-06-12,-0.13886634680785104
2008-06-13,-0.015781968786361844
2008-06-16,-0.008739019359627065
2008-06-17,-0.020759220539240175
2008-06-18,0.12922481314402123
2008-06-19,-0.24647972651461814
2008-06-20,0.15018003131038515
2008-06-23,-0.043166612061155796
2008-06-24,0.08022552780462977
2008-06-25,0.15043549237820564
2008-06-26,-0.028871554805481203
2008-06-27,-0.29016206562335967
2008-06-30,-0.014664684996638755
2008-07-01,-0.0927766161771939
2008-07-02,0.027286846004074494
2008-07-03,0.01584823650928957
2008-07-04,-0.006947151526302875
2008-07-07,0.15113084765049045
2008-07-08,-0.004945319119399549
2008-07-09,0.15100071466060783
2008-07-10,-0.06533291254738849
2008-07-11,-0.04208406644656826
2008-07-14,0.0027474890853751432
2008-07-15,-0.1334085092682109
2008-07-16,-0.09427949402462099
2008-07-17,-0.013358207862020688
2008-07-18,0.06316701514684153
2008-07-21,0.042713153995925346
2008-07-22,0.01686491748663599
2008-07-23,-0.026575524415052065
2008-07-24,0.049596440255272434
2008-07-25,-0.0503396944777732
2008-07-28,0.04185813555625284
2008-07-29,-0.07224572898424153
2008-07-30,0.010323728161034218
2008-07-31,-0.054926950346689374
2008-08-01,0.0688212533992929
2008-08-04,-0.08108294870027377
2008-08-05,-0.02778620364923512
2008-08-06,0.04276345540211368
2008-08-07,-0.00033969447777248973
2008-08-08,-0.16620389730380092
2008-08-11,-0.18658908827581833
2008-08-12,-0.0198834308708844
2008-08-13,-0.07366596970631667
2008-08-14,-0.022325560567935998
2008-08-15,0.024669489908582865
2008-08-18,-0.14035566079451156
2008-08-19,0.006851353625869194
2008-08-20,0.30975850587863185
2008-08-21,-0.1268377897651023
2008-08-22,0.04886874926382356
2008-08-25,-0.03946630726538958
2008-08-26,-0.08888511866624826
2008-08-27,0.05423399753037694
2008-08-28,0.025492575714777477
2008-08-29,0.05571810351940698
2008-09-01,-0.11578437124233432
2008-09-02,-0.01085501843967318
2008-09-03,-0.019498239898866565
2008-09-04,-0.0011468139672290434
2008-09-05,-0.08075922053923978
2008-09-08,0.036899252576085395
2008-09-09,-0.004523390601961275
2008-09-10,0.05303688215695912
2008-09-11,-0.08806203286005321
2008-09-12,0.010307761844295271
2008-09-15,-0.006445391425168978
2008-09-16,-0.31924077946076057
2008-09-17,-0.21240298969565785
2008-09-18,0.047953074184539535
2008-09-19,0.29791633663911865
2008-09-22,0.3580891605815877
2008-09-23,0.016714013268070538
2008-09-24,-0.014961688521825334
2008-09-25,0.056931185209563306
2008-09-26,-0.04071132158902335
2008-09-29,0.003004949523481404
2008-09-30,-0.0030368821569592974
2008-10-01,0.0
2008-10-02,0.0
2008-10-03,0.0
2008-10-06,-0.18000000000000016
2008-10-07,0.013023318296192521
2008-10-08,-0.1728907828503381
2008-10-09,-0.024683053769349428
2008-10-10,-0.22292271548381537
2008-10-13,0.2003420969337446
2008-10-14,-0.11780416933626014
2008-10-15,0.031680103616153144
2008-10-16,-0.08757623907565915
2008-10-17,0.02841769365456548
2008-10-20,0.04508901597004922
2008-10-21,-0.05578437124233426
2008-10-22,-0.05852945787173702
2008-10-23,-0.05688088380337453
2008-10-24,0.06350670962461447
2008-10-27,-0.1610829487002734
2008-10-28,0.1291130489268495
2008-10-29,-0.11710881406397533
2008-10-30,0.045606339302234566
2008-10-31,-0.0168010522196802
2008-11-03,0.022649288728969985
2008-11-04,1.5966316738946773e-05
2008-11-05,0.10151844107847952
2008-11-06,-0.05612406572010675
2008-11-07,0.04526664482446208
2008-11-10,0.16699505047651853
2008-11-11,-0.04037402956722236
2008-11-12,0.02096878202713004
2008-11-13,0.08659149073179018
2008-11-14,0.05424756139114395
2008-11-17,0.08877095199310503
2008-11-18,-0.09310314987988644
2008-11-19,0.11219783003402517
2008-11-20,-0.09332867768451525
2008-11-21,-0.0451369149202665
2008-11-24,-0.11877095199310483
2008-11-25,-0.018059630404081428
2008-11-26,0.001260980640372722
2008-11-27,0.019628372888749634
2008-11-28,-0.13846559260478175
2008-12-01,0.0260921330866295
2008-12-02,-0.01946630726538956
2008-12-03,0.10189006818973034
2008-12-04,0.053116713740652965
2008-12-05,0.009530172532344672
2008-12-08,0.08379610269619908
2008-12-09,-0.07689925257608543
2008-12-10,0.06297301689000401
2008-12-11,-0.09374820374598247
2008-12-12,-0.0889330176164651
2008-12-15,-0.010321325705062279
2008-12-16,-0.01683298485315854
2008-12-17,-0.010387593427989117
2008-12-18,0.05885318603277101
2008-12-19,-0.02843365997130398
2008-12-22,-0.0366074570485293
2008-12-23,-0.05382803532967673
2008-12-24,-0.034974849296906196
2008-12-25,-0.014958882980166788
2008-12-26,0.007334744954290873
2008-12-29,-0.030371627111250188
2008-12-30,-0.0504035597447281
2008-12-31,-0.00421562875766579
2009-01-01,-0.0037961026961990108
2009-01-02,0.0
2009-01-05,0.03999999999999959
2009-01-06,0.05155037371195759
2009-01-07,-0.055025150703094106
2009-01-08,-0.05852945787173702
2009-01-09,0.03311911619662533
2009-01-12,-0.01300494952348119
2009-01-13,-0.0473507112710303
2009-01-14,0.06730281232081392
2009-01-15,-0.041082948700273736
2009-01-16,0.053764170062721384
2009-01-19,0.09890108498298744
2009-01-20,-0.032327963023907724
2009-01-21,-0.00395816831955953
2009-01-22,0.02657552441505162
2009-01-23,-0.01959644025527174
2009-01-26,0.001502474761740924
2009-01-27,-0.0015184410784794267
2009-01-28,0.0
2009-01-29,0.0
2009-01-30,0.0
2009-02-02,0.009999999999999787
2009-02-03,0.03038759342798958
2009-02-04,0.06192200082320776
2009-02-05,-0.015396777814344897
2009-02-06,0.14378013637945974
2009-02-09,0.00390786691337075
2009-02-10,0.02062908754935755
2009-02-11,0.020387593427989348
2009-02-12,-0.03846559260478166
2009-02-13,0.09996806736652264
2009-02-16,0.19083905212293395
2009-02-17,-0.08504351947580524
2009-02-18,-0.16945074403433713
2009-02-19,-0.014568887096205962
2009-02-20,0.016334030293683632
2009-02-23,0.031162780283967795
2009-02-24,-0.1365595580983121
2009-02-25,0.026851353625868768
2009-02-26,-0.06946630726538938
2009-02-27,0.04995210104978387
2009-03-02,-0.012617356095492305
2009-03-03,-0.006591490731790106
2009-03-04,0.2988531860327708
2009-03-05,0.1708685823004399
2009-03-06,-0.05102188897497717
2009-03-09,-0.17095321879607805
2009-03-10,-0.013050446017726092
2009-03-11,-0.07366596970631667
2009-03-12,-0.0023255605679359803
2009-03-13,0.03544467676456131
2009-03-16,0.021550373711957338
2009-03-17,0.06381206901293801
2009-03-18,-0.026155998353584398
2009-03-19,0.02339254295147075
2009-03-20,-0.011502474761741155
2009-03-23,0.0011308476504900966
2009-03-24,0.029240779460760535
2009-03-25,-0.07883721971603208
2009-03-26,0.1191769141938046
2009-03-27,-0.021422643178046208
2009-03-30,-0.02166454038510146
2009-03-31,-0.002681221362447417
2009-04-01,0.027722338382280665
2009-04-02,0.031162780283967795
2009-04-03,0.06344044190168763
2009-04-06,0.00460322218565512
2009-04-07,0.004555323235438724
2009-04-08,-0.14000000000000012
2009-04-09,0.00457369200814961
2009-04-10,0.039758505878631833
2009-04-13,0.052697187679186186
2009-04-14,0.015734069836145892
2009-04-15,-0.015816303875811677
2009-04-16,0.01998403368326107
2009-04-17,-0.0407432542225008
2009-04-20,0.039968067366522586
2009-04-21,-0.03148650844500267
2009-04-22,0.0018741018729913073
2009-04-23,-0.052277661617719406
2009-04-24,-0.031937967139946455
2009-04-27,0.005041117019832786
2009-04-28,0.008109931810269977
2009-04-29,0.06114681396722865
2009-04-30,-0.02691521889282411
2009-05-01,0.003392542951470734
2009-05-04,0.05772233838228047
2009-05-05,-0.007674439432064251
2009-05-06,0.024167729807449412
2009-05-07,0.020015966316738965
2009-05-08,0.05229362793445835
2009-05-11,-0.026543591781574172
2009-05-12,0.02263332241223104
2009-05-13,0.008497525238259307
2009-05-14,-0.03809396549353128
2009-05-15,0.00920884682728218
2009-05-18,-0.0026492887289699674
2009-05-19,0.0007592205392397133
2009-05-20,-0.040000000000000036
2009-05-21,-0.05155037371195714
2009-05-22,0.005025150703093839
2009-05-25,-0.0034085092682096807
2009-05-26,-0.02924077946076009
2009-05-27,0.06883721971603185
2009-05-28,0.0004354923782057263
2009-05-29,0.005314543774678437
2009-06-01,0.10000000000000009
2009-06-02,-0.036124065720106735
2009-06-03,0.11604183168044102
2009-06-04,-0.018773354449076685
2009-06-05,-0.022423760924341174
2009-06-08,0.18731877863755253
2009-06-09,0.06508661351407774
2009-06-10,0.03675075081349233
2009-06-11,0.04533051009141742
2009-06-12,-0.0669311852095631
2009-06-15,0.19032372816103393
2009-06-16,-0.007950268642881397
2009-06-17,0.014037596817567
2009-06-18,-0.0007592205392397133
2009-06-19,0.17999999999999972
2009-06-22,0.2169766817038079
2009-06-23,0.29180543169409123
2009-06-24,-0.023591346120252155
2009-06-25,0.05856098741952831
2009-06-26,-0.13224572898424203
2009-06-29,-0.042001832406900697
2009-06-30,-0.11142024072207413
2009-07-01,0.13308718356314753
2009-07-02,0.027834102599452848
2009-07-03,-0.018208132166675384
2009-07-06,0.09111488133375101
2009-07-07,-0.1087893207658146
2009-07-08,-0.08743054285472596
2009-07-09,0.008160233216458757
2009-07-10,-0.0360577979971799
2009-07-13,-0.08964433920548842
2009-07-14,0.05423399753037739
2009-07-15,-0.014507424285223003
2009-07-16,0.044167729807449874
2009-07-17,-0.059208846827282
2009-07-20,0.020711321589023335
2009-07-21,-0.05378013637946033
2009-07-22,0.019580473938533238
2009-07-23,0.08697908415977906
2009-07-24,-0.02499321806961685
2009-07-27,0.11567020456919064
2009-07-28,-0.008014133909837184
2009-07-29,-0.13203616749635128
2009-07-30,0.1638144714689096
2009-07-31,0.07596000072646092
2009-08-03,-0.013992503409008705
2009-08-04,-0.08508901597004925
2009-08-05,-0.05576600246962293
2009-08-06,-0.05877095199310478
2009-08-07,-0.11573406983614554
2009-08-10,-0.04805963040408123
2009-08-11,0.010098200356405407
2009-08-12,-0.1222616953009803
2009-08-13,0.04686731994260729
2009-08-14,-0.1371726793309307
2009-08-17,-0.2112426118676618
2009-08-18,0.001990671002106481
2009-08-19,-0.08516844446805738
2009-08-20,0.11880528708255422
2009-08-21,0.04933657736119379
2009-08-24,-0.01895138638917615
2009-08-25,-0.10736667758776841
2009-08-26,0.02345881067439759
2009-08-27,0.0028113543523304863
2009-08-28,-0.06733474495429137
2009-08-31,-0.23195393345668602
2009-09-01,0.055770807381567256
2009-09-02,0.07525108159340954
2009-09-03,0.12880288462658251
2009-09-04,0.0014841059890295938
2009-09-07,0.008723053042888118
2009-09-08,0.04924077946076055
2009-09-09,-0.00806203286005358
2009-09-10,-0.026591490731790124
2009-09-11,0.1280779991767922
2009-09-14,0.0027610529461421507
2009-09-15,-0.020130132989883087
2009-09-16,-0.05116278028396781
2009-09-17,0.05578437124233382
2009-09-18,-0.12147054212826314
2009-09-21,0.01990420209956767
2009-09-22,-0.06833545961489884
2009-09-23,-0.030807119489455914
2009-09-24,0.02428189648059309
2009-09-25,-0.04111488133375163
2009-09-28,-0.019272712094237754
2009-09-29,0.006187930987062273
2009-09-30,0.048869152349509726
2009-10-01,0.0026971876791863636
2009-10-02,0.0037961026961990108
2009-10-05,0.0
2009-10-06,0.0
2009-10-07,0.0
2009-10-08,0.0
2009-10-09,0.10000000000000009
2009-10-12,-0.006124065720106486
2009-10-13,0.04720461196440873
2009-10-14,0.010791153172717394
2009-10-15,0.0034244755849481834
2009-10-16,-0.04924077946076011
2009-10-19,0.04806203286005317
2009-10-20,0.06814186444374748
2009-10-21,0.016509256692123664
2009-10-22,-0.034297862797331824
2009-10-23,0.06920884682728268
2009-10-26,-0.010323728161034218
2009-10-27,-0.11507304965331056
2009-10-28,0.014589658324888788
2009-10-29,-0.07833545961489863
2009-10-30,0.08880528708255397
2009-11-02,0.07817379707722516
2009-11-03,0.009933732277072949
2009-11-04,0.01607376431391927
2009-11-05,0.05038759342798915
2009-11-06,-0.027302812320813885
2009-11-09,0.012633322412231252
2009-11-10,0.008109931810270865
2009-11-11,0.0011468139672290434
2009-11-12,-0.029240779460760535
2009-11-13,0.018837219716031584
2009-11-16,0.08849752523825938
2009-11-17,0.035006781930383646
2009-11-18,0.08799576513712637
2009-11-19,-0.004621590958366006
2009-11-20,-0.024313829114070984
2009-11-23,0.008077999176792083
2009-11-24,-0.10189006818972945
2009-11-25,0.02688328625934666
2009-11-26,-0.1564294251084304
2009-11-27,-0.09353623980212067
2009-11-30,0.0651233510595004
2009-12-01,0.016267762570755906
2009-12-02,0.036848951169897504
2009-12-03,-0.00731877863755237
2009-12-04,0.1418900681897295
2009-12-07,-0.005332912547388879
2009-12-08,-0.049758505878632064
2009-12-09,-0.09308478110717644
2009-12-10,0.021956335912657998
2009-12-11,-0.015670204569190105
2009-12-14,0.1318900681897297
2009-12-15,-0.08572050597537828
2009-12-16,0.016381526158212978
2009-12-17,-0.06644539142516859
2009-12-18,-0.02156634002869673
2009-12-21,-0.005330510091417828
2009-12-22,-0.031518441078479675
2009-12-23,-0.0011627802839679902
2009-12-24,0.05772233838228136
2009-12-25,-0.037674439432064055
2009-12-28,0.043004949523481883
2009-12-29,0.06851349155499875
2009-12-30,0.09575003615288402
2009-12-31,0.01880288462658264
2010-01-01,0.007220578281147638
2010-01-04,-0.03924077946076032
2010-01-05,0.0484496262880425
2010-01-06,-0.051098915017012025
2010-01-07,-0.07814186444374727
2010-01-08,0.013103149879887255
2010-01-11,0.03470142254205921
2010-01-12,0.05306881479043746
2010-01-13,-0.1750251507030951
2010-01-14,0.016819420992391976
2010-01-15,-0.012890782850337956
2010-01-18,0.0015184410784794267
2010-01-19,0.009999999999999787
2010-01-20,-0.06961240657201095
2010-01-21,0.02804606654331465
2010-01-22,0.025848236509289357
2010-01-25,-0.01655955809831333
2010-01-26,0.021502474761740942
2010-01-27,-0.05074325422250059
2010-01-28,-0.0004195260614672236
2010-01-29,-0.013796102696199242
2010-02-01,-0.07038759342798873
2010-02-02,0.0465276254648348
2010-02-03,0.08662342336526763
2010-02-04,-0.012715556451897037
2010-02-05,-0.013942202002820814
2010-02-08,-0.0022936279344580868
2010-02-09,-0.031518441078479675
2010-02-10,0.01883721971603247
2010-02-11,-0.011502474761740267
2010-02-12,0.02113084765048967
2010-02-15,1.5966316738946773e-05
2010-02-16,0.0015184410784794267
2010-02-17,0.0
2010-02-18,0.0
2010-02-19,0.0
2010-02-22,-0.019999999999999574
2010-02-23,-0.020775186855979122
2010-02-24,0.017706372065542375
2010-02-25,0.049256745777499056
2010-02-26,-0.016543591781574385
2010-03-01,0.03302091584022104
2010-03-02,-0.010355660794511223
2010-03-03,0.021890068189729384
2010-03-04,1.5966316738946773e-05
2010-03-05,-0.028481558921519934
2010-03-08,-0.0011627802839679902
2010-03-09,0.017722338382280434
2010-03-10,-0.02922481314402159
2010-03-11,0.030355660794511685
2010-03-12,-0.021114881333750724
2010-03-15,-0.02849752523825977
2010-03-16,0.017318778637552157
2010-03-17,0.02849752523825977
2010-03-18,-0.017318778637552157
2010-03-19,0.00150247476174048
2010-03-22,0.00848155892152036
2010-03-23,-0.009612406572010457
2010-03-24,0.07037162711124978
2010-03-25,-0.05804606654331401
2010-03-26,0.07298898320674319
2010-03-29,0.12815783076048604
2010-03-30,0.02035325833853996
2010-03-31,-0.06974253956189358
2010-04-01,0.017658473115324647
2010-04-02,-0.02529857745793951
2010-04-05,0.0007432542225007666
2010-04-06,-0.0015184410784794267
2010-04-07,-0.03000000000000025
2010-04-08,-0.03116278028396735
2010-04-09,0.02655955809831223
2010-04-12,-0.021114881333750724
2010-04-13,0.0515024747617403
2010-04-14,-0.03958047393853281
2010-04-15,0.0022457289842421346
2010-04-16,-0.053036882156958676
2010-04-19,-0.151937967139947
2010-04-20,0.0003899958839612694
2010-04-21,-0.0010007146606074713
2010-04-22,-0.058853186032771454
2010-04-23,0.02843365997130398
2010-04-26,-0.003392542951471178
2010-04-27,0.00227766161771914
2010-04-28,0.009999999999999787
2010-04-29,0.06038759342798983
2010-04-30,0.08308478110717576
2010-05-03,0.007656070659353809
2010-05-04,-0.0539262356860819
2010-05-05,-0.0023255605679359803
2010-05-06,-0.08455532323543924
2010-05-07,-0.023100747423914214
2010-05-10,0.053151048830102354
2010-05-11,-0.06919288051054373
2010-05-12,0.04184216923951389
2010-05-13,0.06623582993727872
2010-05-14,-0.03424996384711587
2010-05-17,-0.12623582993727833
2010-05-18,-0.01807559672081993
2010-05-19,-0.06025746043810676
2010-05-20,-0.01269718767918615
2010-05-21,0.0658163038758115
2010-05-24,0.05195393345668542
2010-05-25,-0.09274748908537411
2010-05-26,0.009920168416305053
2010-05-27,-0.0072046119644086914
2010-05-28,0.09075922053923957
2010-05-31,0.08348834085190404
2010-06-01,0.019933732277072735
2010-06-02,-0.2035386422580916
2010-06-03,-0.05738024144853604
2010-06-04,-0.21788159846398214
2010-06-07,-0.10154797125598547
2010-06-08,-0.05867275163670005
2010-06-09,0.11161664143488448
2010-06-10,-0.07838576102108741
2010-06-11,0.006009899046963252
2010-06-14,-0.006073764313918595
2010-06-15,0.0
2010-06-16,0.0
2010-06-17,0.010000000000000231
2010-06-18,-0.06961240657201051
2010-06-21,0.09804606654331405
2010-06-22,-0.011438609494785368
2010-06-23,-0.022795388035591557
2010-06-24,-0.0019220008232077035
2010-06-25,-0.002277661617719584
2010-06-28,0.0
2010-06-29,-0.07999999999999963
2010-06-30,-0.08310074742391471
2010-07-01,-0.009174511737832791
2010-07-02,0.003926235686081192
2010-07-05,-0.029612406572010475
2010-07-06,0.1095964402552716
2010-07-07,0.0019858660901630465
2010-07-08,-0.001648574068362052
2010-07-09,0.06961240657201051
2010-07-12,0.0319539334566854
2010-07-13,-0.053522675941353626
2010-07-14,0.01995210104978362
2010-07-15,-0.08378013637945969
2010-07-16,-0.021582306345434787
2010-07-19,0.023151048830102994
2010-07-20,0.05964433920548862
2010-07-21,0.014603222185654907
2010-07-22,0.024942916663428072
2010-07-23,0.02153440739521839
2010-07-26,-0.0077063720655417
2010-07-27,-0.008869152349510134
2010-07-28,0.04885318603277122
2010-07-29,0.011178746600706724
2010-07-30,-0.025816303875811464
2010-08-02,0.03959644025527176
2010-08-03,-0.06072728790576232
2010-08-04,-0.009288678410976914
2010-08-05,-0.06494291666342766
2010-08-06,0.02691521889282411
2010-08-09,-0.02339254295147075
2010-08-10,-0.05849752523825913
2010-08-11,0.006155998353584824
2010-08-12,-0.024167729807449412
2010-08-13,0.00998403368326084
2010-08-16,0.03886915234950994
2010-08-17,-0.007690405748802753
2010-08-18,0.012649288728969754
2010-08-19,0.009628372888749848
2010-08-20,0.0011468139672290434
2010-08-23,-0.04924077946076055
2010-08-24,-0.011937967139946437
2010-08-25,-0.05418369612418861
2010-08-26,0.017302812320813654
2010-08-27,-0.02302091584022037
2010-08-30,0.010743254222500997
2010-08-31,-0.06113084765049015
2010-09-01,0.01843365997130375
2010-09-02,0.016219863620539954
2010-09-03,-0.01770637206554193
2010-09-06,0.0407432542225008
2010-09-07,0.010031932633477236
2010-09-08,-0.026575524415051177
2010-09-09,-0.030403559744728526
2010-09-10,-0.00344044190168713
2010-09-13,0.007722338382280647
2010-09-14,-0.019612406572010688
2010-09-15,-0.030015966316739195
2010-09-16,-0.07268122136244726
2010-09-17,-0.00499081561364445
2010-09-20,-0.015314543774678224
2010-09-21,0.019612406572010688
2010-09-22,1.5966316738946773e-05
2010-09-23,0.0015184410784794267
2010-09-24,0.0
2010-09-27,0.029999999999999805
2010-09-28,0.011162780283967777
2010-09-29,0.05266525504570918
2010-09-30,0.01269718767918615
2010-10-01,0.004183696124188341
2010-10-04,0.0007592205392397133
2010-10-05,0.0
2010-10-06,0.0
2010-10-07,0.0
2010-10-08,0.040000000000000036
2010-10-11,0.041550373711957356
2010-10-12,0.004587255868916618
2010-10-13,0.033036882156959546
2010-10-14,0.05116278028396781
2010-10-15,0.1542156287576657
2010-10-18,-0.0203899958839604
2010-10-19,0.010225527804629042
2010-10-20,-0.012277661617719371
2010-10-21,-0.06038759342798938
2010-10-22,-0.053084781107175516
2010-10-25,0.05350670962461468
2010-10-26,-0.0514705421282633
2010-10-27,0.012617356095492305
2010-10-28,0.026591490731790124
2010-10-29,0.0019220008232077035
2010-11-01,0.06227766161771964
2010-11-02,-0.0076744394320638065
2010-11-03,0.004167729807449394
2010-11-04,-0.0007592205392397133
2010-11-05,0.0
2010-11-08,0.0
2010-11-09,0.0
2010-11-10,0.0
2010-11-11,-0.10000000000000009
2010-11-12,-0.12387593427989341
2010-11-15,0.04775667347173007
2010-11-16,-0.12678508590294202
2010-11-17,-9.579790043323655e-05
2010-11-18,0.0008893535291227828
2010-11-19,-0.009612406572010901
2010-11-22,-0.03962837288874965
2010-11-23,-0.0023095942511970335
2010-11-24,0.0069631178430409335
2010-11-25,0.030387593427989135
2010-11-26,0.0019220008232077035
2010-11-29,-0.007722338382280203
2010-11-30,-0.040387593427989366
2010-12-01,0.007690405748802753
2010-12-02,0.03735071127103007
2010-12-03,-0.017690405748802984
2010-12-06,0.0022616953009806373
2010-12-07,-0.0015184410784794267
2010-12-08,-0.029999999999999805
2010-12-09,-0.0011627802839679902
2010-12-10,-0.002277661617719584
2010-12-13,0.040000000000000036
2010-12-14,0.011550373711957107
2010-12-15,-0.01657552441505139
2010-12-16,-0.020015966316738965
2010-12-17,-0.012293627934457874
2010-12-20,-0.021906034506468774
2010-12-21,0.018465592604781644
2010-12-22,-0.020743254222500784
2010-12-23,0.0007432542225007666
2010-12-24,-0.011518441078479214
2010-12-27,-0.010387593427989561
2010-12-28,-0.02114681396722906
2010-12-29,0.008465592604781857
2010-12-30,-0.0011308476504900966
2010-12-31,0.0107592205392395
2011-01-03,0.00038759342798933005
2011-01-04,0.030759220539239518
2011-01-05,-0.028837219716031814
2011-01-06,-0.008885118666248193
2011-01-07,0.04733474495429135
2011-01-10,-0.03882125339929354
2011-01-11,0.02224572898424171
2011-01-12,0.01773830469901938
2011-01-13,0.012293627934457874
2011-01-14,-0.028093965493531048
2011-01-17,-0.0504035597447281
2011-01-18,0.005784371242333997
2011-01-19,-0.0034085092682096807
2011-01-20,-0.03924077946076032
2011-01-21,0.038449626288042715
2011-01-24,-0.011486508445001764
2011-01-25,0.03264928872896977
2011-01-26,0.010403559744728508
2011-01-27,0.012665255045708701
2011-01-28,0.0011468139672290434
2011-01-31,-0.009240779460760074
2011-02-01,-0.00038759342798933005
2011-02-02,-0.0007592205392397133
2011-02-03,0.0
2011-02-04,0.0
2011-02-07,0.0
2011-02-08,0.0
2011-02-09,-0.020000000000000018
2011-02-10,0.019224813144021358
2011-02-11,-0.0007432542225007666
2011-02-14,0.05151844107847925
2011-02-15,-0.00806203286005358
2011-02-16,0.013408509268209912
2011-02-17,-0.0003716271112503833
2011-02-18,-0.009240779460760518
2011-02-21,-0.010387593427989117
2011-02-22,-0.031146813967228848
2011-02-23,-0.011922000823207934
2011-02-24,-0.002665255045708914
2011-02-25,0.009240779460760518
2011-02-28,0.00038759342798933005
2011-03-01,0.0107592205392395
2011-03-02,0.020387593427989348
2011-03-03,0.03153440739521818
2011-03-04,0.012681221362447648
2011-03-07,0.022665255045708932
2011-03-08,0.01153440739521816
2011-03-09,0.07190603450646904
2011-03-10,-0.06652762546483526
2011-03-11,-0.027398610221246233
2011-03-14,-0.04647732405864646
2011-03-15,-0.013828035329676691
2011-03-16,0.0065755244150516035
2011-03-17,-0.030371627111250188
2011-03-18,-0.010403559744728508
2011-03-21,0.007334744954291317
2011-03-22,0.01962837288874919
2011-03-23,0.02153440739521839
2011-03-24,0.012293627934458318
2011-03-25,0.06190603450646881
2011-03-28,0.0030847811071756936
2011-03-29,-0.005444676764561507
2011-03-30,0.019612406572010688
2011-03-31,-0.029984033683260858
2011-04-01,0.040355660794511916
2011-04-04,-0.0007272879057622639
2011-04-05,0.0030368821569592974
2011-04-06,0.040000000000000036
2011-04-07,0.0015503737119573202
2011-04-08,-0.0069631178430409335
2011-04-11,-0.020387593427989348
2011-04-12,0.008465592604781857
2011-04-13,0.03886915234950994
2011-04-14,0.01230959425119682
2011-04-15,0.023424475584948645
2011-04-18,0.0015344073952183734
2011-04-19,-0.05848155892152063
2011-04-20,-0.0023255605679359803
2011-04-21,-0.004555323235438724
2011-04-22,-0.009999999999999787
2011-04-25,-0.03038759342798958
2011-04-26,-0.01192200082320749
2011-04-27,0.017334744954291104
2011-04-28,0.010015966316738734
2011-04-29,-0.00809396549353103
2011-05-02,0.0003716271112503833
2011-05-03,0.02924077946076009
2011-05-04,-0.028837219716031814
2011-05-05,0.04111488133375163
2011-05-06,-0.02072728790576228
2011-05-09,-0.007738304699019594
2011-05-10,-0.0019060345064687567
2011-05-11,-0.0007592205392397133
2011-05-12,-0.020000000000000018
2011-05-13,0.019224813144021358
2011-05-16,-0.020743254222500784
2011-05-17,0.0007432542225007666
2011-05-18,0.028481558921520822
2011-05-19,-0.00883721971603224
2011-05-20,0.001890068189730254
2011-05-23,-0.050759220539239536
2011-05-24,-0.021937967139946668
2011-05-25,-0.03457128955217792
2011-05-26,0.0173187786375526
2011-05-27,-0.001502474761740924
2011-05-30,0.04151844107847946
2011-05-31,0.0015503737119573202
2011-06-01,-0.006963117843040489
2011-06-02,-0.040387593427989366
2011-06-03,0.017690405748802984
2011-06-06,-0.0022616953009806373
2011-06-07,0.021518441078479444
2011-06-08,0.010775186855978447
2011-06-09,0.0019060345064687567
2011-06-10,-0.17924077946076
2011-06-13,-0.026976681703807515
2011-06-14,-0.014441156562294832
2011-06-15,-0.021518441078479444
2011-06-16,-0.020775186855978678
2011-06-17,-0.012293627934458318
2011-06-20,-0.04190603450646879
2011-06-21,-0.0023095942511970335
2011-06-22,0.04696311784304097
2011-06-23,0.07193796713994649
2011-06-24,0.08650925669212439
2011-06-27,-0.021584708801406727
2011-06-28,-0.025089015970049644
2011-06-29,-0.043440441901687166
2011-06-30,-0.013828035329676691
2011-07-01,-0.0034244755849486275
2011-07-04,0.02924077946076009
2011-07-05,-0.008837219716031797
2011-07-06,-0.03810993181026978
2011-07-07,-0.012309594251197264
2011-07-08,0.01657552441505139
2011-07-11,1.5966316738946773e-05
2011-07-12,-0.03848155892152061
2011-07-13,0.038449626288042715
2011-07-14,-0.0014865084450019772
2011-07-15,-0.006963117843040489
2011-07-18,-0.010387593427989561
2011-07-19,-0.01114681396722883
2011-07-20,-0.011146813967229274
2011-07-21,-0.01114681396722883
2011-07-22,0.008853186032770743
2011-07-25,-0.04037162711125042
2011-07-26,0.009208846827282624
2011-07-27,-0.012649288728970198
2011-07-28,-0.019628372888749634
2011-07-29,0.04846559260478189
2011-08-01,-0.02958047393853347
2011-08-02,-0.017366677587768997
2011-08-03,-0.013052848473698031
2011-08-04,0.00809396549353103
2011-08-05,-0.040371627111249975
2011-08-08,-0.06079115317271766
2011-08-09,0.004637557275104509
2011-08-10,0.005832270192550837
2011-08-11,0.02114681396722906
2011-08-12,0.01153440739521816
2011-08-15,0.021906034506468774
2011-08-16,-0.008465592604781413
2011-08-17,0.0011308476504900966
2011-08-18,-0.030759220539239962
2011-08-19,-0.021162780283968008
2011-08-22,-0.013052848473698031
2011-08-23,0.028093965493531048
2011-08-24,-0.00959644025527151
2011-08-25,0.0718900681897301
2011-08-26,-0.01804606654331442
2011-08-29,-0.025460643081300027
2011-08-30,0.0173187786375526
2011-08-31,0.008497525238258863
2011-09-01,0.0019060345064687567
2011-09-02,-0.02924077946076009
2011-09-05,-0.041162780283968026
2011-09-06,-0.013828035329676691
2011-09-07,0.02657552441505162
2011-09-08,-0.009596440255271954
2011-09-09,0.011890068189730485
2011-09-12,-0.0003716271112503833
2011-09-13,-0.009240779460760518
2011-09-14,-0.010387593427989117
2011-09-15,-0.0011468139672290434
2011-09-16,0.019240779460760304
2011-09-19,-0.039224813144021375
2011-09-20,-3.193263347744946e-05
2011-09-21,0.026963117843040507
2011-09-22,-0.04883721971603183
2011-09-23,0.0003396944777729338
2011-09-26,-0.043796102696199046
2011-09-27,0.028449626288042484
2011-09-28,-0.021874101872991325
2011-09-29,-0.008497525238258863
2011-09-30,-0.0019060345064687567
2011-10-03,-0.0007592205392397133
2011-10-04,0.0
2011-10-05,0.0
2011-10-06,0.0
2011-10-07,0.0
2011-10-10,0.020000000000000018
2011-10-11,0.06077518685597871
2011-10-12,0.04384400164641544
2011-10-13,0.026105696947396062
2011-10-14,0.013812069012937744
2011-10-17,0.011906034506468544
2011-10-18,0.011146813967229274
2011-10-19,-0.02885318603277076
2011-10-20,-0.04040355974472831
2011-10-21,0.006171964670323327
2011-10-24,0.03735071127103007
2011-10-25,0.01230959425119682
2011-10-26,0.0034244755849486275
2011-10-27,0.0007592205392397133
2011-10-28,0.010000000000000231
2011-10-31,-0.019612406572010688
2011-11-01,-1.5966316738946773e-05
2011-11-02,0.01848155892152059
2011-11-03,0.0007751868559786601
2011-11-04,0.021518441078479444
2011-11-07,-0.019224813144021358
2011-11-08,-0.009256745777499464
2011-11-09,-0.0019060345064687567
2011-11-10,-0.020759220539239287
2011-11-11,-0.0007751868559786601
2011-11-14,0.028481558921520378
2011-11-15,-0.018837219716032028
2011-11-16,-0.0484975252382589
2011-11-17,0.00654359178157371
2011-11-18,-0.033408509268209485
2011-11-21,-0.020403559744728295
2011-11-22,-0.003052848473698244
2011-11-23,-0.021518441078479444
2011-11-24,0.009224813144021127
2011-11-25,-0.011130847650489883
2011-11-28,0.01037162711125017
2011-11-29,0.029628372888749865
2011-11-30,-0.04807799917679256
2011-12-01,0.07033969447777322
2011-12-02,-0.0010829487002737004
2011-12-05,0.015314543774678224
2011-12-06,-0.029612406572010475
2011-12-07,-0.020403559744728295
2011-12-08,0.006947151526301543
2011-12-09,-0.0011308476504900966
2011-12-12,-0.019240779460760304
2011-12-13,-0.010775186855978447
2011-12-14,-0.021906034506468774
2011-12-15,-0.011534407395218604
2011-12-16,0.06809396549353153
2011-12-19,-0.008046066543314634
2011-12-20,-0.0050730496533106795
2011-12-21,-0.0011468139672290434
2011-12-22,-0.02075922053923973
2011-12-23,0.009224813144021127
2011-12-26,-0.021130847650490114
2011-12-27,-1.5966316738946773e-05
2011-12-28,0.008481558921520804
2011-12-29,0.020387593427989348
2011-12-30,0.01153440739521816
2012-01-02,0.0019060345064687567
2012-01-03,0.0007592205392397133
2012-01-04,-0.009999999999999787
2012-01-05,0.04961240657201049
2012-01-06,0.001178746600706937
2012-01-09,0.02379610269619903
2012-01-10,0.010775186855978891
2012-01-11,-0.008093965493531474
2012-01-12,0.0003716271112503833
2012-01-13,-0.0007592205392397133
2012-01-16,-0.009999999999999787
2012-01-17,0.03961240657201026
2012-01-18,-0.029208846827282198
2012-01-19,0.03187410187299111
2012-01-20,0.018885118666248424
2012-01-23,0.003052848473698244
2012-01-24,0.0015184410784794267
2012-01-25,0.0
2012-01-26,0.0
2012-01-27,0.0
2012-01-30,-0.03999999999999959
2012-01-31,0.008449626288042467
2012-02-01,-0.022649288728969985
2012-02-02,0.059984033683261107
2012-02-03,0.020807119489456127
2012-02-06,-0.024669489908582865
2012-02-07,-0.029644339205488368
2012-02-08,0.03655955809831246
2012-02-09,0.009272712094237523
2012-02-10,-0.006575524415051159
2012-02-13,-0.009628372888749848
2012-02-14,-0.01114681396722883
2012-02-15,-0.0011468139672290434
2012-02-16,-0.010759220539239944
2012-02-17,0.009612406572010901
2012-02-20,0.009628372888749404
2012-02-21,0.05114681396722931
2012-02-22,-0.017302812320813654
2012-02-23,-0.00697908415977988
2012-02-24,0.01809396549353126
2012-02-27,-0.00998403368326084
2012-02-28,0.011130847650489883
2012-02-29,-0.0003716271112503833
2012-03-01,-0.009240779460760074
2012-03-02,0.009612406572010457
2012-03-05,-0.030371627111250188
2012-03-06,-0.020403559744728295
2012-03-07,-0.013052848473698031
2012-03-08,0.008093965493531474
2012-03-09,-0.010371627111250614
2012-03-12,0.0003716271112503833
2012-03-13,0.019240779460760304
2012-03-14,0.010775186855978891
2012-03-15,-0.008093965493531474
2012-03-16,-0.009628372888749404
2012-03-19,-0.011146813967229274
2012-03-20,-0.021146813967228617
2012-03-21,-0.011534407395218604
2012-03-22,-0.0019060345064687567
2012-03-23,-0.030759220539239518
2012-03-26,-0.011162780283968221
2012-03-27,0.007334744954291317
2012-03-28,-0.0203716271112504
2012-03-29,-0.010015966316739178
2012-03-30,0.0580939654935313
2012-04-02,0.001566340028696267
2012-04-03,0.004555323235438724
2012-04-04,0.0
2012-04-05,0.020000000000000018
2012-04-06,0.020775186855978678
2012-04-09,-0.007706372065542144
2012-04-10,0.011130847650490328
2012-04-11,0.009628372888749404
2012-04-12,0.02114681396722906
2012-04-13,0.011534407395218604
2012-04-16,-0.01809396549353126
2012-04-17,0.00998403368326084
2012-04-18,0.028869152349510152
2012-04-19,-0.028077999176792545
2012-04-20,0.011114881333751825
2012-04-23,-0.001890068189730254
2012-04-24,0.0107592205392395
2012-04-25,-0.019612406572010688
2012-04-26,-1.5966316738946773e-05
2012-04-27,-0.0015184410784794267
2012-04-30,0.0
2012-05-01,0.0
2012-05-02,0.020000000000000018
2012-05-03,-0.009224813144021127
2012-05-04,0.0011308476504900966
2012-05-07,0.019240779460760304
2012-05-08,-0.00922481314402157
2012-05-09,-0.01886915234950992
2012-05-10,0.018465592604781644
2012-05-11,-0.010743254222500553
2012-05-14,-0.028869152349510152
2012-05-15,-0.01192200082320749
2012-05-16,-0.022665255045708932
2012-05-17,0.008465592604781413
2012-05-18,-0.02113084765048967
2012-05-21,0.00998403368326084
2012-05-22,-0.011130847650489883
2012-05-23,0.0003716271112503833
2012-05-24,0.009240779460760074
2012-05-25,0.00038759342798933005
2012-05-28,0.02075922053923973
2012-05-29,0.010775186855978447
2012-05-30,0.0019060345064687567
2012-05-31,0.0007592205392397133
2012-06-01,0.0
2012-06-04,-0.029999999999999805
2012-06-05,0.008837219716031797
2012-06-06,0.008109931810269977
2012-06-07,-0.008853186032771188
2012-06-08,-0.009628372888749404
2012-06-11,0.018853186032770974
2012-06-12,-0.009984033683261284
2012-06-13,-0.14886915234950981
2012-06-14,-0.036573121959079025
2012-06-15,0.007448911627434995
2012-06-18,-0.001502474761740924
2012-06-19,0.0015184410784794267
2012-06-20,0.0
2012-06-21,-0.010000000000000231
2012-06-22,-0.00038759342798933005
2012-06-25,-0.0107592205392395
2012-06-26,-0.00038759342798933005
2012-06-27,-0.010759220539239944
2012-06-28,-0.010387593427989117
2012-06-29,0.008853186032770743
2012-07-02,-0.01037162711125017
2012-07-03,0.0003716271112503833
2012-07-04,0.009240779460760074
2012-07-05,0.00038759342798933005
2012-07-06,-0.009240779460760074
2012-07-09,-0.00038759342798933005
2012-07-10,-0.02075922053923973
2012-07-11,-0.010775186855978891
2012-07-12,-0.021906034506468774
2012-07-13,0.008465592604781857
2012-07-16,-0.021130847650490114
2012-07-17,-1.5966316738946773e-05
2012-07-18,0.01848155892152059
2012-07-19,-0.00922481314402157
2012-07-20,-0.018869152349509477
2012-07-23,-0.04153440739521841
2012-07-24,-0.023068814790436765
2012-07-25,0.006187930987061829
2012-07-26,-0.0011308476504900966
2012-07-27,0.030759220539239962
2012-07-30,0.0011627802839679902
2012-07-31,0.012277661617719371
2012-08-01,0.030387593427989135
2012-08-02,-0.008077999176792083
2012-08-03,0.011890068189730041
2012-08-06,-0.01037162711125017
2012-08-07,-0.009628372888749404
2012-08-08,0.03885318603277055
2012-08-09,-0.01920884682728241
2012-08-10,0.012261695300980868
2012-08-13,-0.0011308476504900966
2012-08-14,0.0107592205392395
2012-08-15,-0.019612406572010688
2012-08-16,0.009984033683261284
2012-08-17,-0.0011308476504900966
2012-08-20,0.0107592205392395
2012-08-21,-0.019612406572010688
2012-08-22,0.029984033683261302
2012-08-23,-0.010355660794511667
2012-08-24,0.001890068189730254
2012-08-27,-0.0107592205392395
2012-08-28,-0.00038759342798933005
2012-08-29,-0.0007592205392397133
2012-08-30,0.029999999999999805
2012-08-31,-0.018837219716032028
2012-09-03,-0.02849752523825888
2012-09-04,-0.002681221362447417
2012-09-05,-0.052277661617719406
2012-09-06,-0.0019379671399466503
2012-09-07,0.036203897303801025
2012-09-10,0.0015503737119573202
2012-09-11,-0.01696311784304072
2012-09-12,-0.010775186855978891
2012-09-13,-0.021906034506468774
2012-09-14,0.008465592604781857
2012-09-17,-0.031130847650490345
2012-09-18,-0.010403559744728064
2012-09-19,-0.012665255045709145
2012-09-20,-0.02114681396722906
2012-09-21,-0.0015344073952183734
2012-09-24,-0.011518441078479214
2012-09-25,-0.010387593427989561
2012-09-26,-0.031146813967228848
2012-09-27,0.07807799917679237
2012-09-28,0.04082308580619509
2012-10-01,0.007624138025875471
2012-10-02,0.0030368821569592974
2012-10-03,0.0
2012-10-04,0.0
2012-10-05,0.0
2012-10-08,0.009999999999999787
2012-10-09,0.03038759342798958
2012-10-10,-0.008077999176792527
2012-10-11,0.011890068189730485
2012-10-12,-0.0003716271112503833
2012-10-15,0.0107592205392395
2012-10-16,-0.009612406572010457
2012-10-17,0.01037162711125017
2012-10-18,0.009628372888749404
2012-10-19,-0.01885318603277053
2012-10-22,-1.5966316738946773e-05
2012-10-23,-0.0015184410784794267
2012-10-24,0.009999999999999787
2012-10-25,-0.009612406572010457
2012-10-26,-0.029628372888749865
2012-10-29,0.008077999176792527
2012-10-30,0.008109931810269533
2012-10-31,0.0011468139672290434
2012-11-01,0.04075922053923975
2012-11-02,0.021550373711957338
2012-11-05,-0.01618793098706206
2012-11-06,0.03074325422250057
2012-11-07,0.00964433920548835
2012-11-08,0.012665255045708701
2012-11-09,0.011146813967229718
2012-11-12,0.0011468139672290434
2012-11-13,0.0007592205392397133
2012-11-14,0.0
2012-11-15,-0.020000000000000018
2012-11-16,-0.06077518685597871
2012-11-19,0.00615599835358438
2012-11-20,0.015832270192550624
2012-11-21,-0.02846559260478143
2012-11-22,0.010355660794511667
2012-11-23,-0.001890068189730254
2012-11-26,-0.01924077946075986
2012-11-27,0.009224813144021127
2012-11-28,-0.0011308476504900966
2012-11-29,0.0107592205392395
2012-11-30,0.00038759342798933005
2012-12-03,-0.01924077946075986
2012-12-04,-0.0007751868559786601
2012-12-05,0.028481558921520378
2012-12-06,0.0011627802839679902
2012-12-07,0.022277661617719602
2012-12-10,0.040775186855978696
2012-12-11,0.013068814790436534
2012-12-12,0.0034244755849486275
2012-12-13,-0.009240779460760074
2012-12-14,0.08961240657201053
2012-12-17,-0.027270879687335547
2012-12-18,0.015670204569190105
2012-12-19,-0.011890068189730041
2012-12-20,-0.019628372888749634
2012-12-21,-0.02153440739521839
2012-12-24,0.0077063720655417
2012-12-25,0.05886915234950996
2012-12-26,-0.02691521889282411
2012-12-27,-0.016607457048529284
2012-12-28,0.016947151526301774
2012-12-31,0.029256745777499038
2013-01-01,0.0026812213624469727
2013-01-02,0.002277661617719584
2013-01-03,0.0
2013-01-04,0.040000000000000036
2013-01-07,-0.008449626288042467
2013-01-08,-0.0073507112710302636
2013-01-09,-0.01114681396722883
2013-01-10,0.008853186032770743
2013-01-11,-0.01037162711125017
2013-01-14,0.050371627111250206
2013-01-15,-0.00882125339929285
2013-01-16,-0.016591490731790337
2013-01-17,-0.0015344073952183734
2013-01-18,0.01848155892152059
2013-01-21,-0.00922481314402157
2013-01-22,0.021130847650490114
2013-01-23,-0.00998403368326084
2013-01-24,0.021130847650490114
2013-01-25,-0.029984033683261302
2013-01-28,0.06035566079451149
2013-01-29,0.010047898950216183
2013-01-30,0.08494291666342813
2013-01-31,0.013859967963154585
2013-02-01,0.05646135774190775
2013-02-04,0.05269718767918663
2013-02-05,-0.05426593016385439
2013-02-06,-0.0085294578717372
2013-02-07,-0.0749429166634279
2013-02-08,0.006527625464834763
2013-02-11,-0.004926950346689107
2013-02-12,0.0007592205392397133
2013-02-13,0.0
2013-02-14,0.0
2013-02-15,0.0
2013-02-18,-0.009999999999999787
2013-02-19,-0.03038759342798958
2013-02-20,-0.01192200082320749
2013-02-21,-0.07266525504570875
2013-02-22,-0.0034723745351650237
2013-02-25,0.004685456225321349
2013-02-26,-0.019612406572010688
2013-02-27,0.01998403368326107
2013-02-28,0.029256745777499038
2013-03-01,-0.017318778637552157
2013-03-04,-0.07849752523825915
2013-03-05,0.055380811497605986
2013-03-06,-0.0037482037459826145
2013-03-07,-0.025444676764561525
2013-03-08,0.00883721971603224
2013-03-11,-0.001890068189730254
2013-03-12,0.0007592205392397133
2013-03-13,-0.03000000000000025
2013-03-14,0.018837219716032028
2013-03-15,0.028497525238259325
2013-03-18,-0.04731877863755285
2013-03-19,0.0003396944777729338
2013-03-20,0.05620389730380104
2013-03-21,0.0023255605679359803
2013-03-22,0.004555323235438724
2013-03-25,0.010000000000000231
2013-03-26,0.00038759342798933005
2013-03-27,-0.009240779460760518
2013-03-28,-0.0803875934279894
2013-03-29,0.016140032036845664
2013-04-01,-0.015298577457939722
2013-04-02,0.021130847650490114
2013-04-03,0.010015966316738734
2013-04-04,0.0019060345064687567
2013-04-05,0.0007592205392397133
2013-04-08,-0.029999999999999805
2013-04-09,-0.0011627802839679902
2013-04-10,-0.002277661617719584
2013-04-11,0.0
2013-04-12,0.009999999999999787
2013-04-15,-0.009612406572010457
2013-04-16,-0.019628372888749634
2013-04-17,-0.011534407395218604
2013-04-18,-0.0019060345064687567
2013-04-19,0.03924077946076032
2013-04-22,-0.008449626288042467
2013-04-23,-0.03735071127103007
2013-04-24,0.02769040574880277
2013-04-25,-0.0018741018729913073
2013-04-26,-0.02772233838228022
2013-04-29,-0.0011627802839679902
2013-04-30,-0.002277661617719584
2013-05-01,0.0
2013-05-02,-0.010000000000000231
2013-05-03,0.02961240657201092
2013-05-06,0.010403559744728064
2013-05-07,0.002665255045708914
2013-05-08,0.010759220539239944
2013-05-09,-0.009612406572010901
2013-05-10,0.010371627111250614
2013-05-13,-0.010371627111250614
2013-05-14,-0.019628372888749634
2013-05-15,0.008465592604781857
2013-05-16,0.01886915234950992
2013-05-17,0.02153440739521839
2013-05-20,0.03229362793445789
2013-05-21,0.002681221362447417
2013-05-22,0.002277661617719584
2013-05-23,-0.029999999999999805
2013-05-24,0.008837219716031797
2013-05-27,0.008109931810269977
2013-05-28,0.031146813967228848
2013-05-29,-0.008077999176792083
2013-05-30,-0.008109931810269977
2013-05-31,-0.01114681396722883
2013-06-03,0.008853186032770743
2013-06-04,-0.01037162711125017
2013-06-05,0.0003716271112503833
2013-06-06,-0.02075922053923973
2013-06-07,-0.020775186855978678
2013-06-10,-0.0022936279344580868
2013-06-11,-0.0015184410784794267
2013-06-12,0.0
2013-06-13,-0.03000000000000025
2013-06-14,0.018837219716032028
2013-06-17,0.018497525238259094
2013-06-18,-0.18770637206554186
2013-06-19,-0.035845834053317205
2013-06-20,-0.07558797052952437
2013-06-21,-0.024603222185655138
2013-06-24,-0.08533051009141746
2013-06-25,0.025380811497605738
2013-06-26,0.005089015970049626
2013-06-27,0.07266525504570875
2013-06-28,0.06347237453516508
2013-07-01,0.01764010434261465
2013-07-02,-0.015057083336571964
2013-07-03,-0.04001596631673898
2013-07-04,-0.013068814790436978
2013-07-05,-0.013424475584948414
2013-07-08,-0.031146813967229292
2013-07-09,0.028077999176792545
2013-07-10,0.008885118666248193
2013-07-11,0.0726652550457092
2013-07-12,-0.03652762546483501
2013-07-15,0.013764170062721348
2013-07-16,-0.0026492887289699674
2013-07-17,-0.009240779460760074
2013-07-18,-0.020387593427989348
2013-07-19,-0.02153440739521839
2013-07-22,0.0077063720655417
2013-07-23,0.01886915234950992
2013-07-24,0.0015344073952183734
2013-07-25,0.011518441078479658
2013-07-26,-0.019612406572010688
2013-07-29,-0.04001596631673898
2013-07-30,0.03693118520956329
2013-07-31,-0.0014865084450019772
2013-08-01,0.0330368821569591
2013-08-02,-0.008837219716031797
2013-08-05,0.011890068189730041
2013-08-06,-0.0003716271112503833
2013-08-07,-0.019240779460760304
2013-08-08,-0.010775186855978447
2013-08-09,-0.0019060345064687567
2013-08-12,0.02924077946076009
2013-08-13,-0.008837219716031797
2013-08-14,0.011890068189730041
2013-08-15,-0.01037162711125017
2013-08-16,0.0203716271112504
2013-08-19,1.5966316738946773e-05
2013-08-20,-0.03848155892152061
2013-08-21,-0.011550373711957551
2013-08-22,-0.023424475584948645
2013-08-23,-0.01153440739521816
2013-08-26,0.01809396549353126
2013-08-27,1.5966316738946773e-05
2013-08-28,-0.008481558921520804
2013-08-29,-0.00038759342798933005
2013-08-30,0.019240779460760304
2013-09-02,0.0007751868559786601
2013-09-03,0.021518441078479444
2013-09-04,0.0007751868559786601
2013-09-05,0.0015184410784794267
2013-09-06,0.010000000000000231
2013-09-09,0.17038759342798926
2013-09-10,-0.0026516911849419067
2013-09-11,-0.017480844260912676
2013-09-12,0.05807799917679235
2013-09-13,-0.03995210104978364
2013-09-16,0.003004949523481404
2013-09-17,-0.053036882156959564
2013-09-18,-0.011937967139946437
2013-09-19,-0.004183696124188341
2013-09-20,-0.0007592205392397133
2013-09-23,0.009999999999999787
2013-09-24,-0.009612406572010457
2013-09-25,0.0203716271112504
2013-09-26,-0.01998403368326107
2013-09-27,0.010743254222500553
2013-09-30,-0.0011308476504900966
2013-10-01,0.0007592205392397133
2013-10-02,0.0
2013-10-03,0.0
2013-10-04,0.0
2013-10-07,0.0
2013-10-08,0.010000000000000231
2013-10-09,0.030387593427989135
2013-10-10,-0.018077999176792314
2013-10-11,0.04150247476174096
2013-10-14,-0.009968067366522337
2013-10-15,-0.03735071127103007
2013-10-16,0.007690405748802753
2013-10-17,0.0073507112710302636
2013-10-18,-0.008853186032771188
2013-10-21,0.05037162711125065
2013-10-22,-0.028821253399293312
2013-10-23,0.0026333224122310206
2013-10-24,-0.03227766161771939
2013-10-25,-0.011162780283968221
2013-10-28,-0.002665255045708914
2013-10-29,0.029240779460760535
2013-10-30,0.011162780283967777
2013-10-31,0.002665255045708914
2013-11-01,0.010759220539239944
2013-11-04,0.00038759342798933005
2013-11-05,-0.019240779460760304
2013-11-06,-0.03077518685597891
2013-11-07,0.0173187786375526
2013-11-08,-0.01150247476174071
2013-11-11,0.011130847650489883
2013-11-12,0.009628372888749848
2013-11-13,-0.028853186032771205
2013-11-14,0.009596440255271954
2013-11-15,0.008109931810269533
2013-11-18,0.031146813967229292
2013-11-19,-0.008077999176792527
2013-11-20,0.011890068189730485
2013-11-21,0.009628372888749404
2013-11-22,-0.008853186032770743
2013-11-25,-0.019628372888749634
2013-11-26,-0.011534407395218604
2013-11-27,0.008093965493531474
2013-11-28,-0.0003716271112503833
2013-11-29,0.0007592205392397133
2013-12-02,0.06000000000000005
2013-12-03,-0.037674439432064055
2013-12-04,0.01300494952348119
2013-12-05,-0.012649288728969754
2013-12-06,0.0003716271112503833
2013-12-09,-0.010759220539239944
2013-12-10,-0.00038759342798933005
2013-12-11,-0.030759220539239518
2013-12-12,-0.0011627802839679902
2013-12-13,-0.03227766161771983
2013-12-16,-0.04116278028396758
2013-12-17,-0.023828035329676922
2013-12-18,-0.0038120690129379575
2013-12-19,-0.021518441078479444
2013-12-20,-0.06077518685597871
2013-12-23,0.03615599835358463
2013-12-24,-0.013004949523481635
2013-12-25,0.012649288728970198
2013-12-26,-0.030371627111250632
2013-12-27,0.029596440255271972
2013-12-30,-0.05111488133375186
2013-12-31,0.010339694477773165
2014-01-01,-0.0034085092682096807
2014-01-02,-0.009240779460760518
2014-01-03,-0.05038759342798915
2014-01-06,-0.03269718767918661
2014-01-07,-0.014958882980166788
2014-01-08,-0.012665255045709145
2014-01-09,-0.01114681396722883
2014-01-10,-0.01114681396722883
2014-01-13,0.02885318603277076
2014-01-14,-0.009596440255271954
2014-01-15,0.001890068189730254
2014-01-16,-0.0107592205392395
2014-01-17,-0.020387593427989348
2014-01-20,-0.01153440739521816
2014-01-21,-0.0019060345064687567
2014-01-22,0.03924077946075988
2014-01-23,-0.028449626288042484
2014-01-24,0.011874101872991538
2014-01-27,-0.011890068189730485
2014-01-28,0.010371627111250614
2014-01-29,0.03962837288874921
2014-01-30,-0.017690405748802984
2014-01-31,0.0022616953009806373
2014-02-03,-0.0015184410784794267
2014-02-04,0.0
2014-02-05,0.0
2014-02-06,0.0
2014-02-07,-0.019999999999999574
2014-02-10,0.019224813144020914
2014-02-11,0.03925674577749927
2014-02-12,-0.00693118520956304
2014-02-13,0.012649288728969754
2014-02-14,-0.01037162711125017
2014-02-17,0.01037162711125017
2014-02-18,-0.01037162711125017
2014-02-19,0.09037162711125024
2014-02-20,-0.01727087968733576
2014-02-21,-0.023942202002820157
2014-02-24,-0.05268122136244768
2014-02-25,0.005784371242334441
2014-02-26,-0.03340850926820993
2014-02-27,0.01959644025527174
2014-02-28,-0.021502474761740942
2014-03-03,-0.00925674577749902
2014-03-04,-0.0019060345064687567
2014-03-05,-0.0107592205392395
2014-03-06,0.009612406572010457
2014-03-07,-0.01037162711125017
2014-03-10,-0.029628372888749865
2014-03-11,-0.0019220008232077035
2014-03-12,-0.012277661617719371
2014-03-13,0.039612406572010705
2014-03-14,-0.01920884682728241
2014-03-17,0.012261695300980424
2014-03-18,-0.011130847650489883
2014-03-19,0.0003716271112503833
2014-03-20,-0.010759220539239944
2014-03-21,0.06961240657201051
2014-03-24,0.011953933456685828
2014-03-25,0.0057021372026677675
2014-03-26,0.0007592205392397133
2014-03-27,0.020000000000000018
2014-03-28,0.020775186855978678
2014-03-31,0.012293627934457874
2014-04-01,0.0019060345064687567
2014-04-02,0.010759220539239944
2014-04-03,-0.019612406572010688
2014-04-04,0.01998403368326107
2014-04-07,-0.0007432542225007666
2014-04-08,0.04151844107847946
2014-04-09,-0.00844962628804291
2014-04-10,0.04264928872897
2014-04-11,0.010791153172717838
2014-04-14,-0.0065755244150516035
2014-04-15,-0.04962837288874944
2014-04-16,0.007302812320813423
2014-04-17,-0.0034085092682096807
2014-04-18,0.0007592205392397133
2014-04-21,-0.029999999999999805
2014-04-22,0.028837219716031814
2014-04-23,-0.02111488133375161
2014-04-24,-0.008497525238258863
2014-04-25,0.00809396549353103
2014-04-28,0.009628372888749848
2014-04-29,-0.008853186032771188
2014-04-30,-0.009628372888749404
2014-05-01,-0.0011468139672290434
2014-05-02,-0.0007592205392397133
2014-05-05,0.0
2014-05-06,-0.010000000000000231
2014-05-07,0.009612406572010901
2014-05-08,0.009628372888749404
2014-05-09,0.0011468139672290434
2014-05-12,0.030759220539239962
2014-05-13,0.011162780283967777
2014-05-14,0.002665255045708914
2014-05-15,0.0007592205392397133
2014-05-16,0.0
2014-05-19,0.0
2014-05-20,0.0
2014-05-21,0.010000000000000231
2014-05-22,0.010387593427989117
2014-05-23,0.011146813967229274
2014-05-26,0.01114681396722883
2014-05-27,-0.008853186032770743
2014-05-28,0.01037162711125017
2014-05-29,-0.0003716271112503833
2014-05-30,-0.019240779460760304
2014-06-02,-0.0007751868559786601
2014-06-03,0.04848155892152084
2014-06-04,0.0019379671399466503
2014-06-05,0.013796102696198798
2014-06-06,-0.029612406572010475
2014-06-09,0.01959644025527174
2014-06-10,0.018497525238259094
2014-06-11,0.0022936279344580868
2014-06-12,0.021518441078479
2014-06-13,0.040775186855978696
2014-06-16,0.013068814790436978
2014-06-17,-0.02657552441505162
2014-06-18,-0.020403559744728295
2014-06-19,-0.043052848473697836
2014-06-20,0.026931185209563058
2014-06-23,-0.021874101872991325
2014-06-24,0.021502474761740942
2014-06-25,0.01925674577749925
2014-06-26,0.0022936279344580868
2014-06-27,-0.22848155892152056
2014-06-30,0.0010853511562456397
2014-07-01,-0.007074478974526066
2014-07-02,0.02114681396722906
2014-07-03,0.01153440739521816
2014-07-04,0.0019060345064687567
2014-07-07,-0.009240779460760074
2014-07-08,-0.00038759342798933005
2014-07-09,-0.02075922053923973
2014-07-10,-0.020775186855978678
2014-07-11,0.0077063720655417
2014-07-14,0.008869152349510134
2014-07-15,0.01114681396722883
2014-07-16,0.0011468139672290434
2014-07-17,0.0007592205392397133
2014-07-18,0.0
2014-07-21,0.0
2014-07-22,0.0
2014-07-23,-0.009999999999999787
2014-07-24,0.029612406572010475
2014-07-25,0.020403559744728295
2014-07-28,0.09305284847369855
2014-07-29,0.02500678193038297
2014-07-30,-0.03239182829086307
2014-07-31,0.02996806736652191
2014-08-01,-0.0018741018729913073
2014-08-04,0.022277661617719602
2014-08-05,-0.009224813144021127
2014-08-06,-0.008869152349510134
2014-08-07,-0.031146813967228848
2014-08-08,0.008077999176792083
2014-08-11,0.018109931810269764
2014-08-12,-0.008465592604781413
2014-08-13,0.0011308476504900966
2014-08-14,-0.010759220539239944
2014-08-15,0.009612406572010901
2014-08-18,-0.0003716271112503833
2014-08-19,-0.009240779460760518
2014-08-20,0.009612406572010901
2014-08-21,-0.010371627111250614
2014-08-22,0.0203716271112504
2014-08-25,-0.00998403368326084
2014-08-26,-0.01886915234950992
2014-08-27,-0.011534407395218604
2014-08-28,-0.04190603450646879
2014-08-29,0.04769040574880323
2014-09-01,-0.021098915017012665
2014-09-02,0.033020915840220155
2014-09-03,0.019644339205488137
2014-09-04,0.013052848473698031
2014-09-05,0.021906034506468774
2014-09-08,0.0015344073952183734
2014-09-09,-0.008481558921520804
2014-09-10,-0.020387593427989348
2014-09-11,-0.01153440739521816
2014-09-12,0.01809396549353126
2014-09-15,-0.009984033683261284
2014-09-16,0.011130847650490328
2014-09-17,-0.0203716271112504
2014-09-18,0.01998403368326107
2014-09-19,-0.0007432542225007666
2014-09-22,-0.04848155892152084
2014-09-23,0.00806203286005358
2014-09-24,0.016591490731790337
2014-09-25,0.0015344073952183734
2014-09-26,-0.008481558921520804
2014-09-29,-0.010387593427989117
2014-09-30,0.018853186032770974
2014-10-01,1.5966316738946773e-05
2014-10-02,0.0015184410784794267
2014-10-03,0.0
2014-10-06,0.0
2014-10-07,0.0
2014-10-08,-0.010000000000000231
2014-10-09,0.009612406572010901
2014-10-10,-0.010371627111250614
2014-10-13,-0.019628372888749634
2014-10-14,-0.01153440739521816
2014-10-15,0.00809396549353103
2014-10-16,-0.0003716271112503833
2014-10-17,0.0007592205392397133
2014-10-20,0.010000000000000231
2014-10-21,-0.009612406572010901
2014-10-22,0.010371627111250614
2014-10-23,-0.010371627111250614
2014-10-24,-0.009628372888749404
2014-10-27,-0.05114681396722931
2014-10-28,0.027302812320813885
2014-10-29,0.0473666775877688
2014-10-30,0.024215628757665808
2014-10-31,0.09457128955217753
2014-11-03,-0.01499321806961662
2014-11-04,0.01605779799717988
2014-11-05,-0.031130847650490345
2014-11-06,-0.010403559744728064
2014-11-07,0.017334744954291104
2014-11-10,0.0900159663167388
2014-11-11,0.29500678193038343
2014-11-12,-0.051926805735151405
2014-11-13,0.03930424164202906
2014-11-14,-0.014539356918700008
2014-11-17,-0.06886915234950974
2014-11-18,-0.09347237453516488
2014-11-19,-0.01880288462658264
2014-11-20,-0.007220578281147638
2014-11-21,0.029240779460760535
2014-11-24,-0.00883721971603224
2014-11-25,0.0318900681897305
2014-11-26,0.0804035597447279
2014-11-27,0.03537840904163403
2014-11-28,0.25723654459788614
2014-12-01,0.061967497317452214
2014-12-02,0.20091848062094186
2014-12-03,-0.1392272155999934
2014-12-04,0.12785206828647633
2014-12-05,0.15326281304727507
2014-12-08,-0.014687858681293076
2014-12-09,-0.3190152516561313
2014-12-10,0.04493175525863302
2014-12-11,-0.07272871722697793
2014-12-12,0.002617356095492074
2014-12-15,-0.05379610269619883
2014-12-16,0.10806203286005323
2014-12-17,0.14046742501168374
2014-12-18,-0.06622226607651172
2014-12-19,0.08752834012544275
2014-12-22,0.34702698310999613
2014-12-23,-0.15036046570645523
2014-12-24,-0.1300163694024259
2014-12-25,0.13127934941308395
2014-12-26,0.09442559333124256
2014-12-29,0.04526424236849014
2014-12-30,0.09875498567636587
2014-12-31,0.21576600246962352
2015-01-01,0.01497244684093424
2015-01-02,0.015943631324035756
2015-01-05,0.2699999999999996
2015-01-06,0.1504650225557116
2015-01-07,0.005925262551325083
2015-01-08,-0.20014609930662175
2015-01-09,0.13034209693374432
2015-01-12,-0.08051732333218453
2015-01-13,0.0479159335534316
2015-01-14,0.1462358299372779
2015-01-15,0.28885078357679905
2015-01-16,0.13224092407229815
2015-01-19,-0.47447829719340273
2015-01-20,-0.04102824546782813
2015-01-21,0.4008761927540414
2015-01-22,-0.03522355078618933
2015-01-23,0.03146773658660429
2015-01-26,-0.06379610269619818
2015-01-27,-0.15232556056793722
2015-01-28,-0.0903692246552783
2015-01-29,-0.1644890555125107
2015-01-30,-0.011887665733758546
2015-02-02,-0.28138830808859705
2015-02-03,0.13953497744428844
2015-02-04,-0.16468505313963533
2015-02-05,0.0055744066687575256
2015-02-06,-0.13138830808859758
2015-02-09,0.015348878864128501
2015-02-10,0.06166454038510061
2015-02-11,-0.025768404925594623
2015-02-12,-0.005848236509289784
2015-02-13,0.04733474495429224
2015-02-16,-0.018821253399293525
2015-02-17,0.013020915840220582
2015-02-18,-0.0011308476504900966
2015-02-19,0.0007592205392397133
2015-02-20,0.0
2015-02-23,0.0
2015-02-24,0.0
2015-02-25,-0.04999999999999982
2015-02-26,0.08806203286005321
2015-02-27,-0.030307761844294845
2015-03-02,0.005670204569190318
2015-03-03,-0.14227766161771926
2015-03-04,-0.06542630799185112
2015-03-05,-0.12295464811729362
2015-03-06,0.021181149056678894
2015-03-09,0.19281135435233043
2015-03-10,-0.08997046982249435
2015-03-11,0.09130847650490237
2015-03-12,0.16550854203151655
2015-03-13,-0.017337147410262155
2015-03-16,0.04174396888310827
2015-03-17,0.0288851186662491
2015-03-18,0.12344044190168724
2015-03-19,-0.0530712172464094
2015-03-20,0.11678508590294179
2015-03-23,0.049708204472443285
2015-03-24,0.02028939307158506
2015-03-25,-0.13581630387581267
2015-03-26,0.005332912547388879
2015-03-27,-0.00024149412136775794
2015-03-30,0.14114681396722872
2015-03-31,-0.07381447146890974
2015-04-01,0.03752834012544248
2015-04-02,-0.05491098402995043
2015-04-03,0.010339694477772277
2015-04-06,-0.003408509268210125
2015-04-07,0.10075922053923936
2015-04-08,0.0638759342798938
2015-04-09,-0.030082234039666034
2015-04-10,0.07300494952348124
2015-04-13,0.11967627183896568
2015-04-14,-0.04003433508944987
2015-04-15,0.08717267933093087
2015-04-16,0.08930464472771504
2015-04-17,0.13956210516582246
2015-04-20,-0.1781283005829799
2015-04-21,0.042505591878320814
2015-04-22,0.06712518346640106
2015-04-23,-0.053862370419127004
2015-04-24,-0.13625179625401707
2015-04-27,0.14001836877271057
2015-04-28,0.2451848138704822
2015-04-29,-0.06892185621167002
2015-04-30,-0.11450782737090837
2015-05-01,-0.011871699417019599
2015-05-04,-0.01986986701011695
2015-05-05,-0.24038759342798954
2015-05-06,-0.0900614628109837
2015-05-07,-0.10132204036566961
2015-05-08,0.05082548826216726
2015-05-11,0.06625179625401678
2015-05-12,0.027268477231364052
2015-05-13,-0.01391026936934292
2015-05-14,-0.00925674577749902
2015-05-15,-0.11190603450646819
2015-05-18,-0.11502274824712266
2015-05-19,0.11738504636047953
2015-05-20,-0.023312711367776018
2015-05-21,0.009094680154138501
2015-05-22,0.12848155892152047
2015-05-25,0.10503871456386094
2015-05-26,0.02374580129001025
2015-05-27,-0.02202020117961201
2015-05-28,-0.27040355974472874
2015-05-29,-0.06274268417343087
2015-06-01,0.14756307830057835
2015-06-02,-0.017207014420380418
2015-06-03,0.012131562311098243
2015-06-04,0.2284815589215201
2015-06-05,-0.0010853511562451956
2015-06-08,0.4870744789745256
2015-06-09,0.13745767057625802
2015-06-10,-0.09966551351985764
2015-06-11,-0.13631566152097374
2015-06-12,0.07394460445879236
2015-06-15,-0.14714074669745347
2015-06-16,-0.1285933231386922
2015-06-17,0.10433219788678194
2015-06-18,-0.22521874587424495
2015-06-19,-0.1994164089448871
2015-06-22,-0.02445472042306207
2015-06-23,0.17481558921520346
2015-06-24,0.08736427513179734
2015-06-25,-0.04247406233052864
2015-06-26,-0.20625179625401735
2015-06-29,0.01730521477678515
2015-06-30,0.3152191489599323
2015-07-01,-0.12493175525863265
2015-07-02,0.27962796980306326
2015-07-03,-0.550551658421635
2015-07-06,0.43842209548082245
2015-07-07,0.4652969811733403
2015-07-08,0.2523977816980283
2015-07-09,0.05495367498253678
2015-07-10,-0.05442799578721402
2015-07-13,-0.3219539334566859
2015-07-14,0.002282466529663907
2015-07-15,0.11648012960030485
2015-07-16,-0.13305525092966963
2015-07-17,-0.054797220442493355
2015-07-20,-0.022954648117292642
2015-07-21,-0.08494291666342857
2015-07-22,-0.04385996796315439
2015-07-23,0.012375861974123659
2015-07-24,-0.052261695300980016
2015-07-27,-0.3804195260614671
2015-07-28,0.021475347040206927
2015-07-29,-0.06730000677915537
2015-07-30,-0.10851349155499879
2015-07-31,-0.07730040986484088
2015-08-03,-0.011064579927563045
2015-08-04,0.024685456225321367
2015-08-05,-0.08883721971603276
2015-08-06,-0.03121067923418419
2015-08-07,0.022004234862873062
2015-08-10,0.09888511866624938
2015-08-11,-0.033846404102387595
2015-08-12,-0.06395816831955958
2015-08-13,0.004249963847115623
2015-08-14,-0.024926950346689125
2015-08-17,-0.04001596631673898
2015-08-18,-0.07306881479043703
2015-08-19,-0.06575003615288377
2015-08-20,-0.027640104342615324
2015-08-21,-0.03533051009141719
2015-08-24,-0.35268122136244795
2015-08-25,-0.3258434315973453
2015-08-26,0.13141188485893807
2015-08-27,0.21305325155938437
2015-08-28,0.02182139801083105
2015-08-31,-0.012537927597484622
2015-09-01,0.18883721971603196
2015-09-02,0.19508661351407763
2015-09-03,0.0217894653773536
2015-09-04,0.01442519024555633
2015-09-07,-0.28000000000000025
2015-09-08,0.00914738401629922
2015-09-09,-0.0004829882427355159
2015-09-10,0.0022936279344580868
2015-09-11,-0.06848155892152041
2015-09-14,-0.0027131539959253104
2015-09-15,-0.025314543774678455
2015-09-16,0.029224813144021144
2015-09-17,-0.05035566079451126
2015-09-18,-0.029660305522227315
2015-09-21,-0.014958882980166788
2015-09-22,0.017334744954291104
2015-09-23,-0.06998403368326134
2015-09-24,-0.011194712917445226
2015-09-25,0.03429786279733227
2015-09-28,-0.029208846827282642
2015-09-29,-0.07812589812700832
2015-09-30,-0.00537840904163378
2015-10-01,-0.006073764313918595
2015-10-02,0.0
2015-10-05,0.0
2015-10-06,0.0
2015-10-07,0.0
2015-10-08,0.05999999999999961
2015-10-09,0.022325560567935998
2015-10-12,0.07533051009141767
2015-10-13,-0.02576840492559551
2015-10-14,0.014151763490710678
2015-10-15,0.03810993181026978
2015-10-16,0.03230959425119684
2015-10-19,-0.005800337559072499
2015-10-20,0.001890068189730254
2015-10-21,0.1192407794607604
2015-10-22,-0.08534887886412834
2015-10-23,0.015622305618974153
2015-10-26,-0.01644539142516921
2015-10-27,-0.019628372888749634
2015-10-28,-0.01153440739521816
2015-10-29,-0.021906034506468774
2015-10-30,-0.011534407395218604
2015-11-02,-0.03190603450646856
2015-11-03,-0.04192200082320774
2015-11-04,0.11617196467032365
2015-11-05,0.0716142389789125
2015-11-06,0.021823800466802545
2015-11-09,0.18570213720266882
2015-11-10,-0.03226409775695238
2015-11-11,-0.037884404005641414
2015-11-12,-0.054974849296905326
2015-11-13,-0.035734069836145466
2015-11-16,0.025041117019833692
2015-11-17,0.008885118666248637
2015-11-18,0.012665255045709145
2015-11-19,0.01114681396722883
2015-11-20,-0.028853186032771205
2015-11-23,-0.030403559744728526
2015-11-24,0.01655955809831333
2015-11-25,0.038497525238259556
2015-11-26,-0.00693118520956304
2015-11-27,-0.11735071127103058
2015-11-30,0.1545896583248889
2015-12-01,-0.09290915162304891
2015-12-02,0.16865918777593336
2015-12-03,0.15936850999467111
2015-12-04,-0.15165097652433435
2015-12-07,-0.044441559647981244
2015-12-08,-0.07484471630702405
2015-12-09,0.043878336735866164
2015-12-10,-0.04261735609549255
2015-12-11,-0.027754271015758114
2015-12-14,0.055800337559072766
2015-12-15,-0.05995210104978277
2015-12-16,0.002229762667503188
2015-12-17,0.02544467676456108
2015-12-18,0.011162780283967777
2015-12-21,0.042665255045708506
2015-12-22,-0.027690405748803215
2015-12-23,-0.008125898127008924
2015-12-24,-0.022665255045708932
2015-12-25,-0.0015344073952183734
2015-12-28,-0.04151844107847946
2015-12-29,0.01844962628804314
2015-12-30,-0.01226169530097998
2015-12-31,-0.018869152349510365
2016-01-01,-0.0015344073952183734
2016-01-04,-0.1415184410784791
2016-01-05,-0.015426307991850852
2016-01-06,0.0189833190226536
2016-01-07,-0.09959644025527181
2016-01-08,0.00840172733782607
2016-01-11,-0.1572046119644086
2016-01-12,-0.02505468088059981
2016-01-13,-0.062163494944575515
2016-01-14,0.00654359178157371
2016-01-15,-0.11340850926820956
2016-01-18,-0.02350430716864249
2016-01-19,0.060873387212383445
2016-01-20,-0.05880528708255417
2016-01-21,-0.037011016793257134
2016-01-22,0.013894303052603973
2016-01-25,-0.012261695300980868
2016-01-26,-0.19886915234950964
2016-01-27,-0.028511089099026332
2016-01-28,-0.07595959764077476
2016-01-29,0.056155998353584646
2016-02-01,-0.05222976266750301
2016-02-02,0.03261735609549232
2016-02-03,-0.03263332241223127
2016-02-04,0.02111488133375161
2016-02-05,-0.01150247476174071
2016-02-08,0.0011308476504900966
2016-02-09,-0.0007592205392397133
2016-02-10,0.0
2016-02-11,0.0
2016-02-12,0.0
2016-02-15,-0.050000000000000266
2016-02-16,0.09806203286005344
2016-02-17,0.01007983158369452
2016-02-18,-0.0020202011796128794
2016-02-19,-0.009628372888749404
2016-02-22,0.0688531860327708
2016-02-23,-0.048046066543314225
2016-02-24,0.0033765766347322312
2016-02-25,-0.12379610269619912
2016-02-26,0.025348878864127844
2016-02-29,0.012052133813090116
2016-03-01,0.03305284847369805
2016-03-02,0.06268122136244703
2016-03-03,0.024603222185655138
2016-03-04,0.1253305100914175
2016-03-07,-0.0038304377856483995
2016-03-08,0.018723053042887905
2016-03-09,0.029628372888749865
2016-03-10,-0.07807799917679237
2016-03-11,0.049176914193804766
2016-03-14,-0.004135797173971945
2016-03-15,-0.016203897303801007
2016-03-16,0.05922481314402139
2016-03-17,-0.009192880510543677
2016-03-18,0.004167729807449394
2016-03-21,-0.0007592205392397133
2016-03-22,-0.03000000000000025
2016-03-23,-0.011162780283967777
2016-03-24,-0.04266525504570895
2016-03-25,0.007690405748802753
2016-03-28,-0.012649288728969754
2016-03-29,-0.009628372888749848
2016-03-30,0.05885318603277101
2016-03-31,0.001566340028696267
2016-04-01,0.014555323235438955
2016-04-04,0.00038759342798933005
2016-04-05,0.02075922053923973
2016-04-06,-0.00922481314402157
2016-04-07,-0.03886915234950994
2016-04-08,-0.02230959425119705
2016-04-11,0.02618793098706229
2016-04-12,-0.0003556607945114365
2016-04-13,0.03227766161771939
2016-04-14,0.0011627802839679902
2016-04-15,0.002277661617719584
2016-04-18,-0.029999999999999805
2016-04-19,-0.011162780283968221
2016-04-20,-0.022665255045708932
2016-04-21,-0.02153440739521839
2016-04-22,0.007706372065542144
2016-04-25,-0.0011308476504900966
2016-04-26,0.0107592205392395
2016-04-27,-0.009612406572010457
2016-04-28,0.0203716271112504
2016-04-29,-0.01998403368326107
2016-05-02,0.0007432542225007666
2016-05-03,0.01848155892152059
2016-05-04,0.0007751868559786601
2016-05-05,0.0015184410784794267
2016-05-06,-0.040000000000000036
2016-05-09,-0.05155037371195759
2016-05-10,-0.014974849296905735
2016-05-11,-0.004183696124188341
2016-05-12,-0.02075922053923973
2016-05-13,-0.0007751868559786601
2016-05-16,-0.0015184410784794267
2016-05-17,-0.009999999999999787
2016-05-18,-0.00038759342798933005
2016-05-19,-0.010759220539239944
2016-05-20,0.009612406572010901
2016-05-23,0.01962837288874919
2016-05-24,-0.0184655926047812
2016-05-25,-0.009256745777499464
2016-05-26,-0.0019060345064687567
2016-05-27,0.009240779460760518
2016-05-30,0.030387593427989135
2016-05-31,0.09192200082320756
2016-06-01,-0.014233997530376907
2016-06-02,-0.003942202002820139
2016-06-03,0.00809396549353103
2016-06-06,-0.0003716271112503833
2016-06-07,0.010759220539239944
2016-06-08,0.010387593427989117
2016-06-09,0.0011468139672290434
2016-06-10,0.0007592205392397133
2016-06-13,-0.06000000000000005
2016-06-14,0.017674439432064037
2016-06-15,-0.003780136379460064
2016-06-16,-0.01848155892152059
2016-06-17,0.00922481314402157
2016-06-20,0.00886915234950969
2016-06-21,0.02114681396722906
2016-06-22,0.02153440739521839
2016-06-23,0.012293627934458318
2016-06-24,-0.2080939654935312
2016-06-27,0.012619758551464244
2016-06-28,-0.025168444468057327
2016-06-29,0.021130847650490114
2016-06-30,0.020015966316738965
2016-07-01,0.012293627934458318
2016-07-04,0.03190603450646856
2016-07-05,0.0019220008232077035
2016-07-06,0.002277661617719584
2016-07-07,0.009999999999999787
2016-07-08,-0.029612406572010475
2016-07-11,0.01959644025527174
2016-07-12,0.0484975252382589
2016-07-13,0.04345640821842611
2016-07-14,-0.014653523591843687
2016-07-15,0.012261695300980868
2016-07-18,0.00886915234950969
2016-07-19,-0.018853186032770974
2016-07-20,-0.020015966316738965
2016-07-21,-0.0022936279344580868
2016-07-22,-0.0015184410784794267
2016-07-25,0.03000000000000025
2016-07-26,0.031162780283967795
2016-07-27,-0.016559558098312444
2016-07-28,-0.008497525238258863
2016-07-29,0.00809396549353103
2016-08-01,0.009628372888749848
2016-08-02,0.01114681396722883
2016-08-03,-0.018853186032770974
2016-08-04,-0.020015966316738965
2016-08-05,0.007706372065542144
2016-08-08,0.00886915234950969
2016-08-09,0.02114681396722906
2016-08-10,-0.008465592604781413
2016-08-11,0.05113084765048992
2016-08-12,0.10117874660070703
2016-08-15,0.06767203697609236
2016-08-16,-0.10008223403966587
2016-08-17,-0.009708204472443693
2016-08-18,-0.028739019359627083
2016-08-19,0.008465592604781857
2016-08-22,0.01886915234950992
2016-08-23,0.01153440739521816
2016-08-24,0.0019060345064687567
2016-08-25,0.0007592205392397133
2016-08-26,-0.009999999999999787
2016-08-29,-0.020387593427989348
2016-08-30,0.018465592604781644
2016-08-31,0.01925674577749925
2016-09-01,0.012293627934457874
2016-09-02,-0.00809396549353103
2016-09-05,-0.009628372888749848
2016-09-06,-0.0011468139672290434
2016-09-07,-0.0107592205392395
2016-09-08,-0.00038759342798933005
2016-09-09,-0.010759220539239944
2016-09-12,-0.06038759342798938
2016-09-13,-0.0030847811071756936
2016-09-14,-0.04455532323543876
2016-09-15,-0.0015503737119573202
2016-09-16,-0.0030368821569592974
2016-09-19,0.010000000000000231
2016-09-20,-0.009612406572010901
2016-09-21,0.04037162711125042
2016-09-22,0.010791153172717838
2016-09-23,0.013424475584948414
2016-09-26,-0.02885318603277076
2016-09-27,0.00959644025527151
2016-09-28,-0.021890068189730272
2016-09-29,0.009984033683261284
2016-09-30,-0.0011308476504900966
2016-10-03,0.0007592205392397133
2016-10-04,0.0
2016-10-05,0.0
2016-10-06,0.0
2016-10-07,0.0
2016-10-10,0.029999999999999805
2016-10-11,0.0011627802839679902
2016-10-12,-0.007722338382280203
2016-10-13,-0.010387593427989561
2016-10-14,-0.0011468139672290434
2016-10-17,-0.02075922053923973
2016-10-18,0.02922481314402159
2016-10-19,-0.010355660794511667
2016-10-20,0.011890068189730485
2016-10-21,0.009628372888749404
2016-10-24,0.031146813967229292
2016-10-25,0.01192200082320749
2016-10-26,-0.02733474495429089
2016-10-27,-0.020403559744728295
2016-10-28,0.016947151526302218
2016-10-31,-0.020743254222500784
2016-11-01,0.010743254222500997
2016-11-02,-0.021130847650490114
2016-11-03,-1.5966316738946773e-05
2016-11-04,-0.011518441078479214
2016-11-07,-0.010387593427989561
2016-11-08,0.018853186032770974
2016-11-09,-0.01998403368326107
2016-11-10,0.020743254222500784
2016-11-11,-0.0007432542225007666
2016-11-14,0.021518441078479444
2016-11-15,-0.009224813144021127
2016-11-16,0.0011308476504900966
2016-11-17,-0.0007592205392397133
2016-11-18,-0.010000000000000231
2016-11-21,0.02961240657201092
2016-11-22,0.020403559744728295
2016-11-23,0.023052848473698262
2016-11-24,0.0022936279344580868
2016-11-25,0.04151844107847946
2016-11-28,0.05155037371195714
2016-11-29,0.024974849296905965
2016-11-30,-0.045428710447822596
2016-12-01,0.009580473938533451
2016-12-02,-0.013408509268209912
2016-12-05,0.0003716271112503833
2016-12-06,-0.0107592205392395
2016-12-07,-0.00038759342798933005
2016-12-08,0.019240779460760304
2016-12-09,0.0707751868559785
2016-12-12,0.054231595074405003
2016-12-13,-0.052747489085374966
2016-12-14,0.011470542128262817
2016-12-15,-0.11416772980744927
2016-12-16,-0.023504307168642935
2016-12-19,-0.009126612787616395
2016-12-20,-0.04151844107847946
2016-12-21,0.038449626288042715
2016-12-22,-0.011486508445001764
2016-12-23,-0.01735071127103005
2016-12-26,0.008465592604781413
2016-12-27,-0.0311308476504899
2016-12-28,0.00959644025527151
2016-12-29,-0.001890068189730254
2016-12-30,0.02075922053923973
2017-01-02,0.0007751868559786601
2017-01-03,0.031518441078479675
2017-01-04,0.0011627802839679902
2017-01-05,-0.007722338382280647
2017-01-06,-0.020387593427989348
2017-01-09,-0.0015344073952183734
2017-01-10,-0.011518441078479214
2017-01-11,-0.00038759342798933005
2017-01-12,-0.0007592205392397133
2017-01-13,0.029999999999999805
2017-01-16,0.041162780283968026
2017-01-17,0.00382803532967646
2017-01-18,0.013036882156959084
2017-01-19,0.010387593427989561
2017-01-20,0.0011468139672290434
2017-01-23,-0.009240779460760518
2017-01-24,0.02961240657201092
2017-01-25,0.0004035597447282768
2017-01-26,0.04227766161771962
2017-01-27,0.0015503737119573202
2017-01-30,0.0030368821569592974
2017-01-31,0.0
2017-02-01,0.0
2017-02-02,0.0
2017-02-03,-0.03000000000000025
2017-02-06,-0.0011627802839679902
2017-02-07,-0.012277661617719371
2017-02-08,0.009612406572010457
2017-02-09,0.019628372888749634
2017-02-10,0.03153440739521862
2017-02-13,0.03268122136244722
2017-02-14,-0.006559558098312213
2017-02-15,0.051890068189730076
2017-02-16,0.021178746600706955
2017-02-17,-0.05542871044782238
2017-02-20,0.059192880510543944
2017-02-21,0.017770237332497274
2017-02-22,0.015330510091417615
2017-02-23,0.011906034506468544
2017-02-24,-0.008853186032770743
2017-02-27,-0.029628372888749865
2017-02-28,-0.01192200082320749
2017-03-01,-0.012665255045709145
2017-03-02,-0.0011468139672290434
2017-03-03,-0.02075922053923973
2017-03-06,-0.020775186855978678
2017-03-07,0.007706372065542144
2017-03-08,-0.0011308476504900966
2017-03-09,0.0007592205392397133
2017-03-10,-0.010000000000000231
2017-03-13,0.039612406572010705
2017-03-14,-0.00920884682728218
2017-03-15,0.0026492887289699674
2017-03-16,0.019240779460760304
2017-03-17,-0.02922481314402159
2017-03-20,0.020355660794511454
2017-03-21,-0.021502474761740942
2017-03-22,-0.049256745777499056
2017-03-23,-0.003456408218426077
2017-03-24,0.026203897303800794
2017-03-27,0.021162780283968008
2017-03-28,-0.006947151526301543
2017-03-29,0.011130847650489883
2017-03-30,0.009628372888749848
2017-03-31,0.04114681396722908
2017-04-03,0.0023095942511970335
2017-04-04,0.0030368821569592974
2017-04-05,-0.020000000000000018
2017-04-06,-0.020775186855978678
2017-04-07,-0.022293627934458105
2017-04-10,-0.012293627934458318
2017-04-11,-0.011906034506468544
2017-04-12,-0.0011468139672290434
2017-04-13,0.009240779460760074
2017-04-14,-0.019612406572010688
2017-04-17,-0.010015966316738734
2017-04-18,-0.031906034506469005
2017-04-19,-0.04192200082320774
2017-04-20,-0.023828035329676478
2017-04-21,0.02618793098706229
2017-04-24,0.029644339205488368
2017-04-25,0.0034404419016875742
2017-04-26,0.012277661617719815
2017-04-27,0.010387593427989117
2017-04-28,0.0011468139672290434
2017-05-01,0.0007592205392397133
2017-05-02,-0.029999999999999805
2017-05-03,-0.03116278028396824
2017-05-04,-0.0034404419016875742
2017-05-05,0.007722338382281091
2017-05-08,0.030387593427989135
2017-05-09,0.0019220008232077035
2017-05-10,0.012277661617719815
2017-05-11,0.040387593427989366
2017-05-12,0.052309594251196856
2017-05-15,-0.005025150703093839
2017-05-16,-0.026591490731790568
2017-05-17,-0.01192200082320749
2017-05-18,-0.012665255045709145
2017-05-19,-0.0011468139672290434
2017-05-22,0.019240779460760304
2017-05-23,0.05077518685597893
2017-05-24,-0.01654359178157394
2017-05-25,0.043020915840220386
2017-05-26,3.193263347744946e-05
2017-05-29,0.0030368821569592974
2017-05-30,0.0
2017-05-31,0.029999999999999805
2017-06-01,0.011162780283968221
2017-06-02,-0.017334744954291104
2017-06-05,-0.09001596631673925
2017-06-06,0.004993218069616834
2017-06-07,0.023554608574830826
2017-06-08,0.0019220008232077035
2017-06-09,-0.007722338382280203
2017-06-12,-0.020387593427989348
2017-06-13,-0.0015344073952183734
2017-06-14,-0.011518441078479658
2017-06-15,-0.020387593427989348
2017-06-16,0.008465592604781857
2017-06-19,-0.011130847650490328
2017-06-20,0.010371627111250614
2017-06-21,-0.0003716271112503833
2017-06-22,0.030759220539239518
2017-06-23,0.021162780283968008
2017-06-26,-0.006947151526301987
2017-06-27,0.0011308476504900966
2017-06-28,0.009240779460760074
2017-06-29,0.010387593427989561
2017-06-30,0.02114681396722906
2017-07-03,-0.008465592604781857
2017-07-04,-0.00886915234950969
2017-07-05,-0.0011468139672290434
2017-07-06,-0.010759220539239944
2017-07-07,0.019612406572010688
2017-07-10,1.5966316738946773e-05
2017-07-11,0.031518441078479675
2017-07-12,0.031162780283967795
2017-07-13,0.06344044190168763
2017-07-14,-0.12539677781434522
2017-07-17,0.10951660867157775
2017-07-18,-0.035606339302235224
2017-07-19,0.007188645647669745
2017-07-20,0.027722338382280665
2017-07-21,-0.00883721971603224
2017-07-24,0.021890068189730272
2017-07-25,0.05001596631673921
2017-07-26,0.0534564082184259
2017-07-27,-0.024265930163854144
2017-07-28,0.012633322412230807
2017-07-31,0.03810993181026978
2017-08-01,0.04230959425119707
2017-08-02,0.09458725586891648
2017-08-03,0.01652522300886261
2017-08-04,-0.022779421718851722
2017-08-07,-0.02040355974472874
2017-08-08,0.0569471515263027
2017-08-09,-0.08919288051054375
2017-08-10,0.0010669823835347536
2017-08-11,-0.03683298485315811
2017-08-14,-0.041162780283968026
2017-08-15,0.12617196467032343
2017-08-16,-0.007998167593098238
2017-08-17,-0.0005177264178728436
2017-08-18,-0.021146813967228617
2017-08-21,-0.01153440739521816
2017-08-22,0.00809396549353103
2017-08-23,0.059628372888749226
2017-08-24,0.0030847811071756936
2017-08-25,0.15455532323543952
2017-08-28,0.025813901419840413
2017-08-29,0.102163494944576
2017-08-30,-0.04499321806961731
2017-08-31,-0.03510498228678749
2017-09-01,-0.035346476408156136
2017-09-04,0.005800337559072943
2017-09-05,0.0581099318102698
2017-09-06,-0.006915218892824093
2017-09-07,-0.0358322701925502
2017-09-08,-0.022309594251196607
2017-09-11,-0.0038120690129375134
2017-09-12,-0.0015184410784794267
2017-09-13,-0.020000000000000462
2017-09-14,-0.06077518685597827
2017-09-15,-0.0638440016464159
2017-09-18,-0.00688088380337426
2017-09-19,0.015444676764561294
2017-09-20,0.05077518685597848
2017-09-21,0.033456408218426326
2017-09-22,0.034958882980166806
2017-09-25,0.043440441901687166
2017-09-26,-0.02617196467032379
2017-09-27,-0.04812589812700896
2017-09-28,-0.014215628757666465
2017-09-29,-0.02418369612418836
2017-10-02,-0.0015344073952183734
2017-10-03,-0.0015184410784794267
2017-10-04,0.0
2017-10-05,0.0
2017-10-06,0.0
2017-10-09,0.0
2017-10-10,0.019999999999999574
2017-10-11,0.03077518685597891
2017-10-12,-0.00731877863755237
2017-10-13,-0.018109931810270652
2017-10-16,0.008465592604782302
2017-10-17,-0.011130847650490772
2017-10-18,0.030371627111250632
2017-10-19,0.02040355974472874
2017-10-20,-0.016947151526302662
2017-10-23,-0.05925674577749884
2017-10-24,0.00615599835358438
2017-10-25,-0.05416772980744966
2017-10-26,-0.07117874660070722
2017-10-27,0.02349074330787637
2017-10-30,0.015848236509288682
2017-10-31,-0.10694715152630208
2017-11-01,-0.03274508662940212
2017-11-02,-0.029514206215605743
2017-11-03,-0.013052848473698031
2017-11-06,-0.011906034506468544
2017-11-07,0.03885318603277099
2017-11-08,0.04079115317271764
2017-11-09,-0.02541274413108363
2017-11-10,-0.048125898127008515
2017-11-13,0.015784371242334228
2017-11-14,-0.013020915840220582
2017-11-15,-0.00886915234950969
2017-11-16,-0.031146813967229292
2017-11-17,0.07807799917679237
2017-11-20,0.020823085806195074
2017-11-21,-0.013151048830102763
2017-11-22,0.11074325422250109
2017-11-23,-0.027254913370597045
2017-11-24,0.007188645647669745
2017-11-27,-0.05227766161771896
2017-11-28,-0.03193796713994734
2017-11-29,0.00504111701983323
2017-11-30,-0.001890068189730254
2017-12-01,-0.009240779460760518
2017-12-04,-0.00038759342798933005
2017-12-05,0.05924077946076034
2017-12-06,-0.017674439432064037
2017-12-07,-0.016219863620539954
2017-12-08,-0.022293627934458105
2017-12-11,0.007706372065542144
2017-12-12,-0.05113084765049036
2017-12-13,0.01882125339929308
2017-12-14,-0.013020915840220137
2017-12-15,-0.028869152349510152
2017-12-18,-0.0019220008232077035
2017-12-19,0.027722338382280665
2017-12-20,0.011162780283967777
2017-12-21,0.002665255045708914
2017-12-22,0.0007592205392397133
2017-12-25,0.020000000000000018
2017-12-26,0.03077518685597891
2017-12-27,-0.027318778637552832
2017-12-28,0.011114881333751825
2017-12-29,0.03810993181026978
2018-01-01,0.0023095942511970335
2018-01-02,0.013036882156959084
2018-01-03,0.020387593427989348
2018-01-04,0.0015344073952183734
2018-01-05,-0.01848155892152059
2018-01-08,0.029224813144021144
2018-01-09,-0.05035566079451126
2018-01-10,0.07033969447777277
2018-01-11,0.058917051299725465
2018-01-12,0.007640104342614862
2018-01-15,0.09455532323543903
2018-01-16,0.043488340851904006
2018-01-17,0.02838335856511609
2018-01-18,0.12381206901293762
2018-01-19,0.04616956221435142
2018-01-22,0.010661020182834768
2018-01-23,0.2830368821569582
2018-01-24,0.020852615983701916
2018-01-25,-0.03835423147329653
2018-01-26,0.018433659971304195
2018-01-29,-0.05378013637946122
2018-01-30,-0.12041952606146644
2018-01-31,0.05155277616792908
2018-02-01,0.08321491409705839
2018-02-02,-0.04195633591265757
2018-02-05,0.18489501771321137
2018-02-06,0.003180579007608486
2018-02-07,-0.1563340302936833
2018-02-08,-0.17658908827581854
2018-02-09,-0.14949583744289452
2018-02-12,-0.09794546373093738
2018-02-13,0.057029385565967594
2018-02-14,-0.0033606103179932845
2018-02-15,0.0053145437746788815
2018-02-16,0.0
2018-02-19,0.0
2018-02-20,0.0
2018-02-21,0.0
2018-02-22,0.08999999999999986
2018-02-23,0.023488340851903544
2018-02-26,0.017608171709137643
2018-02-27,-0.07809396549353131
2018-02-28,-0.09234152688467478
2018-03-01,-0.01956210516582324
2018-03-02,-0.05722057828114746
2018-03-05,-0.01269718767918615
2018-03-06,0.025816303875812352
2018-03-07,0.030403559744727637
2018-03-08,-0.016559558098312444
2018-03-09,-0.018497525238259982
2018-03-12,-0.012293627934457874
2018-03-13,0.018093965493531705
2018-03-14,-0.019984033683261515
2018-03-15,0.0007432542225007666
2018-03-16,-0.04151844107847946
2018-03-19,-0.0015503737119573202
2018-03-20,0.03696311784304118
2018-03-21,0.0015503737119573202
2018-03-22,0.0030368821569588533
2018-03-23,-0.04999999999999982
2018-03-26,-0.13193796713994654
2018-03-27,-0.02883481726006032
2018-03-28,-0.020645053866096497
2018-03-29,0.028093965493531492
2018-03-30,-0.059596440255271776
2018-04-02,-0.05004789895021666
2018-04-03,-0.006493290375385374
2018-04-04,-0.033796102696198815
2018-04-05,-0.0011627802839679902
2018-04-06,-0.002277661617719584
2018-04-09,0.0
2018-04-10,0.08000000000000007
2018-04-11,0.043100747423914676
2018-04-12,-0.05237586197412458
2018-04-13,-0.03928867841097672
2018-04-16,-0.10610569694739613
2018-04-17,-0.01691281643685283
2018-04-18,0.012020201179612666
2018-04-19,0.010015966316739178
2018-04-20,-0.008093965493531474
2018-04-23,0.0003716271112503833
2018-04-24,0.05924077946076034
2018-04-25,-0.037674439432064055
2018-04-26,-0.006995050476518383
2018-04-27,0.026575524415051177
2018-04-30,0.0004035597447282768
2018-05-01,0.002277661617719584
2018-05-02,-0.009999999999999787
2018-05-03,0.009612406572010457
2018-05-04,-0.0203716271112504
2018-05-07,0.029984033683261302
2018-05-08,0.0396443392054886
2018-05-09,0.013828035329676691
2018-05-10,0.0034244755849486275
2018-05-11,0.02075922053923973
2018-05-14,0.0007751868559786601
2018-05-15,-0.00848155892152036
2018-05-16,-0.040387593427989366
2018-05-17,-0.0023095942511970335
2018-05-18,0.046963117843040525
2018-05-21,0.011937967139946881
2018-05-22,-0.025816303875811908
2018-05-23,-0.04040355974472831
2018-05-24,-0.03382803532967671
2018-05-25,0.005800337559072499
2018-05-28,-0.001890068189730254
2018-05-29,0.010759220539239944
2018-05-30,-0.06961240657201095
2018-05-31,0.008046066543314634
2018-06-01,-0.014926950346689338
2018-06-04,0.030371627111250632
2018-06-05,0.0004035597447282768
2018-06-06,-0.017722338382280434
2018-06-07,0.009224813144021127
2018-06-08,-0.04113084765048969
2018-06-11,-0.0007911531727176069
2018-06-12,-0.0030368821569592974
2018-06-13,-0.010000000000000231
2018-06-14,-0.00038759342798933005
2018-06-15,0.019240779460760304
2018-06-18,0.0007751868559786601
2018-06-19,0.011518441078479214
2018-06-20,-0.029612406572010475
2018-06-21,0.009596440255271954
2018-06-22,-0.001890068189730254
2018-06-25,-0.03924077946076032
2018-06-26,-0.05155037371195759
2018-06-27,-0.03497484929690575
2018-06-28,-0.06495888298016705
2018-06-29,0.0453967778143447
2018-07-02,-0.14261735609549175
2018-07-03,0.03836979470434798
2018-07-04,0.010921286162600019
2018-07-05,0.053812069012938224
2018-07-06,0.023456408218426095
2018-07-09,0.15457128955217758
2018-07-10,-0.01266765750168064
2018-07-11,0.0006131212326185853
2018-07-12,0.06809396549353108
2018-07-13,-0.22804606654331439
2018-07-16,-0.06360010506907576
2018-07-17,-0.03978763297045118
2018-07-18,-0.025330510091417402
2018-07-19,-0.012293627934457874
2018-07-20,0.09809396549353089
2018-07-23,0.04311671374065362
2018-07-24,0.019142579104355573
2018-07-25,-0.0065755244150516035
2018-07-26,-0.019628372888749634
2018-07-27,-0.01153440739521816
2018-07-30,0.03809396549353128
2018-07-31,0.020791153172717625
2018-08-01,-0.056187930987062096
2018-08-02,-0.07080711948945595
2018-08-03,-0.0072684772313640345
2018-08-06,0.014685456225321136
2018-08-07,0.05077518685597893
2018-08-08,-0.026543591781574172
2018-08-09,0.03263332241223127
2018-08-10,-0.02111488133375161
2018-08-13,-0.03849752523825911
2018-08-14,0.00693118520956304
2018-08-15,-0.06264928872896958
2018-08-16,0.01843365997130375
2018-08-17,-0.023780136379460082
2018-08-20,0.05074325422250059
2018-08-21,0.020419526061466797
2018-08-22,-0.015428710447822347
2018-08-23,0.0007432542225007666
2018-08-24,0.028481558921520378
2018-08-27,0.021162780283968008
2018-08-28,0.013052848473698475
2018-08-29,0.0019060345064687567
2018-08-30,-0.029240779460760535
2018-08-31,0.018837219716032028
2018-09-03,-0.001502474761740924
2018-09-04,0.031518441078479675
2018-09-05,-0.048837219716032276
2018-09-06,-0.02966030552222687
2018-09-07,0.005041117019832786
2018-09-10,0.008109931810269977
2018-09-11,-0.008853186032771188
2018-09-12,-0.01962837288874919
2018-09-13,0.04846559260478145
2018-09-14,0.0004195260614672236
2018-09-17,-0.016203897303801007
2018-09-18,0.029224813144021144
2018-09-19,0.00964433920548835
2018-09-20,0.012665255045708701
2018-09-21,0.11114681396722936
2018-09-24,0.005022748247122344
2018-09-25,-0.021648574068362514
2018-09-26,0.02883721971603226
2018-09-27,-0.001114881333751594
2018-09-28,0.04227766161771962
2018-10-01,0.0015503737119573202
2018-10-02,0.0030368821569592974
2018-10-03,0.0
2018-10-04,0.0
2018-10-05,0.0
2018-10-08,-0.10000000000000009
2018-10-09,-0.03387593427989355
2018-10-10,0.0012450143236342193
2018-10-11,-0.10189006818973034
2018-10-12,0.04688328625934668
2018-10-15,-0.055654238252451194
2018-10-16,0.011858135556252147
2018-10-17,0.026591490731790568
2018-10-18,-0.018077999176792314
2018-10-19,0.09150247476174078
2018-10-22,0.0919698997734244
2018-10-23,-0.06967867429493779
2018-10-24,0.06373223742924372
2018-10-25,0.02625179625401719
2018-10-26,0.005718103519406714
2018-10-29,-0.007722338382280203
2018-10-30,0.039612406572010705
2018-10-31,-0.01920884682728241
2018-11-01,-0.04773830469901963
2018-11-02,0.03654359178157396
2018-11-05,-0.032245728984241495
2018-11-06,-0.01812589812700871
2018-11-07,-0.0030528484736978
2018-11-08,0.00848155892152036
2018-11-09,-0.07961240657201074
2018-11-12,0.01765847311532509
2018-11-13,0.004701422542060296
2018-11-14,-0.03809396549353128
2018-11-15,0.01920884682728241
2018-11-16,-0.0022616953009806373
2018-11-19,0.04151844107847946
2018-11-20,-0.038449626288042715
2018-11-21,0.011486508445001764
2018-11-22,-0.0026492887289699674
2018-11-23,-0.019240779460760304
2018-11-26,0.00922481314402157
2018-11-27,-0.021130847650490114
2018-11-28,0.01998403368326107
2018-11-29,-0.010743254222500997
2018-11-30,0.021130847650490114
2018-12-03,0.04001596631673898
2018-12-04,0.013068814790436978
2018-12-05,-0.01657552441505139
2018-12-06,-0.030015966316739195
2018-12-07,-0.012681221362447204
2018-12-10,-0.03266525504570916
2018-12-11,-0.0019220008232077035
2018-12-12,0.017722338382280434
2018-12-13,0.010775186855978891
2018-12-14,-0.01809396549353126
2018-12-17,0.029984033683260858
2018-12-18,-0.0203556607945119
2018-12-19,-0.008497525238258863
2018-12-20,-0.021906034506468774
2018-12-21,0.008465592604781413
2018-12-24,0.01886915234950992
2018-12-25,0.02153440739521839
2018-12-26,0.022293627934458105
2018-12-27,0.0022936279344580868
2018-12-28,-0.01848155892152059
2018-12-31,-0.0007751868559786601
2019-01-01,-0.0015184410784794267
2019-01-02,-0.06999999999999984
2019-01-03,0.0072868460040744765
2019-01-04,0.02507304965331114
2019-01-07,-0.008077999176792527
2019-01-08,-0.02810993181026955
2019-01-09,0.008077999176792083
2019-01-10,-0.03189006818973006
2019-01-11,0.00959644025527151
2019-01-14,-0.03189006818973006
2019-01-15,0.01959644025527174
2019-01-16,-0.001502474761740924
2019-01-17,0.011518441078479214
2019-01-18,0.03038759342798958
2019-01-21,0.01192200082320749
2019-01-22,-0.007334744954290873
2019-01-23,0.01037162711125017
2019-01-24,0.019628372888749634
2019-01-25,0.03153440739521862
2019-01-28,-0.007318778637552814
2019-01-29,0.0318900681897305
2019-01-30,-0.009596440255271954
2019-01-31,0.05189006818973052
2019-02-01,0.001178746600706937
2019-02-04,0.0037961026961990108
2019-02-05,0.0
2019-02-06,0.0
2019-02-07,0.0
2019-02-08,0.0
2019-02-11,-0.010000000000000231
2019-02-12,0.009612406572010901
2019-02-13,0.03962837288874965
2019-02-14,-0.017690405748802984
2019-02-15,-0.04773830469901963
2019-02-18,0.04654359178157419
2019-02-19,-0.021858135556252378
2019-02-20,0.0030209158402203506
2019-02-21,-0.011518441078479658
2019-02-22,0.019612406572010688
2019-02-25,0.1900159663167389
2019-02-26,-0.031117283789723338
2019-02-27,0.052874816533599045
2019-02-28,-0.04148650844500201
2019-03-01,0.06148650844500203
2019-03-04,0.0192886784109767
2019-03-05,-0.014669489908582634
2019-03-06,0.030743254222501015
2019-03-07,-0.04035566079451147
2019-03-08,-0.1392727120942383
2019-03-11,0.03153680985119056
2019-03-12,0.030921286162600037
2019-03-13,-0.02541274413108363
2019-03-14,-0.00812589812700848
2019-03-15,-0.002665255045708914
2019-03-18,0.04924077946076011
2019-03-19,-0.028062032860053154
2019-03-20,-0.017366677587768997
2019-03-21,-0.0030528484736978
2019-03-22,0.00848155892152036
2019-03-25,-0.06961240657201051
2019-03-26,-0.011953933456685384
2019-03-27,0.004297862797332019
2019-03-28,-0.0203716271112504
2019-03-29,0.059984033683261107
2019-04-01,0.06080711948945616
2019-04-02,0.006880883803374704
2019-04-03,0.014555323235438511
2019-04-04,0.050387593427989597
2019-04-05,0.0026971876791863636
2019-04-08,0.013796102696198798
2019-04-09,-0.029612406572010475
2019-04-10,-0.010403559744728508
2019-04-11,-0.002665255045708914
2019-04-12,0.009240779460760518
2019-04-15,0.020387593427989348
2019-04-16,0.11153440739521825
2019-04-17,0.035781968786362306
2019-04-18,-0.020485793784394524
2019-04-19,0.031114881333751843
2019-04-22,-0.10111488133375124
2019-04-23,0.018401727337825857
2019-04-24,-0.0468170185364194
2019-04-25,-0.02003193263347791
2019-04-26,-0.033812069012938206
2019-04-29,0.027318778637552832
2019-04-30,-0.001114881333751594
2019-05-01,0.002277661617719584
2019-05-02,0.0
2019-05-03,0.0
2019-05-06,-0.11000000000000032
2019-05-07,-0.004263527707882631
2019-05-08,-0.06835142593163734
2019-05-09,-0.03232556056793623
2019-05-10,0.05428189648059334
2019-05-13,-0.03995210104978364
2019-05-14,-0.0269950504765184
2019-05-15,0.06580033755907255
2019-05-16,0.03043549237820553
2019-05-17,-0.043522675941353395
2019-05-20,0.09033969447777279
2019-05-21,-0.020307761844295058
2019-05-22,0.01605779799717988
2019-05-23,-0.021130847650490114
2019-05-24,-1.5966316738946773e-05
2019-05-27,0.01848155892152059
2019-05-28,0.030775186855978465
2019-05-29,0.002681221362447417
2019-05-30,0.05227766161771985
2019-05-31,-0.00806203286005358
2019-06-03,-0.17659149073179004
2019-06-04,-0.007735902243047654
2019-06-05,0.006334030293683401
2019-06-06,0.0007751868559786601
2019-06-07,0.0015184410784794267
2019-06-10,0.020000000000000018
2019-06-11,0.020775186855978234
2019-06-12,-0.027706372065541718
2019-06-13,0.0003556607945114365
2019-06-14,-0.002277661617719584
2019-06-17,0.010000000000000231
2019-06-18,0.020387593427988904
2019-06-19,0.02153440739521839
2019-06-20,0.032293627934458335
2019-06-21,-0.03731877863755262
2019-06-24,0.01072728790576205
2019-06-25,-0.03264928872896977
2019-06-26,-0.010403559744728064
2019-06-27,0.007334744954290873
2019-06-28,-0.01037162711125017
2019-07-01,0.020371627111249957
2019-07-02,0.010015966316739178
2019-07-03,0.0019060345064687567
2019-07-04,0.0007592205392397133
2019-07-05,-0.020000000000000018
2019-07-08,-0.040775186855978696
2019-07-09,-0.003068814790436747
2019-07-10,-0.013036882156959084
2019-07-11,0.009612406572010457
2019-07-12,0.009628372888749848
2019-07-15,-0.018853186032770974
2019-07-16,-0.010015966316739178
2019-07-17,-0.021906034506468774
2019-07-18,-0.02153440739521839
2019-07-19,0.01770637206554193
2019-07-22,-0.0007432542225007666
2019-07-23,0.021518441078479444
2019-07-24,0.0007751868559786601
2019-07-25,0.011518441078479658
2019-07-26,0.00038759342798933005
2019-07-29,0.0007592205392397133
2019-07-30,0.020000000000000018
2019-07-31,-0.00922481314402157
2019-08-01,-0.028869152349509708
2019-08-02,-0.04192200082320774
2019-08-05,-0.06382803532967651
2019-08-06,-0.055362442724895544
2019-08-07,-0.01649329037538516
2019-08-08,0.015816303875811677
2019-08-09,0.020015966316738965
2019-08-12,0.022293627934458105
2019-08-13,0.0022936279344580868
2019-08-14,-0.008481558921520804
2019-08-15,0.009612406572010901
2019-08-16,-0.010371627111250614
2019-08-19,0.010371627111250614
2019-08-20,-0.0203716271112504
2019-08-21,-0.010015966316739178
2019-08-22,-0.011906034506468544
2019-08-23,-0.0011468139672290434
2019-08-26,-0.02075922053923973
2019-08-27,0.04922481314402116
2019-08-28,-0.029580473938533025
2019-08-29,-0.00736667758776921
2019-08-30,-0.002665255045708914
2019-09-02,0.009240779460760518
2019-09-03,0.010387593427989117
2019-09-04,0.05114681396722931
2019-09-05,0.02269718767918638
2019-09-06,0.014571289552177458
2019-09-09,0.0019060345064687567
2019-09-10,-0.009240779460760074
2019-09-11,0.039612406572010705
2019-09-12,0.0007911531727176069
2019-09-13,0.0030368821569592974
2019-09-16,0.0
2019-09-17,-0.040000000000000036
2019-09-18,-0.021550373711957338
2019-09-19,0.006187930987061829
2019-09-20,-0.0011308476504900966
2019-09-23,-0.009240779460760074
2019-09-24,-0.00038759342798933005
2019-09-25,-0.010759220539239944
2019-09-26,0.019612406572010688
2019-09-27,-0.00998403368326084
2019-09-30,-0.01886915234950992
2019-10-01,-0.0015344073952183734
2019-10-02,-0.0015184410784794267
2019-10-03,0.0
2019-10-04,0.0
2019-10-07,0.0
2019-10-08,0.020000000000000018
2019-10-09,0.020775186855978678
2019-10-10,-0.01770637206554193
2019-10-11,0.0407432542225008
2019-10-14,0.030031932633477254
2019-10-15,0.014199662440927519
2019-10-16,0.012665255045708701
2019-10-17,-0.008853186032770743
2019-10-18,-0.019628372888749634
2019-10-21,0.02846559260478143
2019-10-22,-0.0003556607945118806
2019-10-23,0.022277661617719602
2019-10-24,0.040775186855978696
2019-10-25,-0.01693118520956327
2019-10-28,-0.01773830469901938
2019-10-29,-0.022293627934458105
2019-10-30,-0.0022936279344580868
2019-10-31,0.008481558921520804
2019-11-01,0.00038759342798933005
2019-11-04,0.0007592205392397133
2019-11-05,0.020000000000000018
2019-11-06,0.020775186855978678
2019-11-07,-0.007706372065542144
2019-11-08,-0.048869152349509726
2019-11-11,-0.0426971876791864
2019-11-12,0.014653523591843687
2019-11-13,-0.012261695300980868
2019-11-14,-0.028869152349509708
2019-11-15,-0.011922000823207934
2019-11-18,0.007334744954291317
2019-11-19,0.009628372888749404
2019-11-20,-0.008853186032770743
2019-11-21,0.01037162711125017
2019-11-22,-0.0203716271112504
2019-11-25,0.03998403368326109
2019-11-26,0.020031932633477467
2019-11-27,-0.006187930987061829
2019-11-28,-0.008869152349510134
2019-11-29,-0.02114681396722906
2019-12-02,-0.01153440739521816
2019-12-03,-0.011906034506468988
2019-12-04,-0.01114681396722883
2019-12-05,0.018853186032770974
2019-12-06,1.5966316738946773e-05
2019-12-09,0.0015184410784794267
2019-12-10,-0.010000000000000231
2019-12-11,-0.00038759342798933005
2019-12-12,-0.0007592205392397133
2019-12-13,0.040000000000000036
2019-12-16,0.0015503737119573202
2019-12-17,0.033036882156959546
2019-12-18,-0.00883721971603224
2019-12-19,0.021890068189730272
2019-12-20,0.010015966316739178
2019-12-23,-0.028093965493531492
2019-12-24,-0.0004035597447282768
2019-12-25,-0.012277661617719371
2019-12-26,0.019612406572010688
2019-12-27,0.010015966316738734
2019-12-30,0.021906034506468774
2019-12-31,-0.018465592604781644
2020-01-01,0.0007432542225007666
2020-01-02,0.028481558921520822
2020-01-03,-0.00883721971603224
2020-01-06,-0.018109931810269764
2020-01-07,0.028465592604781875
2020-01-08,-0.030355660794511685
2020-01-09,0.001114881333751594
2020-01-10,-0.002277661617719584
2020-01-13,0.010000000000000231
2020-01-14,-0.009612406572010901
2020-01-15,-0.019628372888749634
2020-01-16,-0.02153440739521839
2020-01-17,-0.0022936279344580868
2020-01-20,0.008481558921520804
2020-01-21,-0.019612406572010688
2020-01-22,-1.5966316738946773e-05
2020-01-23,-0.031518441078479675
2020-01-24,-0.0011627802839679902
2020-01-27,-0.002277661617719584
2020-01-28,0.0
2020-01-29,0.0
2020-01-30,0.0
2020-01-31,0.0
2020-02-03,-0.17999999999999972
2020-02-04,0.06302331829619234
2020-02-05,-0.010952815710391306
2020-02-06,0.015314543774678224
2020-02-07,0.00038759342798933005
2020-02-10,-0.009240779460760074
2020-02-11,0.029612406572010475
2020-02-12,0.010403559744728508
2020-02-13,-0.007334744954291317
2020-02-14,0.030371627111250632
2020-02-17,0.04040355974472831
2020-02-18,-0.016171964670323113
2020-02-19,0.022261695300980655
2020-02-20,0.029256745777499038
2020-02-21,-0.00731877863755237
2020-02-24,-0.028109931810269995
2020-02-25,-0.02192200082320772
2020-02-26,0.026947151526302004
2020-02-27,0.01964433920548858
2020-02-28,-0.06694715152630204
2020-03-02,0.04880528708255483
2020-03-03,0.016623423365267787
2020-03-04,0.014571289552177458
2020-03-05,0.031906034506469005
2020-03-06,-0.028077999176792545
2020-03-09,-0.05888511866624846
2020-03-10,0.015396777814344897
2020-03-11,-0.003780136379460064
2020-03-12,-0.00848155892152036
2020-03-13,-0.020387593427989348
2020-03-16,-0.02153440739521839
2020-03-17,0.01770637206554193
2020-03-18,-0.06074325422250082
2020-03-19,-0.040807119489456145
2020-03-20,0.03389430305260399
2020-03-23,-0.06148650844500203
2020-03-24,0.04071132158902335
2020-03-25,0.0269950504765184
2020-03-26,0.004199662440927288
2020-03-27,0.012277661617719815
2020-03-30,0.00038759342798933005
2020-03-31,-0.03924077946076032
2020-04-01,-0.0015503737119573202
2020-04-02,0.01696311784304072
2020-04-03,-0.009224813144021127
2020-04-06,0.0011308476504900966
2020-04-07,0.01924077946075986
2020-04-08,-0.019224813144020914
2020-04-09,0.0007432542225007666
2020-04-10,0.00848155892152036
2020-04-13,0.020387593427989348
2020-04-14,0.01153440739521816
2020-04-15,0.011906034506468988
2020-04-16,0.01114681396722883
2020-04-17,0.031146813967229292
2020-04-20,-0.028077999176792545
2020-04-21,0.011114881333751825
2020-04-22,-0.0318900681897305
2020-04-23,-0.07040355974472812
2020-04-24,-0.034990815613644255
2020-04-27,0.0035226759413533593
2020-04-28,-0.011890068189730041
2020-04-29,0.030371627111250188
2020-04-30,0.020403559744728295
2020-05-01,0.003052848473698244
2020-05-04,0.0015184410784794267
2020-05-05,0.0
2020-05-06,-0.029999999999999805
2020-05-07,-0.011162780283968221
2020-05-08,0.017334744954291104
2020-05-11,1.5966316738946773e-05
2020-05-12,-0.01848155892152059
2020-05-13,0.019224813144021358
2020-05-14,-0.010743254222500553
2020-05-15,0.0011308476504900966
2020-05-18,-0.0007592205392397133
2020-05-19,0.009999999999999787
2020-05-20,0.010387593427989561
2020-05-21,-0.018853186032770974
2020-05-22,-0.030015966316739195
2020-05-25,0.0173187786375526
2020-05-26,-0.01150247476174071
2020-05-27,0.021130847650490114
2020-05-28,0.020015966316738965
2020-05-29,-0.01770637206554193
2020-06-01,0.020743254222500784
2020-06-02,0.00925674577749902
2020-06-03,0.021906034506468774
2020-06-04,0.0015344073952183734
2020-06-05,0.0015184410784794267
2020-06-08,0.009999999999999787
2020-06-09,0.00038759342798933005
2020-06-10,-0.009240779460760074
2020-06-11,-0.020387593427989348
2020-06-12,-0.0015344073952183734
2020-06-15,-0.04151844107847946
2020-06-16,0.02844962628804293
2020-06-17,-0.011874101872991538
2020-06-18,0.001890068189730254
2020-06-19,0.009240779460760518
2020-06-22,-0.009612406572010901
2020-06-23,-0.019628372888749634
2020-06-24,0.018465592604781644
2020-06-25,-0.0007432542225007666
2020-06-26,0.0015184410784794267
2020-06-29,0.010000000000000231
2020-06-30,0.010387593427989117
2020-07-01,0.02114681396722906
2020-07-02,0.08153440739521844
2020-07-03,0.05461918850239389
2020-07-06,0.24801173145386501
2020-07-07,-0.03690165503205778
2020-07-08,0.01628332580180869
2020-07-09,-0.05379610269619883
2020-07-10,-0.10193796713994674
2020-07-13,0.012327963023907706
2020-07-14,-0.02681701853641938
2020-07-15,-0.239256745777499
2020-07-16,-0.0408206833502236
2020-07-17,-0.0093840732257231
2020-07-20,0.04810993181026957
2020-07-21,-0.02730281232081344
2020-07-22,0.0026333224122310206
2020-07-23,-0.022277661617719602
2020-07-24,-0.06077518685597871
2020-07-27,-0.023844001646415425
2020-07-28,-0.005330510091417384
2020-07-29,0.03848155892152061
2020-07-30,-0.02844962628804293
2020-07-31,-0.00812589812700848
2020-08-03,0.007334744954290873
2020-08-04,0.03962837288874965
2020-08-05,-0.02769040574880277
2020-08-06,0.011874101872991094
2020-08-07,-0.021890068189730272
2020-08-10,0.009984033683261284
2020-08-11,-0.0011308476504900966
2020-08-12,-0.009240779460760518
2020-08-13,-0.010387593427989117
2020-08-14,0.018853186032770974
2020-08-17,0.05001596631673877
2020-08-18,-0.03654359178157396
2020-08-19,-0.017754271015758327
2020-08-20,-0.013812069012937744
2020-08-21,-0.0019060345064687567
2020-08-24,-0.010759220539239944
2020-08-25,-0.00038759342798933005
2020-08-26,-0.030759220539239518
2020-08-27,-0.011162780283968221
2020-08-28,0.017334744954291104
2020-08-31,-0.01998403368326107
2020-09-01,-0.029256745777499038
2020-09-02,-0.03268122136244722
2020-09-03,-0.00344044190168713
2020-09-04,-0.022277661617719602
2020-09-07,-0.010775186855978891
2020-09-08,0.01809396549353126
2020-09-09,1.5966316738946773e-05
2020-09-10,-0.00848155892152036
2020-09-11,-0.00038759342798933005
2020-09-14,0.009240779460760074
2020-09-15,0.00038759342798933005
2020-09-16,0.0007592205392397133
2020-09-17,0.0
2020-09-18,0.03000000000000025
2020-09-21,-0.018837219716032028
2020-09-22,-0.018497525238259094
2020-09-23,0.0077063720655417
2020-09-24,-0.011130847650489883
2020-09-25,-0.009628372888749848
2020-09-28,0.04885318603277122
2020-09-29,-0.0388212533992931
2020-09-30,0.0022457289842416905
2020-10-01,-0.0030368821569592974
2020-10-02,0.0
2020-10-05,0.0
2020-10-06,0.0
2020-10-07,0.0
2020-10-08,0.0
2020-10-09,0.009999999999999787
2020-10-12,0.020387593427989348
2020-10-13,-0.018465592604781644
2020-10-14,-0.00925674577749902
2020-10-15,0.00809396549353103
2020-10-16,0.019628372888749634
2020-10-19,0.011534407395218604
2020-10-20,-0.028093965493531492
2020-10-21,0.029596440255271972
2020-10-22,-0.011114881333751825
2020-10-23,0.011890068189730485
2020-10-26,-0.0003716271112503833
2020-10-27,-0.009240779460760518
2020-10-28,-0.020387593427989348
2020-10-29,-0.02153440739521839
2020-10-30,-0.012293627934457874
2020-11-02,0.00809396549353103
2020-11-03,0.009628372888749848
2020-11-04,0.0011468139672290434
2020-11-05,0.0007592205392397133
2020-11-06,0.009999999999999787
2020-11-09,0.010387593427989561
2020-11-10,0.0011468139672290434
2020-11-11,0.02075922053923973
2020-11-12,-0.00922481314402157
2020-11-13,-0.00886915234950969
2020-11-16,0.008853186032770743
2020-11-17,-0.0003716271112503833
2020-11-18,0.010759220539239944
2020-11-19,0.00038759342798933005
2020-11-20,-0.009240779460760518
2020-11-23,0.019612406572010688
2020-11-24,0.010015966316738734
2020-11-25,-0.018093965493530817
2020-11-26,0.00998403368326084
2020-11-27,0.07886915234950997
2020-11-30,-0.026140032036845895
2020-12-01,0.06491098402995066
2020-12-02,-0.02995210104978341
2020-12-03,-0.016607457048529284
2020-12-04,-0.03305284847369849
2020-12-07,-0.03268122136244722
2020-12-08,-0.013440441901687361
2020-12-09,-0.012665255045709145
2020-12-10,-0.01114681396722883
2020-12-11,-0.011146813967229274
2020-12-14,-0.01114681396722883
2020-12-15,-0.02114681396722906
2020-12-16,-0.0015344073952183734
2020-12-17,0.00848155892152036
2020-12-18,-0.009612406572010457
2020-12-21,0.01037162711125017
2020-12-22,-0.030371627111250188
2020-12-23,-0.0004035597447282768
2020-12-24,0.007722338382280203
2020-12-25,0.010387593427989561
2020-12-28,-0.008853186032771188
2020-12-29,0.0003716271112503833
2020-12-30,-0.0007592205392397133
2020-12-31,0.010000000000000231
2021-01-01,0.00038759342798933005
2021-01-04,-0.009240779460760518
2021-01-05,-0.00038759342798933005
2021-01-06,0.009240779460760518
2021-01-07,0.010387593427989117
2021-01-08,0.0011468139672290434
2021-01-11,-0.019240779460760304
2021-01-12,0.00922481314402157
2021-01-13,0.01886915234950992
2021-01-14,0.01153440739521816
2021-01-15,0.021906034506468774
2021-01-18,-0.02846559260478143
2021-01-19,0.020355660794511454
2021-01-20,-0.021502474761740942
2021-01-21,-0.009256745777499464
2021-01-22,-0.021906034506468774
2021-01-25,-0.0015344073952183734
2021-01-26,-0.0015184410784794267
2021-01-27,0.0
2021-01-28,0.0
2021-01-29,0.0
2021-02-01,0.010000000000000231
2021-02-02,0.00038759342798933005
2021-02-03,-0.009240779460760518
2021-02-04,0.009612406572010901
2021-02-05,0.03962837288874965
2021-02-08,-0.027690405748803215
2021-02-09,-0.00812589812700848
2021-02-10,0.017334744954291104
2021-02-11,1.5966316738946773e-05
2021-02-12,0.0015184410784794267
2021-02-15,0.0
2021-02-16,0.0
2021-02-17,0.0
2021-02-18,0.009999999999999787
2021-02-19,0.020387593427989348
2021-02-22,0.02153440739521839
2021-02-23,-0.01770637206554193
2021-02-24,-0.00925674577749902
2021-02-25,0.028093965493531048
2021-02-26,-0.00959644025527151
2021-03-01,0.001890068189730254
2021-03-02,-0.02075922053923973
2021-03-03,0.04922481314402116
2021-03-04,0.0004195260614667795
2021-03-05,0.033796102696198815
2021-03-08,-0.008837219716031797
2021-03-09,-0.018109931810269764
2021-03-10,-0.0015344073952183734
2021-03-11,-0.0015184410784794267
2021-03-12,0.020000000000000018
2021-03-15,0.020775186855978678
2021-03-16,0.0022936279344580868
2021-03-17,-0.01848155892152059
2021-03-18,-0.010775186855978891
2021-03-19,-0.03190603450646856
2021-03-22,0.0280779991767921
2021-03-23,0.008885118666248637
2021-03-24,0.012665255045708701
2021-03-25,-0.008853186032770743
2021-03-26,-0.029628372888749865
2021-03-29,0.028077999176792545
2021-03-30,0.008885118666248193
2021-03-31,0.05266525504570918
2021-04-01,-0.017302812320813654
2021-04-02,-0.016979084159779667
2021-04-05,-0.0022936279344580868
2021-04-06,-0.011518441078479658
2021-04-07,0.009612406572010901
2021-04-08,-0.010371627111250614
2021-04-09,0.010371627111250614
2021-04-12,0.019628372888749634
2021-04-13,-0.008465592604781857
2021-04-14,0.0011308476504900966
2021-04-15,-0.02075922053923973
2021-04-16,0.019224813144021358
2021-04-19,-0.0007432542225007666
2021-04-20,-0.00848155892152036
2021-04-21,-0.00038759342798933005
2021-04-22,-0.02075922053923973
2021-04-23,-0.020775186855978678
2021-04-26,-0.022293627934458105
2021-04-27,-0.0022936279344580868
2021-04-28,-0.0015184410784794267
2021-04-29,0.029999999999999805
2021-04-30,-0.028837219716031814
2021-05-03,0.001114881333751594
2021-05-04,-0.002277661617719584
2021-05-05,0.0
2021-05-06,0.009999999999999787
2021-05-07,0.020387593427989348
2021-05-10,-0.018465592604781644
2021-05-11,0.010743254222500997
2021-05-12,0.00886915234950969
2021-05-13,0.0011468139672290434
2021-05-14,0.010759220539239944
2021-05-17,-0.009612406572010901
2021-05-18,0.0003716271112503833
2021-05-19,-0.0107592205392395
2021-05-20,0.009612406572010457
2021-05-21,-0.0003716271112503833
2021-05-24,0.010759220539239944
2021-05-25,0.030387593427989135
2021-05-26,0.0019220008232077035
2021-05-27,-0.007722338382280203
2021-05-28,0.029612406572010475
2021-05-31,-0.00959644025527151
2021-06-01,0.011890068189730041
2021-06-02,0.019628372888749634
2021-06-03,-0.008465592604781413
2021-06-04,-0.18886915234950985
2021-06-07,-0.028123495671037002
2021-06-08,-0.02520037710153522
2021-06-09,-0.0019060345064687567
2021-06-10,-0.030759220539239518
2021-06-11,-0.021162780283968008
2021-06-14,-0.0030528484736978
2021-06-15,-0.011518441078479658
2021-06-16,0.019612406572010688
2021-06-17,-0.00998403368326084
2021-06-18,-0.01886915234950992
2021-06-21,0.008465592604781413
2021-06-22,-0.0011308476504900966
2021-06-23,0.0007592205392397133
2021-06-24,0.0
2021-06-25,0.020000000000000018
2021-06-28,-0.009224813144021127
2021-06-29,0.0011308476504900966
2021-06-30,-0.0007592205392397133
2021-07-01,0.0
2021-07-02,0.0
2021-07-05,0.0
2021-07-06,0.009999999999999787
2021-07-07,-0.009612406572010457
2021-07-08,-0.009628372888749848
2021-07-09,-0.0011468139672290434
2021-07-12,-0.0107592205392395
2021-07-13,-0.010387593427989561
2021-07-14,-0.02114681396722906
2021-07-15,0.008465592604781857
2021-07-16,0.00886915234950969
2021-07-19,-0.008853186032770743
2021-07-20,0.0003716271112503833
2021-07-21,-0.0007592205392397133
2021-07-22,0.009999999999999787
2021-07-23,-0.009612406572010457
2021-07-26,0.01037162711125017
2021-07-27,-0.01037162711125017
2021-07-28,0.0003716271112503833
2021-07-29,-0.02075922053923973
2021-07-30,-0.030775186855978465
2021-08-02,0.017318778637552157
2021-08-03,-0.021502474761740498
2021-08-04,-0.009256745777499464
2021-08-05,0.008093965493531474
2021-08-06,-0.0003716271112503833
2021-08-09,0.030759220539239518
2021-08-10,0.0011627802839679902
2021-08-11,0.022277661617719602
2021-08-12,-0.019224813144021358
2021-08-13,0.010743254222500553
2021-08-16,-0.0011308476504900966
2021-08-17,-0.019240779460760304
2021-08-18,0.02922481314402159
2021-08-19,-0.020355660794511454
2021-08-20,0.001502474761740924
2021-08-23,0.00848155892152036
2021-08-24,-0.009612406572010457
2021-08-25,0.0003716271112503833
2021-08-26,-0.010759220539239944
2021-08-27,0.009612406572010901
2021-08-30,-0.0203716271112504
2021-08-31,0.029984033683260858
2021-09-01,0.029644339205488812
2021-09-02,-0.006559558098313545
2021-09-03,0.011890068189730485
2021-09-06,-0.0003716271112503833
2021-09-07,0.030759220539239518
2021-09-08,0.011162780283968221
2021-09-09,-0.007334744954291317
2021-09-10,0.010371627111250614
2021-09-13,-0.0003716271112503833
2021-09-14,-0.03924077946076032
2021-09-15,-0.0015503737119573202
2021-09-16,-0.013036882156959528
2021-09-17,0.019612406572010688
2021-09-20,1.5966316738946773e-05
2021-09-21,0.0015184410784794267
2021-09-22,-0.020000000000000018
2021-09-23,0.019224813144021358
2021-09-24,-0.020743254222500784
2021-09-27,0.0007432542225007666
2021-09-28,0.008481558921520804
2021-09-29,0.00038759342798933005
2021-09-30,-0.009240779460760518
2021-10-01,-0.00038759342798933005
2021-10-04,-0.0007592205392397133
2021-10-05,0.0
2021-10-06,0.0
2021-10-07,0.0
2021-10-08,0.020000000000000018
2021-10-11,0.010775186855978891
2021-10-12,0.0019060345064687567
2021-10-13,-0.009240779460760518
2021-10-14,-0.010387593427989117
2021-10-15,-0.011146813967229274
2021-10-18,0.008853186032771188
2021-10-19,-0.0003716271112503833
2021-10-20,0.0007592205392397133
2021-10-21,0.020000000000000018
2021-10-22,-0.019224813144021358
2021-10-25,0.010743254222500553
2021-10-26,-0.011130847650489883
2021-10-27,0.0003716271112503833
2021-10-28,-0.010759220539239944
2021-10-29,-0.00038759342798933005
2021-11-01,0.019240779460760304
2021-11-02,-0.029224813144021144
2021-11-03,0.0003556607945118806
2021-11-04,-0.002277661617719584
2021-11-05,0.0
2021-11-08,-0.010000000000000231
2021-11-09,0.009612406572010901
2021-11-10,-0.0003716271112503833
2021-11-11,0.030759220539239518
2021-11-12,-0.008837219716031797
2021-11-15,0.001890068189730254
2021-11-16,-0.0007592205392397133
2021-11-17,0.009999999999999787
2021-11-18,-0.009612406572010457
2021-11-19,0.0003716271112503833
2021-11-22,-0.0007592205392397133
2021-11-23,0.009999999999999787
2021-11-24,0.010387593427989561
2021-11-25,0.0011468139672290434
2021-11-26,-0.009240779460760518
2021-11-29,-0.010387593427989117
2021-11-30,-0.011146813967229274
2021-12-01,0.008853186032771188
2021-12-02,-0.010371627111250614
2021-12-03,0.010371627111250614
2021-12-06,-0.0003716271112503833
2021-12-07,0.0107592205392395
2021-12-08,-0.009612406572010457
2021-12-09,0.01037162711125017
2021-12-10,-0.0003716271112503833
2021-12-13,-0.009240779460760074
2021-12-14,-0.010387593427989561
2021-12-15,-0.0011468139672290434
2021-12-16,-0.0007592205392397133
2021-12-17,0.010000000000000231
2021-12-20,-0.009612406572010901
2021-12-21,0.010371627111250614
2021-12-22,-0.0003716271112503833
2021-12-23,0.0007592205392397133
2021-12-24,-0.010000000000000231
2021-12-27,0.009612406572010901
2021-12-28,0.009628372888749404
2021-12-29,-0.018853186032770974
2021-12-30,-1.5966316738946773e-05
2021-12-31,-0.0015184410784794267
2022-01-03,0.0
2022-01-04,0.020000000000000018
2022-01-05,0.020775186855978678
2022-01-06,0.0022936279344580868
2022-01-07,0.05151844107847969
2022-01-10,-0.00806203286005358
2022-01-11,0.013408509268209912
2022-01-12,-0.0203716271112504
2022-01-13,0.01998403368326107
2022-01-14,-0.05074325422250103
2022-01-17,-0.0004195260614667795
2022-01-18,0.026203897303801238
2022-01-19,-0.00883721971603224
2022-01-20,0.011890068189730485
2022-01-21,-0.0003716271112503833
2022-01-24,0.0007592205392397133
2022-01-25,-0.03000000000000025
2022-01-26,-0.0011627802839679902
2022-01-27,-0.002277661617719584
2022-01-28,0.0
2022-01-31,0.0
2022-02-01,0.0
2022-02-02,0.0
2022-02-03,0.0
2022-02-04,0.0
2022-02-07,0.040000000000000036
2022-02-08,0.041550373711957356
2022-02-09,-0.005412744131083169
2022-02-10,0.03264928872896977
2022-02-11,0.0004035597447282768
2022-02-14,-0.017722338382280434
2022-02-15,-0.020775186855978678
2022-02-16,0.01770637206554193
2022-02-17,0.009256745777499464
2022-02-18,0.021906034506468774
2022-02-21,-0.018465592604781644
2022-02-22,-0.009256745777499464
2022-02-23,-0.011906034506468544
2022-02-24,-0.05114681396722931
2022-02-25,-0.0026971876791863636
2022-02-28,-0.013796102696198798
2022-03-01,0.019612406572010688
2022-03-02,0.010015966316738734
2022-03-03,0.021906034506468774
2022-03-04,0.0015344073952183734
2022-03-07,-0.01848155892152059
2022-03-08,-0.030775186855978465
2022-03-09,-0.022681221362447435
2022-03-10,-0.0030528484736978
2022-03-11,0.01848155892152059
2022-03-14,-0.00922481314402157
2022-03-15,-0.05886915234950996
2022-03-16,0.03691521889282434
2022-03-17,-0.01300494952348119
