s_no,Date,Symbol,Open,High,Low,Close,PrevClose,Volume,Turnover,VWAP,Trades,Daily_Return_%,MA_20,MA_50
89,2004-08-25,TCS,1198.7,1198.7,979.0,987.95,850.0,17116372,17258760957.45,1008.32,,16.229411764705887,,
90,2004-08-26,TCS,992.0,997.0,975.3,979.0,987.95,5055400,4982864767.3,985.65,,-0.9059162913102936,,
91,2004-08-27,TCS,982.4,982.4,958.55,962.65,979.0,3830750,3715586030.8,969.94,,-1.670071501532178,,
60,2004-08-30,TCS,969.9,990.0,965.0,986.75,962.65,3058151,3005106339.9,982.65,,2.503505947125126,,
61,2004-08-31,TCS,986.5,990.0,976.0,988.1,986.75,2649332,2602132650.65,982.18,,0.13681276919179353,,
62,2004-09-01,TCS,990.0,995.0,983.6,987.9,988.1,2491943,2466235576.95,989.68,,-0.02024086630908263,,
63,2004-09-02,TCS,989.9,1004.6,986.0,993.65,987.9,2669544,2661426196.4,996.96,,0.5820427168741775,,
64,2004-09-03,TCS,1006.0,1100.0,990.35,997.85,993.65,1233732,1229916939.9,996.91,,0.42268404367735574,,
65,2004-09-06,TCS,1039.9,1039.9,992.9,994.85,997.85,1129834,1128553951.75,998.87,,-0.30064638973793656,,
66,2004-09-07,TCS,1035.0,1035.0,995.0,995.6,994.85,721529,719610913.6,997.34,,0.07538824948484696,,
67,2004-09-08,TCS,996.0,1000.8,991.1,993.7,995.6,824248,820361682.5,995.29,,-0.19083969465648626,,
68,2004-09-09,TCS,997.0,997.9,978.45,979.95,993.7,993398,978657426.05,985.16,,-1.3837174197443896,,
69,2004-09-10,TCS,990.0,990.0,976.0,988.8,979.95,801884,789950664.25,985.12,,0.9031073013929188,,
70,2004-09-13,TCS,991.0,1015.5,991.0,1003.5,988.8,2613114,2632220570.75,1007.31,,1.4866504854368978,,
71,2004-09-14,TCS,1005.0,1018.8,1002.95,1015.65,1003.5,1916934,1941763417.65,1012.95,,1.2107623318385627,,
72,2004-09-15,TCS,1018.0,1020.0,1001.2,1006.1,1015.65,1498536,1512208351.85,1009.12,,-0.9402845468419194,,
73,2004-09-16,TCS,1007.0,1015.0,1002.5,1008.45,1006.1,919778,928806251.55,1009.82,,0.23357519133287175,,
74,2004-09-17,TCS,1012.0,1029.9,1010.3,1024.5,1008.45,1828487,1867047286.0,1021.09,,1.5915513907481735,,
75,2004-09-20,TCS,1032.4,1036.9,1020.15,1022.9,1024.5,1069028,1099843534.0,1028.83,,-0.1561737432894117,,
76,2004-09-21,TCS,1024.85,1048.5,1022.0,1045.8,1022.9,1737135,1805822479.35,1039.54,,2.238733013979859,998.1825000000001,
77,2004-09-22,TCS,1048.4,1056.0,1037.1,1052.05,1045.8,1921448,2012857077.25,1047.57,,0.5976286096768025,1001.3875,
78,2004-09-23,TCS,1048.0,1049.0,1027.0,1030.25,1052.05,1977460,2052199849.25,1037.8,,-2.072144860035165,1003.95,
79,2004-09-24,TCS,1029.1,1040.0,1026.0,1028.8,1030.25,1010401,1044692914.85,1033.94,,-0.14074253821888333,1007.2575,
80,2004-09-27,TCS,1027.5,1032.5,1015.0,1020.75,1028.8,1028689,1051767928.75,1022.44,,-0.7824650077760453,1008.9575000000001,
81,2004-09-28,TCS,1016.0,1027.4,1012.5,1015.55,1020.75,792427,808924865.05,1020.82,,-0.5094293411707123,1010.3299999999999,
82,2004-09-29,TCS,1019.25,1033.0,1016.15,1031.0,1015.55,1467147,1503253816.95,1024.61,,1.521343114568465,1012.485,
83,2004-09-30,TCS,1035.6,1040.9,1020.65,1027.1,1031.0,1565179,1616397417.75,1032.72,,-0.3782735208535491,1014.1575,
84,2004-10-01,TCS,1029.0,1056.45,1026.35,1047.7,1027.1,1371111,1430861573.8,1043.58,,2.005646967189187,1016.65,
85,2004-10-04,TCS,1057.0,1081.0,1054.45,1076.5,1047.7,1891228,2027186073.7,1071.89,,2.7488784957525962,1020.7324999999998,
86,2004-10-05,TCS,1080.3,1089.0,1075.5,1080.7,1076.5,1792661,1942248091.45,1083.44,,0.3901532745007009,1024.9875,
87,2004-10-06,TCS,1081.0,1102.8,1075.05,1081.6,1080.7,2208833,2407813364.9,1090.08,,0.08327935597296784,1029.3825000000002,
88,2004-10-07,TCS,1083.0,1100.0,1083.0,1097.1,1081.6,1260016,1377437281.85,1093.19,,1.433062130177515,1035.24,
33,2004-10-07,TCS,1083.0,1100.0,1083.0,1097.1,1081.6,1260016,1377437281.85,1093.19,,1.433062130177515,1040.655,
34,2004-10-08,TCS,1098.0,1111.0,1095.0,1098.05,1097.1,1069865,1180319204.55,1103.24,,0.08659192416370846,1045.3825000000002,
35,2004-10-09,TCS,1099.9,1103.85,1094.25,1100.65,1098.05,258539,284338312.6,1099.79,,0.23678338873458737,1049.6325,
36,2004-10-11,TCS,1100.0,1111.5,1085.0,1089.3,1100.65,1166507,1282016129.55,1099.02,,-1.0312088311452445,1053.7925,
37,2004-10-12,TCS,1110.0,1115.0,1077.65,1084.45,1089.3,1950064,2132121371.9,1093.36,,-0.4452400624254025,1057.5925,
38,2004-10-14,TCS,1103.0,1124.0,1088.05,1116.2,1084.45,2403248,2662234309.65,1107.77,,2.9277513947162155,1062.1775,
39,2004-10-15,TCS,1121.7,1141.0,1117.25,1126.0,1116.2,2224968,2512693150.3,1129.32,,0.8779788568356884,1067.3325,
40,2004-10-18,TCS,1134.0,1142.0,1125.25,1137.25,1126.0,1711668,1943642755.15,1135.53,,0.9991119005328597,1071.905,
41,2004-10-19,TCS,1140.15,1148.7,1136.1,1143.2,1137.25,1470891,1680074601.4,1142.22,,0.5231919103099623,1076.4625,
42,2004-10-20,TCS,1144.8,1149.9,1129.0,1133.25,1143.2,900854,1028401836.85,1141.59,,-0.8703638908327541,1081.6125,
43,2004-10-21,TCS,1137.25,1139.0,1122.0,1125.55,1133.25,801690,905652951.15,1129.68,,-0.6794617251268515,1086.45,
44,2004-10-25,TCS,1125.0,1127.0,1110.75,1117.35,1125.55,1173784,1311429090.9,1117.27,,-0.7285327173381942,1091.28,
45,2004-10-26,TCS,1115.6,1140.95,1115.6,1137.2,1117.35,866595,979286028.1,1130.04,,1.77652481317404,1097.3625,
46,2004-10-27,TCS,1142.25,1148.0,1135.2,1139.9,1137.2,979707,1119246665.15,1142.43,,0.23742525501231493,1102.8075000000001,
47,2004-10-28,TCS,1145.0,1174.8,1145.0,1165.95,1139.9,2323927,2707316483.65,1164.97,,2.2852881831739587,1109.75,
48,2004-10-29,TCS,1167.95,1167.95,1145.15,1156.25,1165.95,1082722,1250690942.7,1155.14,,-0.8319396200523218,1115.1775000000002,
49,2004-11-01,TCS,1150.0,1174.45,1142.3,1170.65,1156.25,767196,891608670.85,1162.17,,1.2454054054054133,1119.885,
50,2004-11-02,TCS,1130.0,1179.75,1125.0,1159.7,1170.65,1108005,1289484942.35,1163.79,,-0.9353777815743428,1123.835,1057.015
51,2004-11-03,TCS,1161.0,1184.0,1161.0,1175.2,1159.7,1122267,1319061107.05,1175.35,,1.336552556695697,1128.5149999999999,1060.76
52,2004-11-04,TCS,1181.75,1187.9,1167.7,1170.4,1175.2,819476,964916886.35,1177.48,,-0.40844111640571434,1132.1799999999998,1064.588
53,2004-11-05,TCS,1173.95,1180.0,1160.0,1165.45,1170.4,627981,732187594.6,1165.94,,-0.42293233082707155,1135.5975,1068.644
54,2004-11-08,TCS,1165.0,1188.9,1156.0,1184.15,1165.45,1286466,1517295852.4,1179.43,,1.604530438886271,1139.9025000000001,1072.5919999999999
55,2004-11-09,TCS,1187.0,1197.9,1177.0,1188.4,1184.15,917339,1091098434.15,1189.42,,0.3589072330363552,1144.2900000000002,1076.598
56,2004-11-10,TCS,1191.0,1199.0,1190.1,1194.35,1188.4,716799,856707978.85,1195.19,,0.5006731740154676,1149.5425,1080.7269999999999
57,2004-11-11,TCS,1199.0,1203.4,1191.1,1196.25,1194.35,654391,784191351.65,1198.35,,0.15908234604597404,1155.1325000000002,1084.779
58,2004-11-12,TCS,1204.0,1208.0,1190.2,1196.75,1196.25,226676,271965546.8,1199.8,,0.04179728317659352,1159.16,1088.757
5,2004-11-16,TCS,1198.0,1198.0,1184.0,1190.9,1196.75,500688,596087823.45,1190.54,,-0.4888238980572308,1162.405,1092.678
59,2004-11-16,TCS,1198.0,1198.0,1184.0,1190.9,1196.75,500688,596087823.45,1190.54,,-0.4888238980572308,1165.0875,1096.5839999999998
6,2004-11-17,TCS,1191.5,1209.9,1191.5,1205.4,1190.9,683492,823595547.5,1204.98,,1.2175665463095138,1168.1975,1100.818
7,2004-11-18,TCS,1209.45,1234.55,1206.5,1231.0,1205.4,934016,1138705128.15,1219.15,,2.123776339804207,1173.085,1105.8390000000002
8,2004-11-19,TCS,1233.0,1237.0,1211.1,1217.1,1231.0,851595,1043738212.15,1225.63,,-1.129163281884654,1177.6625,1110.405
9,2004-11-22,TCS,1207.8,1226.0,1195.0,1222.45,1217.1,592284,719897900.55,1215.46,,0.43956946840852323,1182.9175,1114.7839999999999
10,2004-11-23,TCS,1230.6,1242.0,1224.15,1235.55,1222.45,539099,665479598.35,1234.43,,1.0716184711031052,1187.835,1119.182
11,2004-11-24,TCS,1239.0,1245.0,1230.15,1233.9,1235.55,402913,499220626.8,1239.03,,-0.1335437659341883,1192.535,1123.738
12,2004-11-25,TCS,1234.0,1244.0,1208.65,1216.85,1233.9,788859,967476443.25,1226.43,,-1.381797552475904,1195.08,1127.906
13,2004-11-29,TCS,1216.0,1247.7,1205.55,1243.9,1216.85,660186,813364074.95,1232.02,,2.222952705756682,1199.4625,1132.294
14,2004-11-30,TCS,1248.15,1286.0,1245.0,1274.65,1243.9,1313518,1658363664.45,1262.54,,2.4720636707130796,1204.6625,1137.3290000000002
15,2004-12-01,TCS,1281.0,1281.0,1257.0,1261.55,1274.65,1060233,1342096205.35,1265.85,,-1.027733103204812,1209.755,1141.644
16,2004-12-02,TCS,1265.0,1277.0,1239.1,1242.6,1261.55,1207213,1510336316.9,1251.09,,-1.5021204074353014,1213.125,1145.455
17,2004-12-03,TCS,1249.25,1255.9,1221.55,1236.75,1242.6,1222152,1513822494.2,1238.65,,-0.470787059391591,1216.4425,1149.585
18,2004-12-06,TCS,1240.0,1250.0,1208.5,1214.55,1236.75,1434234,1754080316.6,1223.01,,-1.7950272892662256,1218.8975,1153.3
19,2004-12-07,TCS,1216.0,1232.9,1215.0,1218.25,1214.55,982903,1202262010.2,1223.17,,0.30463957844469525,1220.6025,1157.25
20,2004-12-08,TCS,1218.0,1226.6,1196.05,1200.8,1218.25,916176,1110129695.55,1211.7,,-1.4323825159039643,1221.2225,1160.955
21,2004-12-09,TCS,1204.95,1217.0,1204.85,1211.45,1200.8,475153,575659773.75,1211.53,,0.8869087275149977,1222.0774999999999,1164.5639999999999
22,2004-12-10,TCS,1220.0,1235.5,1214.0,1225.65,1211.45,777101,953181268.0,1226.59,,1.172149077551698,1223.5475000000001,1168.535
23,2004-12-13,TCS,1226.0,1241.65,1225.25,1236.15,1225.65,624529,771042017.55,1234.6,,0.8566882878472647,1225.5175,1172.304
24,2004-12-14,TCS,1242.0,1244.7,1230.3,1233.15,1236.15,385438,476708476.8,1236.8,,-0.24268899405411964,1227.6299999999999,1175.4370000000001
25,2004-12-15,TCS,1244.0,1254.75,1238.0,1245.5,1233.15,721584,900166589.65,1247.49,,1.0015002230061152,1230.3600000000001,1178.733
26,2004-12-16,TCS,1248.45,1265.0,1238.0,1262.65,1245.5,543808,681217624.7,1252.68,,1.376957045363315,1233.2225,1182.354
27,2004-12-17,TCS,1260.0,1274.8,1252.1,1256.5,1262.65,688719,870460631.6,1263.88,,-0.4870708430681575,1234.4975,1185.542
28,2004-12-20,TCS,1260.0,1268.5,1256.5,1262.55,1256.5,283553,357968198.6,1262.44,,0.4814962196577759,1236.77,1188.851
29,2004-12-21,TCS,1264.95,1277.0,1263.15,1272.7,1262.55,432314,549254218.05,1270.5,,0.8039285572848673,1239.2825,1192.344
30,2004-12-22,TCS,1275.1,1275.1,1230.0,1240.15,1272.7,750214,934801938.4,1246.05,,-2.5575548047458123,1239.5125,1195.134
31,2004-12-23,TCS,1247.7,1247.7,1225.0,1227.85,1240.15,493614,609650406.5,1235.08,,-0.9918155061887821,1239.21,1197.905
32,2004-12-24,TCS,1232.95,1272.0,1221.55,1267.95,1227.85,832732,1044247170.4,1254.0,,3.2658712383434576,1241.7649999999999,1201.575
0,2004-12-27,TCS,1270.0,1285.0,1262.2,1270.55,1267.95,550063,702537491.25,1277.19,,0.2050554043929105,1243.0975,1204.662
1,2004-12-28,TCS,1272.0,1314.0,1266.2,1309.35,1270.55,1201806,1559322243.6,1297.48,,3.053795600330562,1244.8325,1208.329
2,2004-12-29,TCS,1316.95,1336.9,1313.15,1320.25,1309.35,829153,1098000702.0,1324.24,,0.8324741283843199,1247.7675,1211.989
3,2004-12-30,TCS,1318.0,1328.0,1291.85,1296.65,1320.25,703349,919117752.5,1306.77,,-1.787540238591169,1250.47,1215.058
4,2004-12-31,TCS,1300.0,1338.8,1296.65,1335.45,1296.65,612414,810146857.35,1322.87,,2.9923263795164425,1255.405,1219.102
323,2005-01-03,TCS,1335.45,1356.7,1335.45,1353.25,1335.45,591771,796830827.05,1346.52,,1.332884046576057,1262.34,1223.656
324,2005-01-04,TCS,1350.0,1354.0,1333.15,1341.25,1353.25,622388,836513575.95,1344.04,,-0.886754110474783,1268.49,1228.134
325,2005-01-05,TCS,1340.2,1340.2,1280.3,1325.0,1341.25,1200540,1576375460.15,1313.06,,-1.211556383970177,1274.7,1231.89
326,2005-01-06,TCS,1320.0,1346.0,1292.5,1320.45,1325.0,1000861,1321152181.5,1320.02,,-0.34339622641509093,1280.15,1235.501
327,2005-01-07,TCS,1330.0,1345.0,1312.65,1339.95,1320.45,952892,1270930603.2,1333.76,,1.4767692831989094,1285.865,1238.981
328,2005-01-10,TCS,1348.65,1359.4,1322.0,1327.45,1339.95,940196,1263349763.25,1343.71,,-0.9328706295011008,1290.43,1242.405
329,2005-01-11,TCS,1330.0,1335.3,1301.0,1313.75,1327.45,998297,1321004825.15,1323.26,,-1.0320539380014346,1294.46,1245.267
330,2005-01-12,TCS,1325.95,1367.95,1286.7,1298.05,1313.75,2590004,3440221511.45,1328.27,,-1.1950523311132288,1297.0875,1248.034
331,2005-01-13,TCS,1310.0,1338.7,1275.0,1292.9,1298.05,3469744,4530321371.8,1305.66,,-0.396748969608248,1298.6,1250.388
332,2005-01-14,TCS,1304.7,1317.9,1277.0,1296.4,1292.9,1969722,2557929343.95,1298.62,,0.2707092582566324,1300.5949999999998,1252.9080000000001
333,2005-01-17,TCS,1309.6,1309.6,1240.2,1263.25,1296.4,1706398,2150022936.7,1259.98,,-2.5570811477938977,1300.6299999999999,1254.864
334,2005-01-18,TCS,1274.7,1284.0,1257.5,1263.85,1263.25,772908,981675509.6,1270.11,,0.047496536710857636,1300.1875,1256.458
335,2005-01-19,TCS,1266.0,1273.7,1251.1,1255.4,1263.85,442311,559042304.15,1263.91,,-0.6685920006329722,1300.95,1257.798
336,2005-01-20,TCS,1255.0,1255.0,1230.0,1243.7,1255.4,567025,703259448.65,1240.26,,-0.9319738728692085,1301.7424999999998,1258.785
337,2005-01-24,TCS,1243.7,1247.35,1215.35,1220.65,1243.7,453524,556847898.0,1227.82,,-1.8533408378226222,1299.3775,1259.2730000000001
338,2005-01-25,TCS,1214.8,1239.9,1207.1,1235.45,1220.65,558241,682761916.75,1223.06,,1.2124687666407203,1297.6225,1260.047
339,2005-01-27,TCS,1243.25,1253.8,1235.3,1240.55,1235.45,681918,849854691.25,1246.27,,0.4128050507912023,1294.1825000000001,1261.04
340,2005-01-28,TCS,1242.85,1294.8,1242.5,1289.2,1240.55,1049227,1336045612.75,1273.36,,3.9216476562814955,1292.63,1263.006
341,2005-01-31,TCS,1298.0,1311.8,1290.25,1300.4,1289.2,731673,954347296.1,1304.34,,0.8687558175612817,1292.8174999999999,1264.906
342,2005-02-01,TCS,1307.0,1320.0,1287.0,1315.25,1300.4,1002480,1311216777.65,1307.97,,1.1419563211319523,1291.8075000000001,1266.5910000000001
343,2005-02-02,TCS,1319.0,1323.45,1303.0,1308.95,1315.25,608807,801472414.9,1316.46,,-0.47899638851928944,1289.5925000000002,1268.428
344,2005-02-03,TCS,1312.0,1314.75,1302.0,1311.1,1308.95,415952,544640958.65,1309.38,,0.16425379120668196,1288.085,1270.201
345,2005-02-04,TCS,1310.0,1322.0,1300.55,1306.45,1311.1,335505,439504158.65,1309.98,,-0.35466402257645213,1287.1575,1271.6190000000001
346,2005-02-07,TCS,1312.6,1330.7,1301.0,1313.75,1306.45,743027,979247185.7,1317.92,,0.5587661219334804,1286.8225,1273.2160000000001
347,2005-02-08,TCS,1313.75,1323.0,1308.0,1316.0,1313.75,410554,539920127.05,1315.1,,0.17126546146527116,1285.625,1275.199
348,2005-02-09,TCS,1321.0,1343.6,1320.75,1332.8,1316.0,692242,923458265.25,1334.01,,1.2765957446808476,1285.8925,1276.9769999999999
294,2005-02-10,TCS,1330.0,1343.5,1323.0,1332.65,1332.8,547081,729703715.55,1333.81,,-0.011254501800710054,1286.8375,1278.137
349,2005-02-10,TCS,1330.0,1343.5,1323.0,1332.65,1332.8,547081,729703715.55,1333.81,,-0.011254501800710054,1288.5675,1279.5590000000002
295,2005-02-11,TCS,1338.0,1387.0,1338.0,1381.75,1332.65,1295887,1771879620.2,1367.31,,3.6843882489775934,1293.01,1282.342
296,2005-02-14,TCS,1391.05,1418.0,1391.05,1409.65,1381.75,1109408,1560125098.6,1406.27,,2.019178577890363,1298.6725000000001,1285.8000000000002
297,2005-02-15,TCS,1410.0,1415.0,1374.0,1381.35,1409.65,497090,688267817.05,1384.59,,-2.0075905366580487,1304.5775,1289.136
298,2005-02-16,TCS,1399.0,1399.0,1361.0,1368.15,1381.35,390854,540667558.25,1383.3,,-0.9555869258334108,1309.7925,1292.134
299,2005-02-17,TCS,1368.15,1386.0,1350.6,1381.85,1368.15,515622,707562112.6,1372.25,,1.0013521909147256,1316.1150000000002,1295.755
300,2005-02-18,TCS,1380.0,1392.0,1355.0,1375.0,1381.85,318143,439299648.65,1380.82,,-0.495712269783255,1322.68,1299.026
301,2005-02-21,TCS,1371.0,1375.8,1345.1,1365.55,1375.0,222144,303824643.55,1367.69,,-0.6872727272727306,1329.925,1301.8239999999998
302,2005-02-22,TCS,1364.7,1369.95,1351.0,1363.45,1365.55,267380,363796401.7,1360.6,,-0.15378418952069928,1336.325,1304.37
303,2005-02-23,TCS,1363.45,1382.1,1355.15,1374.95,1363.45,645852,885913667.75,1371.7,,0.8434486046426345,1343.0449999999998,1307.2060000000001
304,2005-02-24,TCS,1374.95,1395.9,1361.2,1367.95,1374.95,1350805,1857077761.3,1374.79,,-0.5091094221608058,1346.9824999999998,1309.6550000000002
305,2005-02-25,TCS,1376.8,1379.0,1353.15,1364.05,1367.95,633862,865087076.85,1364.79,,-0.28509813955189084,1350.165,1311.6830000000002
306,2005-02-28,TCS,1379.0,1385.0,1340.0,1380.9,1364.05,800301,1090153690.55,1362.18,,1.2352919614383737,1353.4475,1314.171
307,2005-03-01,TCS,1381.0,1440.0,1351.0,1357.45,1380.9,619769,842481417.35,1359.35,,-1.698167861539579,1355.8725,1316.069
308,2005-03-02,TCS,1375.0,1375.0,1361.6,1368.0,1357.45,332264,453937145.25,1366.19,,0.7771925301116029,1358.7175000000002,1317.975
309,2005-03-03,TCS,1370.0,1395.0,1364.0,1389.55,1368.0,361395,498066814.95,1378.18,,1.5752923976608153,1362.8725,1320.9630000000002
310,2005-03-04,TCS,1394.0,1403.5,1382.0,1392.25,1389.55,502234,699544942.8,1392.87,,0.1943075096254216,1366.7975000000001,1324.251
311,2005-03-07,TCS,1395.0,1408.0,1394.0,1400.2,1392.25,457254,640798563.95,1401.41,,0.5710181361106156,1371.0075000000002,1326.896
312,2005-03-08,TCS,1404.0,1420.9,1395.35,1413.95,1400.2,628460,887343282.2,1411.93,,0.982002571061277,1375.065,1329.764
313,2005-03-09,TCS,1409.0,1426.5,1395.05,1407.5,1413.95,677761,957290840.05,1412.43,,-0.4561688885745639,1378.8075000000001,1331.7269999999999
314,2005-03-10,TCS,1410.0,1410.0,1390.25,1399.55,1407.5,287785,403264122.35,1401.27,,-0.5648312611012465,1382.1525,1333.3129999999999
315,2005-03-11,TCS,1406.0,1434.9,1405.0,1427.45,1399.55,650718,924388409.5,1420.57,,1.99349791004252,1384.4375,1335.9289999999999
316,2005-03-14,TCS,1428.0,1460.0,1420.0,1451.85,1427.45,816754,1177367993.25,1441.52,,1.7093418333391615,1386.5475000000001,1338.257
317,2005-03-15,TCS,1451.0,1462.0,1430.0,1442.65,1451.85,518310,749567585.7,1446.18,,-0.6336742776457498,1389.6125,1340.045
318,2005-03-16,TCS,1440.0,1467.6,1440.0,1452.05,1442.65,684177,996247485.7,1456.13,,0.6515786919904247,1393.8075000000001,1342.261
319,2005-03-17,TCS,1448.0,1473.7,1440.0,1460.95,1452.05,850666,1242464264.15,1460.58,,0.6129265521159802,1397.7625,1344.98
320,2005-03-18,TCS,1459.0,1472.5,1425.0,1468.7,1460.95,765433,1113502987.75,1454.74,,0.5304767445840035,1402.4474999999998,1347.945
321,2005-03-21,TCS,1470.15,1475.0,1444.6,1456.45,1468.7,544265,794640523.05,1460.03,,-0.8340709470960713,1406.9924999999998,1350.275
322,2005-03-22,TCS,1454.8,1457.1,1440.1,1443.55,1456.45,335554,485632356.15,1447.26,,-0.8857152665728374,1410.9975,1352.5970000000002
267,2005-03-22,TCS,1454.8,1457.1,1440.1,1443.55,1456.45,335554,485632356.15,1447.26,,-0.8857152665728374,1414.4275000000002,1355.1930000000002
268,2005-03-23,TCS,1440.0,1448.0,1413.35,1421.25,1443.55,429927,615626579.6,1431.93,,-1.5448027432371554,1417.0925000000002,1357.6570000000002
269,2005-03-24,TCS,1430.0,1438.0,1377.65,1384.35,1421.25,744322,1035894254.75,1391.73,,-2.5963060686015895,1418.1075,1359.486
270,2005-03-28,TCS,1391.0,1408.85,1384.0,1392.4,1384.35,462466,646566885.8,1398.09,,0.5815003431213337,1418.6825000000001,1361.406
271,2005-03-29,TCS,1395.0,1398.0,1362.2,1370.9,1392.4,381675,526518220.55,1379.49,,-1.5440965239873599,1419.355,1363.559
272,2005-03-30,TCS,1371.1,1400.0,1360.0,1390.55,1370.9,514407,709409626.7,1379.08,,1.433364942738337,1420.4825,1366.0929999999998
273,2005-03-31,TCS,1404.5,1445.1,1397.25,1432.05,1390.55,864330,1229810246.35,1422.85,,2.9844306209773115,1422.6075,1369.626
274,2005-04-01,TCS,1433.0,1457.0,1414.0,1450.95,1432.05,695334,998816058.45,1436.46,,1.3197863203100515,1425.5425,1373.771
275,2005-04-04,TCS,1452.0,1456.8,1423.3,1427.75,1450.95,657170,945166888.55,1438.24,,-1.5989524104896822,1426.92,1377.9129999999998
276,2005-04-05,TCS,1429.0,1442.5,1416.1,1425.45,1427.75,420979,602236097.1,1430.56,,-0.16109262826124704,1427.495,1381.713
277,2005-04-06,TCS,1427.0,1448.0,1427.0,1441.35,1425.45,244176,350937080.85,1437.23,,1.1154372303483013,1429.1875,1385.729
278,2005-04-07,TCS,1441.0,1450.0,1422.0,1425.2,1441.35,310402,445349840.7,1434.75,,-1.1204773302806301,1430.47,1388.4489999999998
279,2005-04-08,TCS,1430.7,1434.9,1390.05,1393.55,1425.2,506535,711782051.3,1405.2,,-2.220740948638794,1428.775,1390.3120000000001
280,2005-04-11,TCS,1397.0,1400.0,1360.1,1363.6,1393.55,352874,483415757.8,1369.94,,-2.1491873273294857,1424.3625,1391.2790000000002
281,2005-04-12,TCS,1399.0,1399.0,1365.0,1382.0,1363.6,514087,708674825.75,1378.51,,1.349369316515114,1421.33,1392.74
282,2005-04-13,TCS,1394.0,1407.0,1385.55,1401.6,1382.0,579825,809335546.7,1395.83,,1.4182344428364624,1418.8075,1394.55
283,2005-04-15,TCS,1395.0,1395.0,1315.0,1319.0,1401.6,1232810,1639273744.8,1329.71,,-5.893264840182642,1411.7099999999998,1394.8010000000002
284,2005-04-18,TCS,1300.0,1348.7,1291.0,1318.65,1319.0,753038,1002371747.55,1331.1,,-0.026535253980281198,1404.2075,1394.8990000000003
285,2005-04-19,TCS,1330.0,1348.9,1178.1,1208.7,1318.65,3404394,4274919017.65,1255.71,,-8.338073029234447,1391.8200000000002,1392.7530000000002
286,2005-04-20,TCS,1200.0,1200.0,1093.3,1116.2,1208.7,5937282,6649877717.4,1120.02,,-7.652850169603706,1375.4524999999999,1388.421
287,2005-04-21,TCS,1125.0,1148.0,1110.0,1142.4,1116.2,1656542,1879909985.8,1134.84,,2.347249596846447,1360.395,1384.6159999999998
288,2005-04-22,TCS,1160.0,1171.65,1140.25,1166.75,1142.4,1619834,1878201718.15,1159.5,,2.1314775910364063,1347.6699999999998,1381.2979999999998
289,2005-04-25,TCS,1164.8,1167.9,1148.0,1156.95,1166.75,860073,994884040.95,1156.74,,-0.8399400042854043,1336.3,1376.8020000000001
290,2005-04-26,TCS,1157.0,1163.8,1134.1,1136.7,1156.95,692375,793444016.8,1145.97,,-1.7502917152858808,1323.5149999999999,1371.343
291,2005-04-27,TCS,1141.1,1141.1,1111.0,1115.65,1136.7,817171,915180166.05,1119.94,,-1.8518518518518479,1310.7525,1366.029
292,2005-04-28,TCS,1115.1,1130.0,1097.15,1114.8,1115.65,1091109,1209771452.4,1108.75,,-0.07618876887914099,1296.965,1360.9620000000002
293,2005-04-29,TCS,1128.8,1144.7,1117.05,1131.1,1114.8,1383213,1566171196.95,1132.27,,1.462145676354499,1281.9175,1355.9470000000001
236,2005-05-02,TCS,1150.0,1178.0,1118.1,1128.9,1131.1,641200,722616030.45,1126.97,,-0.194500928299869,1265.815,1351.025
237,2005-05-03,TCS,1130.0,1135.0,1105.35,1108.6,1128.9,687881,767912582.35,1116.35,,-1.7982106475330126,1249.8575,1345.886
238,2005-05-04,TCS,1106.5,1124.5,1106.5,1120.85,1108.6,599018,670028798.0,1118.55,,1.1049972938841783,1234.6275,1341.0339999999999
239,2005-05-05,TCS,1149.95,1150.0,1125.55,1136.85,1120.85,811883,926449184.55,1141.11,,1.4274880670919394,1219.4025,1336.2720000000002
240,2005-05-06,TCS,1140.0,1171.7,1132.15,1167.5,1136.85,1023583,1182790582.25,1155.54,,2.6960460922725153,1206.5175,1332.263
241,2005-05-09,TCS,1170.0,1182.25,1166.25,1175.25,1167.5,592380,696431763.55,1175.65,,0.6638115631691649,1195.6025,1328.487
242,2005-05-10,TCS,1178.0,1178.0,1146.25,1152.5,1175.25,884494,1024172800.65,1157.92,,-1.9357583492873858,1185.0475000000001,1323.9189999999999
243,2005-05-11,TCS,1148.0,1152.6,1137.95,1149.1,1152.5,401661,460106213.35,1145.51,,-0.29501084598699273,1173.4025,1319.7520000000002
244,2005-05-12,TCS,1159.0,1161.7,1143.15,1146.75,1149.1,451118,519340646.35,1151.23,,-0.20450787572882334,1160.66,1315.3270000000002
245,2005-05-13,TCS,1149.0,1151.0,1140.15,1148.6,1146.75,298594,342801096.35,1148.05,,0.1613254850664843,1152.14,1310.508
246,2005-05-16,TCS,1145.0,1158.9,1142.25,1154.3,1148.6,721900,830292070.45,1150.15,,0.496256312032043,1143.9225000000001,1305.749
247,2005-05-17,TCS,1161.1,1164.7,1144.4,1150.55,1154.3,583322,675020955.6,1157.2,,-0.32487221692800833,1141.0149999999999,1300.756
248,2005-05-18,TCS,1154.0,1154.0,1123.0,1142.7,1150.55,573528,653297665.75,1139.09,,-0.6822823866846213,1142.34,1295.331
249,2005-05-19,TCS,1153.45,1172.0,1153.2,1162.5,1142.7,457431,530977663.2,1160.78,,1.7327382515095784,1143.345,1290.4309999999998
250,2005-05-20,TCS,1165.0,1174.7,1147.2,1169.65,1162.5,408202,473915248.1,1160.98,,0.615053763440868,1143.49,1285.833
251,2005-05-23,TCS,1170.0,1234.9,1170.0,1223.8,1169.65,1295252,1560540012.75,1204.82,,4.629590048305037,1146.8325,1281.76
252,2005-05-24,TCS,1244.7,1244.7,1205.25,1234.85,1223.8,766107,937469164.75,1223.68,,0.9029253145938841,1151.74,1277.42
253,2005-05-25,TCS,1229.7,1269.4,1215.0,1260.55,1234.85,986809,1231703758.9,1248.17,,2.0812244402154145,1158.985,1273.778
254,2005-05-26,TCS,1258.0,1296.0,1251.15,1290.05,1260.55,1222762,1559523840.05,1275.41,,2.3402483043116105,1167.7475,1270.538
255,2005-05-27,TCS,1283.0,1299.0,1255.25,1269.2,1290.05,920435,1182710349.6,1284.95,,-1.6162164257199265,1174.6525,1266.703
256,2005-05-30,TCS,1269.2,1333.05,1264.0,1319.1,1269.2,2236648,2947603806.25,1317.87,,3.9316104632839473,1184.1625,1263.711
257,2005-05-31,TCS,1320.0,1342.9,1305.55,1334.25,1319.1,1295696,1717115547.05,1325.25,,1.1485103479645282,1195.4450000000002,1261.267
258,2005-06-01,TCS,1330.0,1330.0,1297.55,1304.5,1334.25,941261,1232283545.05,1309.18,,-2.2297170695147086,1204.6275,1258.486
259,2005-06-02,TCS,1308.0,1309.0,1265.1,1268.55,1304.5,1384578,1772639095.55,1280.27,,-2.755845151399007,1211.2125,1254.9859999999999
260,2005-06-03,TCS,1268.55,1296.7,1261.05,1293.15,1268.55,818566,1051033166.75,1283.99,,1.9392219463166716,1217.495,1252.424
261,2005-06-04,TCS,1290.0,1293.85,1278.0,1281.6,1293.15,169770,218164694.05,1285.06,,-0.8931678459575595,1222.8125,1250.369
262,2005-06-06,TCS,1295.0,1301.7,1270.3,1280.4,1281.6,724064,933559734.75,1289.33,,-0.09363295880148394,1229.2075,1248.129
263,2005-06-07,TCS,1288.8,1288.8,1269.05,1277.65,1280.4,462274,590898000.85,1278.24,,-0.21477663230240548,1235.635,1246.264
264,2005-06-08,TCS,1280.0,1296.0,1276.1,1292.1,1277.65,604064,777593024.65,1287.27,,1.1309826634837254,1242.9025,1244.295
265,2005-06-09,TCS,1294.0,1299.0,1271.35,1277.3,1292.1,449792,577713035.1,1284.4,,-1.1454221809457437,1249.3375,1241.2
266,2005-06-10,TCS,1280.0,1300.0,1261.1,1266.15,1277.3,830328,1063830579.95,1281.22,,-0.8729350974712178,1254.9299999999998,1237.5040000000001
207,2005-06-10,TCS,1280.0,1300.0,1261.1,1266.15,1277.3,830328,1063830579.95,1281.22,,-0.8729350974712178,1260.71,1234.272
208,2005-06-13,TCS,1275.0,1283.0,1260.2,1271.65,1266.15,323754,411392675.95,1270.7,,0.43438771077676414,1267.1574999999998,1231.196
209,2005-06-14,TCS,1277.0,1279.9,1260.2,1266.05,1271.65,431548,546845072.1,1267.17,,-0.44037274407267224,1272.335,1227.69
210,2005-06-15,TCS,1269.75,1277.9,1266.3,1272.15,1266.05,348884,443968924.9,1272.54,,0.4818135144741627,1277.46,1224.6290000000001
211,2005-06-16,TCS,1277.8,1287.9,1264.85,1277.7,1272.15,574194,733258505.05,1277.02,,0.43626930786463497,1280.155,1222.312
212,2005-06-17,TCS,1282.7,1286.45,1263.1,1267.65,1277.7,383499,488865811.05,1274.75,,-0.7865696172810483,1281.795,1220.393
213,2005-06-20,TCS,1275.0,1301.95,1270.3,1295.9,1267.65,801584,1033777141.65,1289.67,,2.2285331124521752,1283.5625,1218.671
214,2005-06-21,TCS,1300.0,1312.4,1283.3,1305.1,1295.9,1307943,1704994688.6,1303.57,,0.7099313218612406,1284.315,1216.741
215,2005-06-22,TCS,1309.0,1339.0,1309.0,1333.35,1305.1,1442172,1914184203.85,1327.29,,2.1645850892651906,1287.5225,1217.028
216,2005-06-23,TCS,1330.0,1337.75,1305.0,1307.4,1333.35,459618,604383218.4,1314.97,,-1.9462256721790843,1286.9375,1216.803
217,2005-06-24,TCS,1300.0,1338.3,1295.0,1325.75,1307.4,752665,995296486.25,1322.36,,1.4035490286063874,1286.5125,1219.144
218,2005-06-27,TCS,1319.7,1333.0,1308.0,1316.45,1325.75,443516,587318113.95,1324.23,,-0.7014897227984126,1287.11,1223.149
219,2005-06-28,TCS,1318.0,1328.0,1314.05,1323.55,1316.45,722014,953575636.65,1320.72,,0.539329256713123,1289.8600000000001,1226.772
220,2005-06-29,TCS,1325.0,1357.95,1322.15,1332.55,1323.55,805830,1077999410.1,1337.75,,0.679989422386763,1291.8300000000002,1230.088
221,2005-06-30,TCS,1338.8,1365.0,1338.8,1358.1,1332.55,898625,1214432684.5,1351.43,,1.917376458669465,1295.655,1234.111
222,2005-07-01,TCS,1350.0,1356.7,1340.35,1352.4,1358.1,602571,813699504.2,1350.38,,-0.41970399823281185,1299.255,1238.425
223,2005-07-04,TCS,1358.8,1371.9,1331.0,1359.05,1352.4,493956,665988351.45,1348.27,,0.49171842650102504,1303.325,1243.2930000000001
224,2005-07-05,TCS,1369.75,1369.75,1312.6,1320.2,1359.05,648422,866357977.95,1336.1,,-2.858614473345345,1304.73,1247.4009999999998
225,2005-07-06,TCS,1326.0,1332.6,1316.15,1323.1,1320.2,382152,505948694.75,1323.95,,0.21966368732009267,1307.02,1251.241
226,2005-07-07,TCS,1323.1,1340.0,1303.25,1309.65,1323.1,436111,576604577.75,1322.15,,-1.0165520368830638,1309.1950000000002,1254.856
227,2005-07-08,TCS,1310.6,1329.4,1293.55,1311.1,1309.65,761000,997791461.3,1311.16,,0.1107166036727231,1311.4424999999999,1258.906
228,2005-07-11,TCS,1311.1,1330.0,1311.1,1326.05,1311.1,473908,626568776.5,1322.13,,1.1402639005415336,1314.1625,1263.01
229,2005-07-12,TCS,1318.6,1321.0,1272.3,1285.9,1326.05,768825,992748413.75,1291.25,,-3.0277892990460287,1315.155,1265.991
230,2005-07-13,TCS,1285.0,1300.0,1267.0,1270.75,1285.9,808730,1032779158.25,1277.04,,-1.1781631542110653,1315.085,1268.056
231,2005-07-14,TCS,1278.65,1287.7,1216.35,1225.0,1270.75,1107551,1370092294.65,1237.05,,-3.6002360810544953,1312.45,1269.0510000000002
232,2005-07-15,TCS,1231.0,1261.9,1215.05,1248.45,1225.0,1167715,1452897491.85,1244.22,,1.914285714285718,1311.49,1270.97
233,2005-07-18,TCS,1252.0,1479.0,1252.0,1322.2,1248.45,1809451,2401189519.3,1327.03,,5.907325083103047,1312.805,1274.432
234,2005-07-19,TCS,1348.4,1358.0,1260.0,1319.15,1322.2,584718,772808250.55,1321.68,,-0.2306761458175733,1313.5075,1277.88
235,2005-07-20,TCS,1335.0,1335.0,1305.15,1308.25,1319.15,436788,574861256.35,1316.11,,-0.826289656218026,1312.2525,1281.073
180,2005-07-20,TCS,1335.0,1335.0,1305.15,1308.25,1319.15,436788,574861256.35,1316.11,,-0.826289656218026,1312.2949999999998,1284.152
181,2005-07-21,TCS,1321.0,1321.0,1280.0,1290.3,1308.25,524873,680873466.7,1297.22,,-1.372061914771645,1310.5224999999998,1286.947
182,2005-07-22,TCS,1285.0,1297.85,1270.4,1293.95,1290.3,647412,834525038.75,1289.02,,0.28287995039913905,1309.3975,1289.9720000000002
183,2005-07-25,TCS,1296.6,1302.35,1275.2,1284.35,1293.95,679128,871748007.3,1283.63,,-0.7419142934425701,1307.4375,1292.409
184,2005-07-26,TCS,1285.85,1292.0,1260.0,1265.25,1284.35,653710,832307636.05,1273.21,,-1.487133569509862,1304.0725,1294.3210000000001
185,2005-07-27,TCS,1265.0,1288.0,1265.0,1284.5,1265.25,324676,415217858.2,1278.87,,1.5214384508990317,1300.3925000000002,1295.535
186,2005-07-29,TCS,1275.0,1290.0,1262.0,1268.8,1284.5,1044819,1330541927.65,1273.47,,-1.2222654729466753,1296.2125,1296.214
187,2005-08-01,TCS,1267.0,1275.0,1242.65,1252.2,1268.8,678849,851201728.45,1253.89,,-1.3083228247162602,1290.8700000000001,1296.047
188,2005-08-02,TCS,1292.0,1298.0,1258.0,1290.3,1252.2,602690,774383143.8,1284.88,,3.042644944896974,1289.375,1296.052
189,2005-08-03,TCS,1297.5,1307.4,1283.0,1300.75,1290.3,909290,1179738411.05,1297.43,,0.8098891730605321,1288.2575000000002,1296.683
190,2005-08-04,TCS,1305.0,1319.8,1288.0,1295.25,1300.75,793367,1034005823.7,1303.31,,-0.42283298097251587,1287.5375,1296.206
191,2005-08-05,TCS,1300.0,1308.0,1277.2,1285.4,1295.25,395356,508223758.2,1285.48,,-0.7604709515537471,1286.2525,1295.229
192,2005-08-08,TCS,1290.0,1290.0,1267.25,1283.05,1285.4,513670,658084980.4,1281.14,,-0.18282246771434077,1284.1025000000002,1294.8
193,2005-08-09,TCS,1275.0,1287.0,1264.0,1284.4,1283.05,592969,759055007.3,1280.09,,0.1052180351506283,1284.0275,1295.1170000000002
194,2005-08-10,TCS,1285.65,1316.65,1285.65,1313.05,1284.4,869760,1133778477.8,1303.55,,2.2306135160386065,1286.1425,1295.515
195,2005-08-11,TCS,1316.65,1329.0,1306.6,1312.85,1313.05,455664,601045216.05,1319.05,,-0.015231712425272876,1290.535,1296.14
196,2005-08-12,TCS,1328.4,1328.4,1275.6,1282.85,1312.85,477729,620259660.1,1298.35,,-2.285104924401112,1292.2549999999999,1296.189
197,2005-08-16,TCS,1290.0,1290.0,1265.0,1269.05,1282.85,456676,580302681.6,1270.71,,-1.075729820321936,1289.5974999999999,1296.017
198,2005-08-17,TCS,1280.0,1302.0,1261.3,1299.15,1269.05,704686,905887120.55,1285.52,,2.371852960876257,1288.5975,1296.1580000000001
199,2005-08-18,TCS,1307.0,1325.0,1305.3,1313.7,1299.15,976707,1285103888.75,1315.75,,1.119963052765266,1288.8700000000001,1296.886
200,2005-08-19,TCS,1315.0,1332.0,1311.1,1325.35,1313.7,620784,821884210.85,1323.95,,0.886808251503377,1289.725,1298.07
201,2005-08-22,TCS,1325.0,1348.4,1245.0,1317.85,1325.35,561502,747480789.7,1331.22,,-0.5658882559323952,1291.1025,1299.104
202,2005-08-23,TCS,1327.0,1330.65,1313.0,1316.05,1317.85,585802,772091568.0,1318.01,,-0.13658610615775352,1292.2075,1299.992
203,2005-08-24,TCS,1316.05,1318.0,1284.0,1295.7,1316.05,504595,654432393.55,1296.95,,-1.5462938338208967,1292.775,1300.585
204,2005-08-25,TCS,1305.0,1330.0,1300.0,1323.65,1295.7,792653,1041499408.3,1313.94,,2.157135139306942,1295.695,1301.615
205,2005-08-26,TCS,1328.45,1370.0,1325.0,1364.75,1323.65,1024833,1385017487.45,1351.46,,3.105050428738708,1299.7075,1303.356
151,2005-08-29,TCS,1370.0,1378.0,1330.0,1355.35,1364.75,510167,688149417.25,1348.87,,-0.6887708371496677,1304.035,1305.11
206,2005-08-29,TCS,1370.0,1378.0,1330.0,1355.35,1364.75,510167,688149417.25,1348.87,,-0.6887708371496677,1309.1924999999999,1306.299
152,2005-08-30,TCS,1355.65,1391.0,1355.65,1384.35,1355.35,725949,1001906365.95,1380.13,,2.1396687202567604,1313.895,1307.884
153,2005-08-31,TCS,1380.8,1415.35,1380.0,1404.85,1384.35,926112,1296685825.65,1400.14,,1.4808393831039839,1319.1,1309.3139999999999
154,2005-09-01,TCS,1409.85,1434.0,1409.0,1424.25,1404.85,950023,1352237092.25,1423.37,,1.3809303484357827,1325.55,1311.651
155,2005-09-02,TCS,1430.0,1440.0,1415.05,1427.2,1424.25,615108,880324508.6,1431.17,,0.20712655783746153,1332.6399999999999,1313.68
156,2005-09-05,TCS,1440.0,1466.9,1406.35,1410.25,1427.2,906848,1303345852.85,1437.23,,-1.187640134529151,1339.0,1315.556
157,2005-09-06,TCS,1415.0,1419.9,1388.0,1398.45,1410.25,627930,879765975.5,1401.06,,-0.8367310760503425,1344.7024999999999,1317.0539999999999
158,2005-09-08,TCS,1400.0,1415.0,1395.25,1406.1,1398.45,359774,505140136.15,1404.05,,0.5470342164539214,1349.355,1318.525
159,2005-09-09,TCS,1351.0,1414.0,1351.0,1391.95,1406.1,467722,650482408.5,1390.75,,-1.006329564042377,1353.31,1319.2019999999998
160,2005-09-12,TCS,1429.0,1638.0,1406.5,1430.2,1391.95,828884,1180173191.75,1423.81,,2.7479435324544705,1360.6775,1320.7580000000003
161,2005-09-13,TCS,1431.0,1431.0,1410.6,1422.4,1430.2,280623,398385901.75,1419.65,,-0.5453782687735949,1368.345,1322.025
162,2005-09-14,TCS,1420.0,1427.0,1387.0,1400.15,1422.4,486260,685725099.55,1410.2,,-1.5642575928009,1373.395,1323.624
163,2005-09-15,TCS,1402.0,1454.75,1402.0,1449.9,1400.15,1380092,1978040459.8,1433.27,,3.553190729564689,1380.205,1326.16
164,2005-09-16,TCS,1454.75,1477.7,1436.2,1457.6,1449.9,685023,994730400.95,1452.11,,0.5310711083522877,1386.8175,1329.119
165,2005-09-19,TCS,1477.7,1480.0,1443.0,1454.15,1457.6,359681,523450784.3,1455.32,,-0.23669045005487227,1393.6325,1331.98
166,2005-09-20,TCS,1455.0,1480.0,1420.0,1470.45,1454.15,786678,1152848987.5,1465.46,,1.120929752776533,1401.3525,1334.8680000000002
167,2005-09-21,TCS,1474.0,1476.0,1400.0,1453.65,1470.45,776915,1130656796.4,1455.32,,-1.142507395695192,1409.25,1338.223
168,2005-09-22,TCS,1476.0,1487.0,1397.0,1401.45,1453.65,810301,1156739581.3,1427.54,,-3.5909606851718117,1413.14,1340.8370000000002
169,2005-09-23,TCS,1400.35,1429.8,1400.35,1412.45,1401.45,476978,676456014.2,1418.21,,0.7849013521709658,1415.525,1344.586
170,2005-09-26,TCS,1420.0,1473.0,1416.0,1465.9,1412.45,286256,414623218.7,1448.44,,3.7842047506106447,1421.0525,1348.935
171,2005-09-27,TCS,1475.0,1481.0,1446.3,1462.3,1465.9,800501,1173087905.45,1465.44,,-0.24558291834368895,1426.4,1351.737
172,2005-09-28,TCS,1464.0,1474.9,1447.0,1469.5,1462.3,737508,1076973029.1,1460.29,,0.4923750256445357,1430.6575,1354.744
173,2005-09-29,TCS,1480.0,1494.4,1465.0,1472.85,1469.5,1052736,1557628024.3,1479.6,,0.2279686968356522,1434.0575000000001,1358.036
174,2005-09-30,TCS,1480.0,1491.8,1464.25,1482.35,1472.85,622872,922065000.75,1480.34,,0.6450079777302509,1436.9625,1361.5179999999998
175,2005-10-03,TCS,1455.4,1504.9,1455.4,1497.9,1482.35,559065,836712466.95,1496.63,,1.0490100178770319,1440.4975,1365.67
176,2005-10-04,TCS,1499.8,1502.0,1483.3,1489.75,1497.9,793809,1183872730.6,1491.38,,-0.5440950664263362,1444.4724999999999,1369.586
177,2005-10-05,TCS,1484.0,1489.0,1465.0,1470.0,1489.75,822215,1213595132.25,1476.01,,-1.3257257929182749,1448.05,1373.2990000000002
178,2005-10-06,TCS,1465.05,1465.05,1417.15,1424.65,1470.0,1029224,1483069149.45,1440.96,,-3.0850340136054357,1448.9775,1376.487
179,2005-10-07,TCS,1425.0,1454.0,1415.2,1444.8,1424.65,775828,1117758951.2,1440.73,,1.4143824799073361,1451.62,1379.6930000000002
126,2005-10-10,TCS,1449.8,1475.0,1443.3,1448.5,1444.8,671466,976364820.25,1454.08,,0.2560908084163929,1452.535,1383.287
127,2005-10-11,TCS,1460.0,1474.8,1422.0,1467.75,1448.5,1445640,2105839656.8,1456.68,,1.3289609941318605,1454.8025,1387.5980000000002
128,2005-10-13,TCS,1470.0,1485.0,1430.35,1441.3,1467.75,1700724,2484202462.35,1460.67,,-1.8020780105603844,1456.86,1390.6180000000002
129,2005-10-14,TCS,1450.0,1452.0,1415.0,1424.05,1441.3,653274,938824412.05,1437.11,,-1.1968361895510997,1455.5675,1393.0839999999998
130,2005-10-17,TCS,1430.0,1442.0,1423.9,1434.15,1424.05,548602,785779514.9,1432.33,,0.7092447596643472,1454.395,1395.862
131,2005-10-18,TCS,1442.0,1464.8,1431.1,1440.95,1434.15,1367700,1979728284.55,1447.49,,0.47414845030156916,1453.7350000000001,1398.973
132,2005-10-19,TCS,1459.95,1460.0,1372.15,1401.6,1440.95,1257354,1771473121.55,1408.89,,-2.730837294840219,1450.2925,1401.3440000000003
133,2005-10-20,TCS,1415.1,1435.0,1391.05,1416.35,1401.6,794119,1123211206.15,1414.41,,1.0523687214611872,1448.4275,1403.983
134,2005-10-21,TCS,1429.0,1436.8,1409.0,1428.25,1416.35,740427,1053367731.15,1422.65,,0.840187806686207,1449.7675,1406.2869999999998
135,2005-10-24,TCS,1432.2,1444.0,1401.05,1407.5,1428.25,393704,558413985.7,1418.36,,-1.4528268860493612,1449.52,1408.18
136,2005-10-25,TCS,1418.35,1451.0,1408.5,1440.0,1407.5,677539,968433421.4,1429.34,,2.3090586145648313,1448.225,1411.3229999999999
137,2005-10-26,TCS,1440.0,1445.0,1419.1,1422.25,1440.0,517851,741182831.7,1431.27,,-1.2326388888888888,1446.2225,1414.3869999999997
138,2005-10-27,TCS,1423.0,1428.9,1390.0,1401.3,1422.25,846493,1196619537.25,1413.62,,-1.4730181051151376,1442.8125,1416.43
139,2005-10-28,TCS,1409.0,1409.0,1355.0,1362.15,1401.3,562687,771874607.8,1371.77,,-2.7938342967244605,1437.2775000000001,1417.399
140,2005-10-31,TCS,1365.0,1408.0,1360.35,1401.25,1362.15,356496,496472671.85,1392.65,,2.8704621370627246,1433.2225,1418.917
141,2005-11-01,TCS,1448.7,1448.7,1400.0,1409.6,1401.25,66500,93931308.35,1412.5,,0.595896520963419,1428.8075000000001,1420.7520000000002
142,2005-11-02,TCS,1401.3,1436.0,1388.4,1429.0,1409.6,356611,502619347.7,1409.43,,1.3762769580022767,1425.77,1423.011
143,2005-11-07,TCS,1408.0,1467.7,1408.0,1464.75,1429.0,523560,761387291.65,1454.25,,2.5017494751574527,1425.5075000000002,1426.392
144,2005-11-08,TCS,1474.0,1484.25,1470.4,1477.0,1464.75,722773,1068580778.85,1478.45,,0.8363201911589008,1428.125,1429.4589999999998
145,2005-11-09,TCS,1477.0,1483.05,1450.25,1456.8,1477.0,625099,915403857.2,1464.41,,-1.3676371022342617,1428.725,1431.3
146,2005-11-10,TCS,1457.0,1476.9,1457.0,1469.75,1456.8,386962,567641658.35,1466.92,,0.8889346512905029,1429.7875,1433.5880000000002
147,2005-11-11,TCS,1465.0,1488.0,1465.0,1482.65,1469.75,739986,1096476958.55,1481.75,,0.8777002891648301,1430.5325,1436.134
148,2005-11-14,TCS,1490.0,1514.65,1490.0,1510.3,1482.65,1005045,1513295731.85,1505.7,,1.864904056925091,1433.9824999999998,1438.6529999999998
149,2005-11-16,TCS,1511.25,1517.0,1502.25,1511.7,1510.3,842822,1273105037.6,1510.53,,0.09269681520228372,1438.365,1440.79
96,2005-11-17,TCS,1500.0,1518.0,1492.45,1507.65,1511.7,609808,918813053.0,1506.73,,-0.26791029966262847,1442.0400000000002,1442.458
150,2005-11-17,TCS,1500.0,1518.0,1492.45,1507.65,1511.7,609808,918813053.0,1506.73,,-0.26791029966262847,1445.375,1444.067
97,2005-11-18,TCS,1512.0,1531.0,1512.0,1526.95,1507.65,1088465,1658861614.25,1524.04,,1.2801379630550827,1451.6425000000002,1446.401
98,2005-11-21,TCS,1529.4,1538.7,1506.0,1518.65,1526.95,824667,1257511890.6,1524.87,,-0.5435672418874197,1456.7575000000002,1448.805
99,2005-11-22,TCS,1514.0,1524.8,1488.0,1499.85,1518.65,593875,894537740.05,1506.27,,-1.2379415928620934,1460.3375,1450.68
100,2005-11-23,TCS,1500.0,1522.0,1499.0,1516.65,1499.85,756847,1147350918.95,1515.96,,1.1201120112011322,1465.795,1453.1740000000002
101,2005-11-24,TCS,1516.0,1533.2,1516.0,1524.25,1516.65,568011,867177936.85,1526.69,,0.5011044077407384,1470.0075000000002,1455.055
102,2005-11-25,TCS,1524.25,1540.0,1510.35,1533.7,1524.25,418033,641170985.05,1533.78,,0.6199770378874887,1475.58,1457.281
103,2005-11-26,TCS,1533.5,1540.0,1527.1,1538.85,1533.7,116790,179276810.35,1535.04,,0.33578926778378193,1482.4575,1460.055
104,2005-11-28,TCS,1538.8,1550.0,1536.0,1547.65,1538.85,316906,489892932.55,1545.86,,0.5718556064593808,1491.7324999999998,1462.01
105,2005-11-29,TCS,1544.8,1550.0,1520.55,1545.35,1547.65,412928,635248747.25,1538.4,,-0.14861241236714903,1498.9375,1463.765
106,2005-11-30,TCS,1532.0,1552.5,1515.0,1521.1,1545.35,502922,773109325.55,1537.24,,-1.5692238004335588,1504.5125,1465.104
107,2005-12-01,TCS,1520.0,1554.65,1518.75,1550.1,1521.1,520246,802395336.65,1542.34,,1.9065150220235356,1510.5674999999999,1466.6970000000001
108,2005-12-02,TCS,1554.65,1574.4,1541.05,1550.0,1550.1,598045,931894488.75,1558.23,,-0.006451196696981424,1514.83,1468.6240000000003
109,2005-12-05,TCS,1552.0,1554.1,1526.25,1531.35,1550.0,239135,367906566.95,1538.49,,-1.2032258064516188,1517.5475000000001,1471.2219999999998
110,2005-12-06,TCS,1535.0,1570.0,1526.3,1554.0,1531.35,404133,628185770.5,1554.4,,1.479087080027433,1522.4075,1474.0529999999999
111,2005-12-07,TCS,1562.0,1600.0,1560.3,1595.55,1554.0,702369,1111056490.05,1581.87,,2.673745173745171,1528.6975,1476.646
112,2005-12-08,TCS,1595.0,1624.7,1592.25,1616.55,1595.55,1198149,1927997037.4,1609.15,,1.316160571589734,1535.3925,1479.731
113,2005-12-09,TCS,1618.0,1694.6,1611.3,1682.7,1616.55,774278,1284404214.95,1658.84,,4.092047879743905,1544.0125,1483.995
114,2005-12-12,TCS,1650.35,1705.0,1642.0,1650.2,1682.7,773936,1285512242.45,1661.01,,-1.931419742081179,1550.9375,1487.542
115,2005-12-13,TCS,1652.0,1678.0,1645.0,1667.6,1650.2,753384,1248932048.6,1657.76,,1.0544176463458892,1558.935,1491.247
116,2005-12-14,TCS,1660.0,1700.0,1640.0,1683.9,1667.6,602401,1005985849.45,1669.96,,0.9774526265291547,1567.7475,1494.9669999999999
117,2005-12-15,TCS,1689.9,1698.5,1668.4,1682.8,1683.9,531127,894155015.05,1683.51,,-0.06532454421284734,1575.54,1498.828
118,2005-12-16,TCS,1690.0,1726.0,1683.0,1714.4,1682.8,988429,1686269825.75,1706.01,,1.87782267649157,1585.3274999999999,1503.7159999999997
119,2005-12-19,TCS,1726.0,1753.0,1717.0,1734.55,1714.4,587646,1021801717.2,1738.8,,1.1753383107792734,1597.0625,1509.914
120,2005-12-20,TCS,1750.0,1750.0,1687.0,1693.5,1734.55,578571,982850127.4,1698.75,,-2.36660805396212,1605.905,1514.888
121,2005-12-21,TCS,1705.0,1714.6,1671.0,1686.1,1693.5,410304,694986754.8,1693.83,,-0.43696486566283377,1613.9975,1519.64
122,2005-12-22,TCS,1690.0,1699.7,1678.95,1684.7,1686.1,314901,531451024.9,1687.68,,-0.08303184864479353,1621.5475000000001,1523.979
123,2005-12-23,TCS,1687.0,1705.0,1665.0,1671.75,1684.7,306879,516216562.2,1682.15,,-0.768682851546272,1628.1924999999999,1528.588
124,2005-12-26,TCS,1674.0,1674.0,1656.25,1662.9,1671.75,203160,338041955.65,1663.92,,-0.5293853746074418,1633.9550000000002,1533.365
92,2005-12-27,TCS,1662.75,1703.0,1643.0,1698.15,1662.9,195651,329254750.15,1682.87,,2.1197907270431173,1641.595,1538.645
125,2005-12-27,TCS,1662.75,1703.0,1643.0,1698.15,1662.9,195651,329254750.15,1682.87,,2.1197907270431173,1650.4474999999998,1543.789
93,2005-12-28,TCS,1695.0,1710.0,1676.65,1685.65,1698.15,322757,547375963.25,1695.94,,-0.7360951623825928,1657.225,1549.47
94,2005-12-29,TCS,1690.0,1719.9,1681.65,1710.05,1685.65,432723,735940370.1,1700.72,,1.4475128288790593,1665.2275000000002,1555.344
95,2005-12-30,TCS,1680.0,1719.9,1680.0,1702.85,1710.05,297531,506524911.15,1702.43,,-0.42104032045846884,1673.8025000000002,1560.836
579,2006-01-02,TCS,1708.0,1710.9,1681.35,1687.6,1702.85,206688,350243166.75,1694.55,,-0.8955574478080865,1680.4825,1566.438
580,2006-01-03,TCS,1685.25,1739.95,1682.0,1733.2,1687.6,424617,728731404.1,1716.21,,2.7020621000237104,1687.3650000000002,1572.3020000000001
581,2006-01-04,TCS,1740.0,1749.9,1722.2,1743.1,1733.2,443202,769722916.85,1736.73,,0.5711977844449494,1693.6924999999999,1578.719
582,2006-01-05,TCS,1745.0,1746.0,1721.9,1732.35,1743.1,178978,309723956.85,1730.51,,-0.6167173426653664,1696.175,1585.34
583,2006-01-06,TCS,1735.0,1739.9,1692.0,1705.6,1732.35,370718,634004119.5,1710.21,,-1.54414523623979,1698.9450000000002,1592.2090000000003
584,2006-01-09,TCS,1710.15,1730.0,1681.0,1688.95,1705.6,485409,824414287.2,1698.39,,-0.9761960600375156,1700.0125,1597.9630000000002
585,2006-01-10,TCS,1690.0,1699.8,1661.0,1672.5,1688.95,496581,832907273.9,1677.28,,-0.9739779152728053,1699.4424999999999,1603.221
586,2006-01-12,TCS,1653.0,1689.0,1615.0,1673.7,1672.5,1739962,2874937263.35,1652.3,,0.07174887892376954,1698.9875,1608.115
587,2006-01-13,TCS,1680.0,1690.0,1644.0,1651.75,1673.7,451071,751827743.65,1666.76,,-1.3114656151042627,1695.855,1611.855
588,2006-01-16,TCS,1651.0,1651.0,1602.55,1608.75,1651.75,600614,978654455.1,1629.42,,-2.603299530800666,1689.565,1614.49
589,2006-01-17,TCS,1611.0,1640.0,1610.0,1623.4,1608.75,469132,762300309.7,1624.92,,0.9106449106449163,1686.06,1617.822
590,2006-01-18,TCS,1618.2,1623.8,1602.1,1619.55,1623.4,395640,638825993.6,1614.66,,-0.23715658494518516,1682.7325,1620.818
591,2006-01-19,TCS,1623.8,1654.7,1623.8,1650.35,1619.55,446841,734883557.55,1644.62,,1.9017628353554972,1681.015,1624.172
592,2006-01-20,TCS,1655.0,1669.85,1635.0,1644.0,1650.35,411780,680212054.05,1651.88,,-0.38476686763413276,1679.6275,1626.846
593,2006-01-23,TCS,1635.0,1635.0,1611.3,1622.15,1644.0,285034,462468717.05,1622.5,,-1.3290754257907487,1677.5899999999997,1629.055
594,2006-01-24,TCS,1635.0,1649.0,1630.4,1642.6,1622.15,236258,387275080.0,1639.2,,1.2606725641894903,1674.8125,1631.754
595,2006-01-25,TCS,1649.0,1659.95,1643.5,1651.2,1642.6,795717,1314393661.35,1651.84,,0.5235602094240921,1672.4650000000001,1634.625
596,2006-01-27,TCS,1680.0,1680.0,1650.6,1659.15,1651.2,375477,622927244.35,1659.03,,0.4814680232558167,1671.1399999999999,1637.269
597,2006-01-30,TCS,1665.4,1679.6,1652.1,1658.9,1659.15,172893,287375787.5,1662.16,,-0.015067956483741674,1668.5825,1640.0739999999998
598,2006-01-31,TCS,1679.6,1679.6,1652.35,1670.4,1658.9,187895,313683732.1,1669.46,,0.6932304539152451,1666.9599999999998,1643.485
599,2006-02-01,TCS,1656.0,1678.0,1650.4,1666.65,1670.4,487087,811555487.5,1666.14,,-0.2244971264367816,1665.9125,1646.485
600,2006-02-02,TCS,1670.0,1676.0,1629.65,1636.8,1666.65,391967,650629576.05,1659.91,,-1.7910179101791097,1661.0925,1648.7359999999999
601,2006-02-03,TCS,1639.9,1647.8,1612.4,1630.8,1636.8,544690,886099907.95,1626.8,,-0.36656891495601174,1655.4774999999997,1650.6779999999999
602,2006-02-06,TCS,1629.9,1683.0,1626.35,1679.05,1630.8,361872,602536728.95,1665.05,,2.9586705911209226,1652.8125,1653.4820000000002
603,2006-02-07,TCS,1680.0,1693.5,1644.25,1674.1,1679.05,875348,1460776497.35,1668.8,,-0.29480956493255384,1651.2375,1656.011
604,2006-02-08,TCS,1666.0,1672.1,1652.35,1662.5,1674.1,416581,692053066.8,1661.27,,-0.6929096230810531,1649.9150000000002,1658.3540000000003
551,2006-02-10,TCS,1670.15,1678.0,1645.05,1669.6,1662.5,341025,567156268.7,1663.09,,0.4270676691729269,1649.77,1661.3239999999998
605,2006-02-10,TCS,1670.15,1678.0,1645.05,1669.6,1662.5,341025,567156268.7,1663.09,,0.4270676691729269,1649.565,1663.714
552,2006-02-13,TCS,1669.6,1670.0,1648.0,1651.0,1669.6,252568,417821413.25,1654.29,,-1.114039290848102,1649.5275000000001,1665.734
553,2006-02-14,TCS,1670.0,1670.0,1614.0,1618.55,1651.0,870258,1415799165.95,1626.87,,-1.9654754694124799,1650.0175,1667.478
554,2006-02-15,TCS,1647.9,1647.9,1605.0,1619.35,1618.55,526165,852129862.8,1619.51,,0.04942695622624909,1649.8149999999998,1668.785
555,2006-02-16,TCS,1625.0,1639.8,1612.0,1629.15,1619.35,660561,1073774856.2,1625.55,,0.6051810911785706,1650.295,1669.457
556,2006-02-17,TCS,1650.0,1656.4,1620.0,1625.0,1629.15,365431,598116765.25,1636.74,,-0.25473406377559404,1649.0275000000001,1669.626
557,2006-02-20,TCS,1639.0,1655.0,1627.4,1649.85,1625.0,330451,541889747.05,1639.85,,1.5292307692307636,1649.3200000000002,1668.969
558,2006-02-21,TCS,1655.0,1671.0,1651.1,1666.0,1649.85,287655,478021722.05,1661.79,,0.9788768675940294,1651.5125,1669.285
559,2006-02-22,TCS,1670.0,1670.0,1651.3,1661.85,1666.0,144574,240487802.95,1663.42,,-0.24909963985594785,1652.475,1669.17
560,2006-02-23,TCS,1660.0,1689.9,1660.0,1670.55,1661.85,517698,868161011.4,1676.96,,0.5235129524325328,1653.4424999999999,1668.9030000000002
561,2006-02-24,TCS,1670.25,1680.0,1656.3,1670.05,1670.55,137167,228676551.8,1667.14,,-0.029930262488402023,1653.9875,1668.648
562,2006-02-27,TCS,1667.0,1695.0,1666.4,1690.35,1670.05,315139,531761631.0,1687.39,,1.2155324690877491,1655.56,1668.1670000000001
563,2006-02-28,TCS,1695.0,1704.0,1670.0,1700.8,1690.35,352718,596273907.7,1690.51,,0.618215162540305,1657.08,1667.4920000000002
564,2006-03-01,TCS,1700.0,1745.4,1687.25,1740.2,1700.8,563269,970787337.55,1723.49,,2.316556914393232,1660.7574999999997,1668.4260000000002
565,2006-03-02,TCS,1745.4,1754.0,1720.35,1741.8,1740.2,409712,713230060.85,1740.81,,0.09194345477530795,1666.0075000000002,1669.54
566,2006-03-03,TCS,1742.0,1742.0,1697.35,1705.75,1741.8,265555,455069267.75,1713.65,,-2.0696980135491994,1669.7549999999999,1669.961
567,2006-03-06,TCS,1716.0,1753.0,1710.0,1744.3,1705.75,453948,787712400.45,1735.25,,2.2600029312619054,1673.0175,1671.412
568,2006-03-07,TCS,1740.15,1750.0,1720.0,1724.7,1744.3,248146,429832238.3,1732.17,,-1.1236599208851636,1675.5475000000001,1672.6480000000001
569,2006-03-08,TCS,1732.0,1740.0,1705.0,1722.55,1724.7,476686,822480353.85,1725.41,,-0.12465936104830352,1678.55,1673.136
570,2006-03-09,TCS,1720.0,1728.0,1690.0,1724.85,1722.55,582839,1000036685.2,1715.8,,0.1335229746596589,1681.3125,1673.67
571,2006-03-10,TCS,1692.0,1775.0,1690.0,1763.65,1724.85,804368,1413131846.55,1756.82,,2.2494709684900243,1686.015,1675.23
572,2006-03-13,TCS,1773.8,1847.6,1773.8,1828.6,1763.65,897319,1631501406.3,1818.2,,3.6827034842514,1694.895,1677.601
573,2006-03-14,TCS,1824.9,1827.7,1791.1,1803.15,1828.6,434682,786572048.9,1809.53,,-1.391775128513607,1704.125,1679.6070000000002
574,2006-03-16,TCS,1817.0,1839.9,1806.3,1835.4,1803.15,575008,1051282583.35,1828.29,,1.7885367273937276,1714.9274999999998,1682.5629999999999
575,2006-03-17,TCS,1840.0,1880.5,1840.0,1861.0,1835.4,741530,1383841599.75,1866.2,,1.3947913261414355,1726.52,1685.119
576,2006-03-20,TCS,1874.0,1915.0,1865.5,1908.0,1861.0,876609,1657579966.05,1890.9,,2.525523911875336,1740.67,1688.4170000000001
577,2006-03-21,TCS,1908.0,1935.0,1898.65,1915.2,1908.0,662673,1270159877.85,1916.72,,0.37735849056604015,1753.9375,1692.0739999999998
525,2006-03-22,TCS,1920.0,1920.0,1881.2,1893.35,1915.2,640146,1214113403.5,1896.62,,-1.140873015873023,1765.3050000000003,1695.829
578,2006-03-22,TCS,1920.0,1920.0,1881.2,1893.35,1915.2,640146,1214113403.5,1896.62,,-1.140873015873023,1776.8799999999999,1699.917
526,2006-03-23,TCS,1900.0,1919.0,1868.25,1874.2,1893.35,330561,624062265.95,1887.89,,-1.011434758496837,1787.0625,1703.951
527,2006-03-24,TCS,1887.0,1905.0,1869.05,1891.45,1874.2,364673,687393018.45,1884.96,,0.9203927008857112,1798.1325000000002,1708.306
528,2006-03-27,TCS,1895.0,1910.0,1885.55,1890.95,1891.45,366054,694748516.55,1897.94,,-0.026434745829918845,1808.1625,1713.09
529,2006-03-28,TCS,1900.0,1911.0,1881.0,1887.6,1890.95,468909,887415823.1,1892.51,,-0.1771596287580389,1817.5024999999998,1718.6670000000001
530,2006-03-29,TCS,1879.0,1902.9,1867.0,1898.15,1887.6,535537,1010505074.6,1886.9,,0.5589107861835231,1825.4,1724.162
531,2006-03-30,TCS,1902.9,2010.0,1902.9,1968.1,1898.15,723021,1409168004.65,1949.0,,3.685167136422296,1836.7149999999997,1731.1330000000003
532,2006-03-31,TCS,1957.9,1957.9,1910.0,1915.5,1968.1,365021,702425759.9,1924.34,,-2.6726284233524673,1847.2024999999999,1736.4360000000001
533,2006-04-03,TCS,1927.0,1956.0,1920.0,1950.75,1915.5,388209,753219310.6,1940.24,,1.8402505873140171,1857.525,1742.5710000000001
534,2006-04-04,TCS,1950.4,1960.0,1940.05,1948.55,1950.75,371451,725029416.05,1951.88,,-0.11277713699859261,1868.7175,1749.099
535,2006-04-05,TCS,1950.1,1965.15,1920.0,1932.05,1948.55,347116,670557097.05,1931.8,,-0.8467835056837135,1879.1924999999999,1754.888
536,2006-04-07,TCS,1948.0,1997.0,1875.0,1889.25,1932.05,923195,1774851960.05,1922.51,,-2.2152635801350873,1887.4125,1759.649
537,2006-04-10,TCS,1900.0,1919.95,1880.0,1894.1,1889.25,879305,1667298658.05,1896.16,,0.2567156278946624,1893.9350000000002,1764.3480000000002
538,2006-04-12,TCS,1898.2,1900.0,1763.0,1780.8,1894.1,1644672,3003578778.15,1826.25,,-5.981732749062877,1891.545,1766.786
539,2006-04-13,TCS,1805.0,1829.7,1770.0,1797.15,1780.8,1075209,1938833373.65,1803.22,,0.9181266846361262,1891.2450000000001,1769.3210000000001
540,2006-04-17,TCS,1825.0,1911.0,1815.25,1906.55,1797.15,1211094,2272395735.95,1876.32,,6.087416186740109,1894.8025000000002,1774.119
541,2006-04-18,TCS,1978.0,2088.0,1978.0,2009.5,1906.55,1847311,3750460148.0,2030.23,,5.399805932181168,1902.2275000000002,1781.573
542,2006-04-19,TCS,2029.0,2050.0,1998.0,2012.75,2009.5,1225414,2471834154.9,2017.14,,0.16173177407315253,1907.4650000000001,1789.2120000000002
543,2006-04-20,TCS,2019.9,2024.95,1975.0,1989.9,2012.75,787118,1563393253.35,1986.22,,-1.1352627002856743,1911.2,1795.4289999999999
544,2006-04-21,TCS,2000.0,2029.95,1965.0,1999.05,1989.9,621625,1239749576.0,1994.37,,0.4598221016131395,1916.485,1801.9279999999999
545,2006-04-24,TCS,1998.0,1999.65,1965.0,1979.25,1999.05,654351,1293899274.9,1977.38,,-0.9904704734748982,1920.78,1808.263
546,2006-04-25,TCS,1979.9,1979.9,1899.0,1926.95,1979.25,712776,1380783225.55,1937.19,,-2.6424150562081574,1923.4175,1813.41
547,2006-04-26,TCS,1928.0,1956.0,1910.0,1942.35,1926.95,883892,1715101867.95,1940.4,,0.7991904304730202,1925.9625,1818.865
548,2006-04-27,TCS,1942.35,2003.0,1930.0,1945.85,1942.35,895606,1766910245.3,1972.87,,0.18019409478209386,1928.7075,1824.7619999999997
549,2006-04-28,TCS,1907.0,1991.0,1830.35,1978.05,1945.85,661545,1277582678.75,1931.21,,1.654803813243572,1933.23,1831.9519999999998
550,2006-04-29,TCS,1991.0,2002.85,1971.0,1979.35,1978.05,97805,194273403.9,1986.33,,0.06572129117059501,1937.2900000000002,1839.152
496,2006-05-02,TCS,1984.0,2024.4,1980.0,2013.15,1979.35,779910,1570021404.9,2013.08,,1.7076312931012798,1939.5425,1846.8319999999999
497,2006-05-03,TCS,2024.0,2039.9,2015.05,2031.55,2013.15,393520,797124380.85,2025.63,,0.9139905123810875,1945.345,1854.963
498,2006-05-04,TCS,2028.0,2057.9,2021.3,2043.7,2031.55,491228,1003427416.65,2042.69,,0.5980655164775709,1949.9924999999998,1862.84
499,2006-05-05,TCS,2055.0,2055.0,1995.0,2006.65,2043.7,338815,682521606.15,2014.44,,-1.812888388706755,1952.8974999999998,1869.6530000000002
500,2006-05-08,TCS,2021.0,2092.0,2010.0,2019.45,2006.65,185589,374822946.95,2019.64,,0.6378790521515937,1957.2675000000004,1876.805
501,2006-05-09,TCS,2032.0,2044.4,2005.0,2024.85,2019.45,225049,455697592.5,2024.88,,0.26739953947856415,1964.0475000000001,1883.8909999999998
502,2006-05-10,TCS,2044.4,2047.0,2002.3,2021.7,2024.85,247274,499900748.7,2021.65,,-0.15556707904288533,1970.4274999999998,1890.9240000000002
503,2006-05-11,TCS,2029.3,2029.3,2005.4,2018.7,2021.7,245503,495407709.15,2017.93,,-0.14838996883810654,1982.3225000000002,1897.491
504,2006-05-12,TCS,2011.0,2024.85,1970.3,1996.15,2018.7,347142,694280115.35,1999.99,,-1.117055530787138,1992.2724999999998,1903.398
505,2006-05-15,TCS,1980.0,2001.0,1920.0,1960.9,1996.15,504313,998751680.55,1980.42,,-1.765899356260802,1994.9899999999998,1907.8120000000001
506,2006-05-16,TCS,1959.95,1995.0,1919.8,1974.7,1960.9,333946,652559236.2,1954.09,,0.7037584782497809,1993.25,1912.47
507,2006-05-17,TCS,1995.0,2020.0,1990.0,2016.55,1974.7,167921,337286972.6,2008.61,,2.1193092621664005,1993.4399999999998,1918.6860000000001
508,2006-05-18,TCS,1990.0,1999.9,1900.0,1925.65,2016.55,567795,1107727527.1,1950.93,,-4.507698792492121,1990.2275000000002,1922.3129999999999
509,2006-05-19,TCS,1950.0,1959.8,1851.5,1892.35,1925.65,608527,1160527082.65,1907.11,,-1.72928621504428,1984.8925,1925.6660000000002
510,2006-05-22,TCS,1920.0,1920.0,1744.0,1780.5,1892.35,587427,1070070527.25,1821.62,,-5.91064020926361,1974.955,1926.825
511,2006-05-23,TCS,1800.0,1874.0,1701.0,1830.2,1780.5,673517,1188465360.7,1764.57,,2.7913507441729877,1970.1175000000003,1928.932
512,2006-05-24,TCS,1870.0,1880.0,1760.0,1790.65,1830.2,713196,1287013632.5,1804.57,,-2.160966014643206,1962.5324999999998,1929.4719999999998
513,2006-05-25,TCS,1780.0,1898.4,1745.0,1876.95,1790.65,729881,1333315092.45,1826.76,,4.8194789601541315,1959.0875,1930.4389999999999
514,2006-05-26,TCS,1890.0,1900.0,1841.0,1866.35,1876.95,276023,517989072.1,1876.62,,-0.5647459974959448,1953.5025,1931.703
515,2006-05-29,TCS,1865.0,1865.0,1840.3,1850.55,1866.35,350336,649220590.05,1853.14,,-0.8465721863530398,1947.0625,1932.006
516,2006-05-30,TCS,1865.0,1895.1,1835.0,1860.35,1850.55,564507,1057026687.3,1872.48,,0.529572289319389,1939.4225000000001,1931.993
517,2006-05-31,TCS,1841.1,1841.1,1730.0,1782.9,1860.35,721232,1277406017.95,1771.14,,-4.1631950976966605,1926.9900000000002,1929.491
518,2006-06-01,TCS,1825.0,1825.0,1690.0,1709.35,1782.9,742845,1293897359.25,1741.81,,-4.1253014751248065,1910.2725000000003,1925.374
519,2006-06-02,TCS,1714.9,1800.0,1688.0,1794.0,1709.35,526695,923981761.0,1754.3,,4.9521748032878055,1899.64,1923.3869999999997
520,2006-06-05,TCS,1794.0,1804.4,1754.25,1767.6,1794.0,401460,713554368.25,1777.4,,-1.47157190635452,1887.0475,1920.872
521,2006-06-06,TCS,1744.8,1787.8,1690.0,1748.9,1767.6,371392,645890966.7,1739.11,,-1.0579316587463126,1873.25,1918.3659999999998
522,2006-06-07,TCS,1800.0,1800.0,1693.25,1703.95,1748.9,676317,1163410573.8,1720.21,,-2.5701869746697947,1857.3625,1914.616
523,2006-06-08,TCS,1725.0,1725.0,1611.2,1647.9,1703.95,670124,1104125867.4,1647.64,,-3.2894157692420523,1838.8224999999998,1909.755
524,2006-06-09,TCS,1674.45,1692.0,1625.0,1671.15,1647.9,507739,848622929.55,1671.38,,1.410886582923721,1822.5725000000002,1905.4259999999997
466,2006-06-12,TCS,1699.0,1699.0,1621.0,1638.75,1671.15,448988,737528658.9,1642.65,,-1.9387846692397503,1806.4650000000001,1900.2379999999998
467,2006-06-13,TCS,1621.0,1629.4,1561.0,1570.35,1638.75,342123,541526321.95,1582.84,,-4.173913043478267,1786.2475,1892.283
468,2006-06-14,TCS,1561.95,1624.95,1451.25,1483.65,1570.35,1598252,2407539947.1,1506.36,,-5.521062183589635,1759.6025000000002,1883.6459999999997
469,2006-06-15,TCS,1586.0,1586.0,1501.0,1550.55,1483.65,745920,1144428494.2,1534.25,,4.509149732079659,1740.8474999999999,1875.6419999999998
470,2006-06-16,TCS,1586.0,1715.0,1580.4,1685.0,1550.55,1048771,1753775194.55,1672.22,,8.671116700525623,1730.48,1870.371
471,2006-06-19,TCS,1680.0,1685.0,1636.25,1668.35,1685.0,536761,893705138.8,1665.0,,-0.9881305637982251,1724.8725000000002,1865.0970000000002
472,2006-06-20,TCS,1688.0,1688.0,1600.0,1607.35,1668.35,460990,747878374.2,1622.33,,-3.656307129798903,1713.73,1859.4589999999998
473,2006-06-21,TCS,1620.0,1647.0,1595.0,1641.3,1607.35,745437,1213719680.95,1628.2,,2.112172208915298,1706.2625,1854.4029999999998
474,2006-06-22,TCS,1650.0,1690.0,1650.0,1676.75,1641.3,458513,771196949.5,1681.95,,2.159873271187476,1696.2524999999998,1852.322
475,2006-06-23,TCS,1650.0,1700.0,1625.0,1694.85,1676.75,413090,692051473.7,1675.3,,1.0794692112718,1687.6775000000002,1850.276
476,2006-06-25,TCS,1650.0,1714.9,1650.0,1700.35,1694.85,32940,56066445.45,1702.08,,0.32451249373100866,1680.1675,1846.1519999999998
477,2006-06-26,TCS,1720.0,1720.0,1618.05,1633.5,1700.35,821882,1369337339.9,1666.1,,-3.9315435057488113,1668.825,1838.6319999999998
478,2006-06-27,TCS,1658.0,1658.0,1600.0,1644.55,1633.5,625329,1017671040.1,1627.42,,0.6764615855524919,1661.9075,1831.2679999999998
479,2006-06-28,TCS,1620.0,1712.55,1606.0,1698.6,1644.55,598175,998474320.25,1669.2,,3.2866133592776112,1661.3700000000001,1825.442
480,2006-06-29,TCS,1710.0,1720.0,1670.0,1680.8,1698.6,789822,1345053855.7,1702.98,,-1.0479218179677354,1655.7100000000003,1819.0770000000002
481,2006-06-30,TCS,1735.0,1767.0,1705.65,1738.75,1680.8,681220,1176955024.65,1727.72,,3.4477629700142813,1654.2675,1814.267
482,2006-07-03,TCS,1742.0,1807.5,1732.4,1800.2,1738.75,535690,954002353.5,1780.89,,3.5341480948957607,1656.8324999999998,1811.7320000000002
483,2006-07-04,TCS,1811.0,1831.0,1805.0,1815.1,1800.2,448096,814643407.95,1818.01,,0.8276858126874715,1662.39,1809.187
484,2006-07-05,TCS,1817.0,1862.0,1800.0,1842.6,1815.1,530634,974972876.4,1837.37,,1.5150680403283565,1672.125,1807.122
485,2006-07-06,TCS,1828.0,1832.0,1792.15,1804.3,1842.6,288865,522995470.75,1810.52,,-2.0785846087050883,1678.7824999999998,1803.6470000000002
486,2006-07-07,TCS,1819.7,1831.8,1740.0,1746.7,1804.3,366084,654515667.2,1787.88,,-3.192373773762673,1684.1799999999998,1798.994
487,2006-07-10,TCS,1740.0,1817.6,1740.0,1798.35,1746.7,482414,864478004.55,1791.98,,2.9570046373160737,1695.58,1794.698
488,2006-07-11,TCS,1800.0,1815.0,1763.15,1769.95,1798.35,452373,803853783.7,1776.97,,-1.579225401062077,1709.8949999999998,1789.4660000000001
489,2006-07-12,TCS,1780.0,1909.0,1780.0,1890.3,1769.95,1190202,2206570917.1,1853.95,,6.799627108110393,1726.8825000000002,1786.3980000000001
490,2006-07-13,TCS,1892.0,1898.75,1850.25,1867.35,1890.3,672947,1258591660.25,1870.27,,-1.2140930011109372,1736.0,1783.6119999999999
491,2006-07-14,TCS,1840.0,1896.0,1825.1,1874.3,1867.35,618726,1147837329.9,1855.16,,0.3721851822100863,1746.2975,1780.7089999999998
492,2006-07-17,TCS,1884.8,1914.0,1851.0,1859.0,1874.3,1124604,2122348420.85,1887.2,,-0.8163047537747402,1758.8799999999999,1777.392
493,2006-07-18,TCS,1860.0,1950.0,1815.5,1834.5,1859.0,1380492,2554428622.5,1850.38,,-1.317912856374395,1768.5399999999997,1773.648
494,2006-07-19,TCS,1882.0,1895.0,1745.55,1757.55,1834.5,1755798,3165513174.0,1802.89,,-4.194603434178252,1772.58,1768.425
495,2006-07-20,TCS,1775.9,1820.0,1770.0,1806.15,1757.55,789090,1419341745.05,1798.71,,2.7652129384654853,1778.145,1764.625
438,2006-07-20,TCS,1775.9,1820.0,1770.0,1806.15,1757.55,789090,1419341745.05,1798.71,,2.7652129384654853,1783.4350000000002,1761.53
439,2006-07-21,TCS,1798.0,1804.8,1752.6,1767.55,1806.15,548958,970032809.7,1767.04,,-2.13714254076351,1790.1375,1757.3869999999997
440,2006-07-24,TCS,1795.0,1832.0,1735.0,1818.05,1767.55,853136,1529103697.1,1792.33,,2.857062035020226,1798.8125,1753.417
441,2006-07-25,TCS,1840.0,1855.0,1825.05,1847.3,1818.05,579575,1068995604.25,1844.45,,1.6088666428316054,1806.2475,1751.85
442,2006-07-26,TCS,1858.0,1895.0,1832.5,1888.8,1847.3,738590,1385232377.45,1875.51,,2.2465219509554486,1816.6474999999998,1751.779
443,2006-07-27,TCS,1895.0,1919.95,1875.5,1899.7,1888.8,924981,1757318054.8,1899.84,,0.577085980516735,1824.6949999999997,1754.1629999999998
444,2006-07-28,TCS,940.1,974.95,924.0,928.45,1899.7,754902,702983492.2,931.22,,-51.12649365689319,1781.1075,1736.128
445,2006-07-31,TCS,935.0,965.0,930.0,936.15,928.45,431175,405699130.9,940.92,,0.8293392212827757,1737.1600000000003,1719.0380000000002
446,2006-08-01,TCS,863.0,939.75,863.0,932.0,936.15,440627,409013604.05,928.25,,-0.443305025903966,1691.6300000000003,1700.1390000000001
447,2006-08-02,TCS,925.0,942.5,920.0,940.2,932.0,446183,415477260.6,931.18,,0.8798283261802623,1648.425,1681.616
448,2006-08-03,TCS,942.5,952.0,937.1,944.7,940.2,752568,712678275.8,947.0,,0.4786215698787492,1608.325,1663.499
449,2006-08-04,TCS,960.0,963.8,943.0,948.55,944.7,668550,638277625.9,954.72,,0.4075367841642753,1565.835,1645.2630000000001
450,2006-08-07,TCS,951.0,952.0,931.0,936.1,948.55,429991,403492135.0,938.37,,-1.3125296505192063,1524.1425,1628.3269999999998
451,2006-08-08,TCS,940.0,958.0,935.0,954.8,936.1,294600,279342446.7,948.21,,1.9976498237367728,1477.3674999999998,1613.236
452,2006-08-09,TCS,950.0,975.0,943.5,966.1,954.8,513030,495413814.0,965.66,,1.1834939254294166,1432.305,1596.678
453,2006-08-10,TCS,961.0,975.0,960.0,965.75,966.1,569781,551516761.7,967.95,,-0.036228133733570304,1386.8775,1580.641
454,2006-08-11,TCS,969.9,973.85,957.0,967.6,965.75,473493,457642358.5,966.52,,0.1915609629821406,1342.3075,1565.015
455,2006-08-14,TCS,973.75,975.0,959.0,964.65,967.6,430357,416466854.95,967.72,,-0.3048780487804925,1298.815,1550.229
456,2006-08-16,TCS,979.0,984.5,968.0,972.2,964.65,951067,929345354.85,977.16,,0.7826672886539231,1259.5475000000001,1536.715
457,2006-08-17,TCS,975.0,983.0,958.0,960.15,972.2,624292,603914383.5,967.36,,-1.2394569018720496,1217.2475,1522.495
458,2006-08-18,TCS,965.0,972.5,960.0,969.7,960.15,450910,436745907.05,968.59,,0.9946362547518689,1175.425,1509.1140000000003
459,2006-08-21,TCS,976.0,976.0,957.0,969.3,969.7,603522,583646821.8,967.07,,-0.041249871094162206,1135.5125,1497.0929999999998
460,2006-08-22,TCS,972.0,983.0,970.0,975.4,969.3,544524,532204462.9,977.38,,0.6293201279273727,1093.3799999999999,1486.928
461,2006-08-23,TCS,976.0,978.75,960.1,963.1,975.4,624434,606326107.4,971.0,,-1.2610211195406966,1049.1699999999998,1475.1789999999999
462,2006-08-24,TCS,970.0,974.9,953.25,970.4,963.1,592463,571338901.05,964.35,,0.7579690582493982,1003.25,1460.8870000000002
463,2006-08-25,TCS,971.0,976.9,967.65,974.4,970.4,652938,634917250.75,972.4,,0.4122011541632316,956.9849999999999,1447.0079999999998
464,2006-08-28,TCS,975.0,985.3,968.3,981.1,974.4,575079,562256015.85,977.7,,0.6876026272578044,959.6175000000001,1434.4830000000002
410,2006-08-29,TCS,985.0,992.0,983.0,990.1,981.1,669899,662369599.2,988.76,,0.9173376821934562,962.3149999999999,1421.4589999999998
465,2006-08-29,TCS,985.0,992.0,983.0,990.1,981.1,669899,662369599.2,988.76,,0.9173376821934562,965.22,1407.726
411,2006-08-30,TCS,991.1,995.0,981.05,983.8,990.1,686193,678005525.65,988.07,,-0.6362993637006432,967.4,1393.505
412,2006-08-31,TCS,984.0,1004.0,984.0,998.05,983.8,1519214,1513787137.5,996.43,,1.4484651351900792,970.0674999999999,1379.4590000000003
413,2006-09-01,TCS,996.0,1001.0,991.1,999.25,998.05,432182,431105788.35,997.51,,0.12023445719152803,972.6025,1366.7740000000003
414,2006-09-04,TCS,999.0,1020.0,999.0,1017.15,999.25,502623,509721977.25,1014.12,,1.791343507630721,976.6550000000001,1354.226
415,2006-09-05,TCS,1023.0,1030.0,1001.0,1005.8,1017.15,986322,996515062.9,1010.33,,-1.1158629504006314,979.2050000000002,1340.37
416,2006-09-06,TCS,1017.5,1017.5,991.1,993.6,1005.8,700108,699332825.75,998.89,,-1.2129648041360044,980.5799999999999,1326.626
417,2006-09-07,TCS,980.3,995.0,980.3,986.7,993.6,395896,390607294.45,986.64,,-0.6944444444444422,981.6274999999999,1311.585
418,2006-09-08,TCS,1006.0,1006.0,985.0,991.0,986.7,392641,388678728.85,989.91,,0.4357960879699964,982.7975,1295.401
419,2006-09-11,TCS,999.0,999.0,949.0,953.45,991.0,1018370,985520583.35,967.74,,-3.7891019172552927,982.2375,1278.168
420,2006-09-12,TCS,955.0,980.0,952.0,977.9,953.45,458814,444624113.35,969.07,,2.5643714929991015,982.5224999999998,1260.874
421,2006-09-13,TCS,983.0,1008.0,981.0,999.95,977.9,576908,575168844.9,996.99,,2.254831782390845,984.5125,1244.787
422,2006-09-14,TCS,1009.0,1016.0,1001.9,1013.4,999.95,597182,604156373.6,1011.68,,1.3450672533626613,986.6975,1230.1209999999999
423,2006-09-15,TCS,1014.0,1014.0,996.7,1002.7,1013.4,589925,592678518.3,1004.67,,-1.0558515887112623,988.3675000000001,1214.208
424,2006-09-18,TCS,1007.0,1011.0,992.1,996.15,1002.7,347597,347229456.3,998.94,,-0.6532362620923574,989.405,1198.7320000000002
425,2006-09-19,TCS,997.0,1020.0,990.4,1010.05,996.15,993486,1004618201.3,1011.21,,1.395372182904179,991.7525000000002,1181.127
426,2006-09-20,TCS,1011.0,1034.0,994.1,1030.05,1010.05,673974,686858673.0,1019.12,,1.98009999504975,994.735,1164.381
427,2006-09-21,TCS,1032.0,1057.9,1018.0,1053.0,1030.05,1276796,1334635293.5,1045.3,,2.228047182175627,998.6650000000002,1147.955
428,2006-09-22,TCS,1045.0,1053.85,1030.1,1039.55,1053.0,622161,647813322.85,1041.23,,-1.2773029439696149,1001.5875,1131.5659999999998
429,2006-09-25,TCS,1047.0,1050.0,1022.25,1025.6,1039.55,337395,348211918.0,1032.06,,-1.3419267952479483,1003.3625,1115.388
430,2006-09-26,TCS,1030.0,1050.0,1024.9,1044.3,1025.6,929252,966402083.75,1039.98,,1.8233229329173213,1006.0724999999999,1101.123
431,2006-09-27,TCS,1050.0,1055.0,1036.15,1042.65,1044.3,838185,877242235.25,1046.6,,-0.15800057454753075,1009.015,1085.853
432,2006-09-28,TCS,1045.05,1049.0,1013.0,1020.45,1042.65,1530393,1567452225.55,1024.22,,-2.129190044597904,1010.135,1070.139
433,2006-09-29,TCS,1022.1,1035.1,1020.0,1022.05,1020.45,438201,449103888.1,1024.88,,0.15679357146356107,1011.275,1055.229
434,2006-10-03,TCS,1035.0,1035.0,1009.0,1014.3,1022.05,408178,415419966.3,1017.74,,-0.7582799275964972,1011.1324999999999,1039.154
435,2006-10-04,TCS,1016.0,1016.0,983.35,987.4,1014.3,1736907,1720571193.45,990.59,,-2.6520753228827743,1010.2125,1021.9559999999999
436,2006-10-05,TCS,998.0,1009.0,993.0,999.75,987.4,1462350,1465530891.85,1002.18,,1.250759570589429,1010.5200000000001,1004.175
437,2006-10-06,TCS,1001.0,1007.0,988.0,994.2,999.75,691736,688500351.05,995.32,,-0.5551387846961695,1010.8950000000001,986.065
381,2006-10-09,TCS,985.0,1009.0,980.55,1002.15,994.2,386708,386975569.15,1000.69,,0.7996378998189431,1011.4525,987.5390000000001
382,2006-10-10,TCS,1003.0,1017.8,1003.0,1011.5,1002.15,692445,698982216.95,1009.44,,0.9329940627650574,1014.3549999999999,989.046
383,2006-10-11,TCS,1030.0,1079.4,1030.0,1044.75,1011.5,1693429,1772677155.1,1046.8,,3.2871972318339098,1017.6974999999999,991.301
384,2006-10-12,TCS,1050.0,1085.0,1041.0,1082.55,1044.75,1263212,1348491299.55,1067.51,,3.618090452261302,1021.8275,994.148
385,2006-10-13,TCS,1089.4,1120.0,1082.1,1103.6,1082.55,1218528,1335219703.75,1095.76,,1.9444829338136764,1026.3375,997.3259999999999
386,2006-10-16,TCS,1125.0,1150.0,1115.0,1129.7,1103.6,2431765,2756825094.35,1133.67,,2.3649873142443036,1032.6875,1000.9490000000001
387,2006-10-17,TCS,1142.0,1169.75,1110.0,1116.9,1129.7,2187304,2465311013.55,1127.1,,-1.1330441710188506,1038.725,1004.565
388,2006-10-18,TCS,1110.1,1117.0,1101.0,1106.25,1116.9,1248771,1382830071.35,1107.35,,-0.9535320977706232,1043.5349999999999,1007.594
389,2006-10-19,TCS,1106.0,1112.75,1082.65,1092.4,1106.25,775905,850453711.6,1096.08,,-1.2519774011299354,1046.6525,1010.12
390,2006-10-20,TCS,1100.0,1102.0,1086.1,1089.6,1092.4,532351,583778603.05,1096.6,,-0.2563163676309211,1048.4824999999998,1012.5970000000001
391,2006-10-21,TCS,1109.0,1109.0,1088.1,1090.55,1089.6,106826,116722504.95,1092.64,,0.0871879588839983,1051.0324999999998,1015.0559999999999
392,2006-10-23,TCS,1094.9,1094.9,1061.4,1080.1,1090.55,331976,358106863.3,1078.71,,-0.9582320847278938,1053.7575000000002,1017.365
393,2006-10-26,TCS,1081.0,1091.9,1075.0,1079.25,1080.1,1285053,1394430695.8,1085.12,,-0.07869641699841766,1055.505,1019.5059999999999
394,2006-10-27,TCS,1081.15,1090.0,1062.4,1074.65,1079.25,781602,838573721.7,1072.89,,-0.42622191336575477,1057.105,1021.7959999999999
395,2006-10-30,TCS,1076.0,1088.0,1060.2,1079.35,1074.65,1038543,1114850209.5,1073.48,,0.43735169590097406,1060.05,1023.9889999999999
396,2006-10-31,TCS,1080.0,1098.8,1075.1,1087.1,1079.35,857734,932593015.7,1087.28,,0.7180247371102979,1063.3025,1026.345
397,2006-11-01,TCS,1097.0,1105.9,1080.3,1083.2,1087.1,477726,519919014.5,1088.32,,-0.35875264465089357,1066.7475,1028.501
398,2006-11-02,TCS,1090.0,1090.0,1072.0,1080.05,1083.2,551094,594566221.55,1078.88,,-0.2908050221565815,1071.3799999999999,1030.84
399,2006-11-03,TCS,1085.0,1088.0,1058.0,1066.95,1080.05,786110,839159335.4,1067.48,,-1.212906809869905,1074.74,1032.771
400,2006-11-06,TCS,1066.5,1069.9,1056.0,1059.4,1066.95,634223,672536956.5,1060.41,,-0.7076245372322933,1078.0,1034.471
401,2006-11-07,TCS,1074.0,1084.9,1060.2,1065.15,1059.4,804795,859577524.75,1068.07,,0.5427600528601094,1081.15,1036.152
402,2006-11-08,TCS,1065.0,1070.9,1051.15,1063.3,1065.15,609190,645886017.6,1060.24,,-0.17368445758814594,1083.74,1037.616
403,2006-11-09,TCS,1069.0,1075.0,1053.35,1063.6,1063.3,841355,894950867.45,1063.7,,0.02821405059719313,1084.6825000000001,1039.086
404,2006-11-10,TCS,1070.0,1094.7,1065.1,1068.7,1063.6,828369,885602542.05,1069.09,,0.47950357277173156,1083.9900000000002,1040.784
405,2006-11-13,TCS,1070.8,1080.0,1066.1,1075.75,1068.7,505829,543005949.7,1073.5,,0.6596799850285351,1082.5975,1042.338
406,2006-11-14,TCS,1081.0,1110.0,1081.0,1106.25,1075.75,1500965,1651116382.35,1100.04,,2.8352312340227748,1081.425,1044.478
407,2006-11-15,TCS,1115.0,1122.0,1090.55,1096.8,1106.25,674510,746007007.5,1106.0,,-0.8542372881355974,1080.42,1046.071
408,2006-11-16,TCS,1100.0,1106.0,1083.5,1087.35,1096.8,525422,574432503.7,1093.28,,-0.8615973741794353,1079.475,1047.7020000000002
409,2006-11-17,TCS,1094.0,1097.5,1081.2,1095.15,1087.35,555421,605865946.85,1090.82,,0.7173403228031621,1079.6125,1049.733
353,2006-11-17,TCS,1094.0,1097.5,1081.2,1095.15,1087.35,555421,605865946.85,1090.82,,0.7173403228031621,1079.8899999999999,1051.902
354,2006-11-20,TCS,1085.05,1121.0,1065.55,1117.85,1095.15,1293734,1430535360.75,1105.74,,2.0727754188923724,1081.255,1054.4389999999999
355,2006-11-21,TCS,1116.2,1152.0,1114.0,1148.55,1117.85,1039538,1182386982.1,1137.42,,2.7463434271145544,1084.6775,1058.3410000000001
356,2006-11-22,TCS,1154.0,1171.0,1135.35,1148.1,1148.55,1397866,1613013187.3,1153.91,,-0.03917983544469509,1088.12,1061.745
357,2006-11-23,TCS,1156.0,1169.4,1140.0,1144.15,1148.1,967581,1116271611.3,1153.67,,-0.3440466858287447,1091.595,1064.629
358,2006-11-24,TCS,1150.0,1156.9,1136.15,1150.0,1144.15,801326,922485393.8,1151.2,,0.5112965957260769,1095.1275,1067.361
359,2006-11-27,TCS,1150.0,1164.0,1150.0,1160.8,1150.0,733427,849657143.9,1158.48,,0.9391304347826047,1098.8125,1070.5230000000001
360,2006-11-28,TCS,1150.0,1156.0,1111.15,1149.85,1160.8,670740,768297833.4,1145.45,,-0.9433149552033121,1102.145,1073.597
361,2006-11-29,TCS,1160.0,1168.8,1150.0,1164.55,1149.85,650789,754911780.4,1159.99,,1.2784276209940466,1106.3700000000001,1076.687
362,2006-11-30,TCS,1172.8,1205.0,1166.0,1198.8,1164.55,1563638,1862398921.5,1191.07,,2.941050191060925,1112.9625,1080.062
363,2006-12-01,TCS,1200.0,1200.0,1181.25,1189.35,1198.8,940535,1119447201.0,1190.22,,-0.788288288288292,1119.4599999999998,1082.789
364,2006-12-04,TCS,1200.0,1211.0,1190.0,1192.4,1189.35,558523,668433970.95,1196.79,,0.2564425946945964,1125.8225,1085.846
365,2006-12-05,TCS,1209.7,1209.7,1185.0,1191.9,1192.4,529119,633174690.5,1196.66,,-0.04193223750419322,1132.2525,1089.172
366,2006-12-06,TCS,1172.2,1207.0,1172.2,1198.6,1191.9,795214,949774179.7,1194.36,,0.562127695276434,1139.0025,1092.258
367,2006-12-07,TCS,1205.0,1234.45,1187.1,1194.3,1198.6,718218,858748728.1,1195.67,,-0.3587518771900513,1145.2824999999998,1095.2910000000002
368,2006-12-08,TCS,1199.0,1199.0,1173.35,1176.9,1194.3,471817,556247893.6,1178.95,,-1.4569203717658767,1150.34,1098.42
369,2006-12-11,TCS,1175.0,1189.0,1134.0,1173.45,1176.9,1069858,1251158327.2,1169.46,,-0.2931430028039804,1153.7,1101.448
370,2006-12-12,TCS,1170.0,1180.0,1105.0,1120.5,1173.45,1279575,1454858795.55,1136.99,,-4.512335421193919,1154.885,1103.572
371,2006-12-13,TCS,1120.5,1141.0,1080.35,1120.85,1120.5,904305,1007152407.55,1113.73,,0.031236055332432757,1156.56,1106.241
372,2006-12-14,TCS,1105.05,1160.0,1105.05,1149.6,1120.85,729006,827428273.75,1135.01,,2.565017620555828,1159.2824999999998,1109.238
373,2006-12-15,TCS,1168.4,1168.4,1148.0,1160.2,1149.6,576429,666918609.7,1156.98,,0.9220598469032827,1162.535,1112.558
374,2006-12-18,TCS,1155.0,1188.4,1124.0,1181.25,1160.2,587856,678771589.6,1154.66,,1.8143423547664157,1165.705,1116.14
375,2006-12-19,TCS,1181.0,1183.8,1125.0,1141.85,1181.25,905907,1041706917.65,1149.9,,-3.335449735449743,1165.3700000000001,1118.747
376,2006-12-20,TCS,1150.0,1167.85,1115.05,1128.75,1141.85,938915,1071147498.05,1140.84,,-1.1472610237771959,1164.4025000000001,1120.427
377,2006-12-21,TCS,1137.0,1150.0,1111.0,1136.95,1128.75,563954,639097370.35,1133.24,,0.7264673311184979,1164.0425,1121.515
378,2006-12-22,TCS,1135.0,1160.0,1128.1,1153.95,1136.95,437504,500265023.5,1143.45,,1.4952284621135494,1164.24,1122.5220000000002
379,2006-12-26,TCS,1153.0,1194.4,1153.0,1191.4,1153.95,449348,529938156.5,1179.35,,3.2453745829542044,1165.77,1123.7559999999999
380,2006-12-27,TCS,1195.0,1206.0,1181.05,1196.0,1191.4,598600,715338172.8,1195.02,,0.38610038610037845,1168.0774999999999,1125.338
350,2006-12-27,TCS,1195.0,1206.0,1181.05,1196.0,1191.4,598600,715338172.8,1195.02,,0.38610038610037845,1169.65,1127.1329999999998
351,2006-12-28,TCS,1205.4,1220.0,1188.0,1211.9,1196.0,604577,728901491.5,1205.64,,1.329431438127098,1170.3049999999998,1129.5230000000001
352,2006-12-29,TCS,1213.45,1229.4,1202.5,1222.0,1211.9,468617,572244029.65,1221.13,,0.8334020958824909,1171.9375,1132.1709999999998
833,2007-01-02,TCS,1229.4,1258.0,1216.0,1248.5,1222.0,386265,477923399.15,1237.29,,2.1685761047463172,1174.7424999999998,1135.33
834,2007-01-03,TCS,1253.0,1288.0,1239.15,1280.15,1248.5,1096243,1381587376.1,1260.29,,2.53504205046056,1179.155,1139.3310000000001
835,2007-01-04,TCS,1285.0,1285.0,1250.1,1259.05,1280.15,992675,1255112652.1,1264.37,,-1.6482443463656709,1182.1775,1142.9270000000001
836,2007-01-05,TCS,1265.0,1268.6,1253.1,1263.0,1259.05,679685,857395399.9,1261.46,,0.31372860490052384,1185.6125,1146.6940000000002
837,2007-01-08,TCS,1259.0,1259.0,1215.0,1243.8,1263.0,1237973,1525575950.8,1232.32,,-1.5201900237529729,1188.9575,1149.983
838,2007-01-09,TCS,1247.9,1261.85,1225.25,1256.4,1243.8,1005142,1250734852.3,1244.34,,1.0130246020260603,1193.105,1153.369
839,2007-01-10,TCS,1244.55,1255.0,1230.0,1235.4,1256.4,732857,907329802.25,1238.07,,-1.6714422158548232,1198.85,1156.413
840,2007-01-11,TCS,1198.9,1298.0,1198.9,1277.65,1235.4,1850166,2332357619.05,1260.62,,3.4199449570989153,1206.69,1160.365
841,2007-01-12,TCS,1290.15,1329.0,1290.15,1323.95,1277.65,1543937,2033168118.45,1316.87,,3.6238406449340546,1215.4075,1165.505
842,2007-01-15,TCS,1350.0,1368.0,1300.05,1326.35,1323.95,3063958,4104763791.0,1339.69,,0.18127572793533467,1223.715,1170.844
843,2007-01-16,TCS,1388.95,1388.95,1319.0,1324.1,1326.35,1906491,2563561138.5,1344.65,,-0.16963848154710298,1230.8575,1176.023
844,2007-01-17,TCS,1329.9,1335.0,1300.0,1304.65,1324.1,658457,866838243.05,1316.47,,-1.468922286836328,1238.9975,1180.85
845,2007-01-18,TCS,1305.0,1325.95,1305.0,1315.45,1304.65,679954,895996222.5,1317.73,,0.827808224428004,1248.3325,1185.8870000000002
846,2007-01-19,TCS,1315.45,1326.5,1292.15,1298.15,1315.45,720514,940477764.05,1305.29,,-1.3151393059409293,1256.3925000000002,1190.4759999999999
847,2007-01-22,TCS,1300.1,1322.4,1290.05,1313.45,1298.15,795239,1041020572.05,1309.07,,1.178600315834068,1264.3675,1195.23
848,2007-01-23,TCS,1313.1,1313.95,1300.0,1302.7,1313.45,781038,1020584864.8,1306.7,,-0.8184552133693707,1269.9325000000001,1199.1589999999999
849,2007-01-24,TCS,1311.5,1314.0,1298.15,1307.15,1302.7,588787,769183342.7,1306.39,,0.34159821908344556,1275.49,1203.366
850,2007-01-25,TCS,1325.0,1369.0,1302.9,1315.45,1307.15,1388494,1824973255.3,1314.35,,0.634969207818533,1281.4625,1207.9279999999999
851,2007-01-29,TCS,1315.0,1315.0,1291.0,1297.75,1315.45,745581,971525253.75,1303.04,,-1.3455471511650041,1285.755,1211.98
852,2007-01-31,TCS,1297.1,1313.9,1272.0,1277.9,1297.75,1216482,1568113746.15,1289.06,,-1.5295704103255563,1288.5500000000002,1215.635
853,2007-02-01,TCS,1289.95,1295.0,1275.0,1292.05,1277.9,464976,599021746.45,1288.29,,1.1072853900931108,1290.7275000000002,1219.1190000000001
854,2007-02-02,TCS,1299.0,1307.0,1295.05,1300.5,1292.05,1068654,1391642997.55,1302.24,,0.6539994582253044,1291.7450000000001,1222.1580000000001
855,2007-02-05,TCS,1305.0,1313.9,1294.0,1305.8,1300.5,752684,983178791.2,1306.23,,0.4075355632449023,1294.0825,1225.312
856,2007-02-06,TCS,1313.0,1313.9,1290.05,1298.4,1305.8,852991,1108858022.65,1299.96,,-0.5667024046561391,1295.8525000000002,1228.397
857,2007-02-07,TCS,1300.0,1312.4,1295.2,1306.3,1298.4,649996,846411379.9,1302.18,,0.6084411583487264,1298.9775000000002,1231.5230000000001
858,2007-02-08,TCS,1311.4,1314.9,1297.35,1304.5,1306.3,662506,865230885.2,1306.0,,-0.13779376865956935,1301.3825000000002,1234.397
859,2007-02-09,TCS,1309.4,1317.45,1283.15,1287.4,1304.5,498340,644048947.15,1292.39,,-1.3108470678420783,1303.9824999999998,1237.1480000000001
805,2007-02-12,TCS,1250.0,1298.7,1250.0,1255.8,1287.4,446597,565213106.55,1265.6,,-2.4545595774429185,1302.89,1238.973
806,2007-02-13,TCS,1256.0,1284.9,1235.0,1252.9,1255.8,1032588,1304362950.4,1263.2,,-0.23092849179804617,1299.3375,1240.055
807,2007-02-14,TCS,1253.0,1267.0,1240.0,1260.75,1252.9,784469,984499689.55,1254.99,,0.6265464123234024,1296.0575000000001,1241.483
808,2007-02-15,TCS,1265.0,1300.0,1225.1,1292.25,1260.75,918389,1180282802.6,1285.17,,2.498512790005949,1294.465,1243.48
809,2007-02-19,TCS,1301.4,1318.7,1295.2,1309.8,1292.25,1184674,1550691047.6,1308.96,,1.3580963435867637,1294.7225,1245.838
810,2007-02-20,TCS,1313.9,1323.8,1295.0,1299.55,1309.8,1350037,1771811204.05,1312.42,,-0.7825622232401894,1293.9275000000002,1247.857
811,2007-02-21,TCS,1300.0,1311.75,1280.0,1283.85,1299.55,984547,1277578680.5,1297.63,,-1.2081104997883918,1293.2125,1249.648
812,2007-02-22,TCS,1300.0,1312.4,1286.0,1294.3,1283.85,1734778,2253643393.85,1299.1,,0.8139580169022896,1292.2549999999999,1251.996
813,2007-02-23,TCS,1295.0,1299.5,1273.0,1277.35,1294.3,791922,1015728897.9,1282.61,,-1.3095881943907939,1290.9875,1254.0739999999998
814,2007-02-26,TCS,1272.0,1293.85,1232.5,1286.1,1277.35,1169421,1484809869.4,1269.7,,0.6850119387795045,1289.935,1257.386
815,2007-02-27,TCS,1254.0,1294.2,1254.0,1264.15,1286.1,1177492,1506298207.7,1279.24,,-1.7067102091594604,1287.3700000000001,1260.252
816,2007-02-28,TCS,1233.0,1244.95,1172.0,1193.4,1264.15,2336989,2831547296.1,1211.62,,-5.596645967646244,1282.1525,1261.128
817,2007-03-01,TCS,1200.0,1268.0,1190.4,1254.65,1193.4,1964641,2428414807.0,1236.06,,5.1323948382771905,1280.99,1263.017
818,2007-03-02,TCS,1254.8,1260.0,1201.0,1208.55,1254.65,1327938,1640847357.45,1235.64,,-3.6743314868688586,1276.815,1263.5629999999999
819,2007-03-05,TCS,1190.0,1199.0,1150.0,1155.55,1208.55,1280220,1484927260.35,1159.9,,-4.385420545281536,1269.5674999999999,1263.837
820,2007-03-06,TCS,1210.0,1335.0,1161.1,1197.25,1155.55,905980,1079358405.95,1191.37,,3.6086711955345985,1264.1399999999999,1265.2069999999999
821,2007-03-07,TCS,1202.0,1224.7,1157.4,1191.8,1197.25,1110158,1313980250.9,1183.6,,-0.4552098559198201,1258.81,1266.304
822,2007-03-08,TCS,1190.0,1229.7,1190.0,1218.4,1191.8,568747,690540087.3,1214.14,,2.2319181070649554,1254.415,1267.5929999999998
823,2007-03-09,TCS,1228.3,1233.0,1198.0,1212.15,1218.4,808037,978093919.4,1210.46,,-0.512967826657912,1249.7975000000001,1268.008
824,2007-03-12,TCS,1224.7,1253.7,1211.0,1235.0,1212.15,909234,1128592760.65,1241.26,,1.8850802293445454,1247.1775000000002,1268.788
825,2007-03-13,TCS,1225.5,1268.9,1200.1,1265.4,1235.0,508022,636442582.95,1252.79,,2.461538461538469,1247.6574999999998,1270.1760000000002
826,2007-03-14,TCS,1225.0,1241.9,1205.0,1213.55,1265.4,956237,1173685390.35,1227.4,,-4.097518571202792,1245.69,1270.209
827,2007-03-15,TCS,1230.0,1251.0,1228.0,1234.3,1213.55,955822,1185673675.35,1240.48,,1.7098595031107084,1244.3675,1270.455
828,2007-03-16,TCS,1241.4,1257.85,1215.15,1237.65,1234.3,1056071,1308714317.0,1239.23,,0.27140889573038457,1241.6375,1270.238
829,2007-03-19,TCS,1216.3,1264.75,1201.8,1260.9,1237.65,303424,380708600.7,1254.71,,1.8785601745243,1239.1925,1269.853
830,2007-03-20,TCS,1260.0,1276.5,1248.0,1253.0,1260.9,693898,877271425.6,1264.27,,-0.6265366008406765,1236.865,1269.732
831,2007-03-21,TCS,1261.0,1269.4,1240.0,1267.0,1253.0,492509,617462160.8,1253.71,,1.1173184357541899,1236.0225,1269.812
832,2007-03-22,TCS,1277.0,1307.0,1277.0,1303.05,1267.0,1031398,1340264096.75,1299.46,,2.8453038674033113,1236.46,1270.997
779,2007-03-22,TCS,1277.0,1307.0,1277.0,1303.05,1267.0,1031398,1340264096.75,1299.46,,2.8453038674033113,1237.745,1271.93
780,2007-03-23,TCS,1312.0,1320.0,1280.0,1288.2,1303.05,1316324,1712495318.35,1300.97,,-1.1396339357660803,1237.85,1272.986
781,2007-03-26,TCS,1285.0,1298.7,1255.25,1261.35,1288.2,1524684,1946793063.15,1276.85,,-2.084303679552875,1237.7099999999998,1272.66
782,2007-03-28,TCS,1269.9,1269.9,1194.05,1201.0,1261.35,2204512,2686123438.55,1218.47,,-4.784556229436708,1238.09,1270.201
783,2007-03-29,TCS,1188.95,1256.8,1188.95,1248.35,1201.0,2566656,3168516984.15,1234.49,,3.942547876769351,1237.775,1268.641
784,2007-03-30,TCS,1248.35,1254.8,1220.25,1233.85,1248.35,701764,864188421.5,1231.45,,-1.1615332238554894,1239.04,1266.836
785,2007-04-02,TCS,1210.0,1220.0,1185.0,1189.2,1233.85,968974,1164225456.1,1201.5,,-3.618754305628712,1240.7225,1264.527
786,2007-04-03,TCS,1195.0,1216.8,1188.0,1202.65,1189.2,814213,980643665.6,1204.41,,1.1310124453414097,1240.9925,1262.271
787,2007-04-04,TCS,1218.0,1224.7,1190.4,1198.4,1202.65,600624,722146440.65,1202.33,,-0.35338627198270484,1241.3225,1260.276
788,2007-04-05,TCS,1199.45,1206.0,1186.1,1194.2,1198.4,633498,760010862.6,1199.71,,-0.3504672897196299,1240.1125,1257.891
789,2007-04-09,TCS,1200.5,1226.75,1200.5,1217.2,1194.2,571131,695952023.85,1218.55,,1.9259755484843408,1240.365,1256.181
790,2007-04-10,TCS,1217.2,1225.0,1195.35,1197.35,1217.2,870060,1048317725.75,1204.88,,-1.6307919815971195,1238.4824999999998,1253.985
791,2007-04-11,TCS,1205.4,1209.45,1187.0,1190.55,1197.35,956584,1142874997.8,1194.75,,-0.5679208251555481,1234.74,1251.487
792,2007-04-12,TCS,1188.0,1209.0,1172.0,1200.95,1190.55,923739,1103723025.25,1194.84,,0.8735458401579179,1234.1100000000001,1249.5510000000002
793,2007-04-13,TCS,1210.0,1268.4,1194.0,1262.0,1200.95,2444712,3043742584.85,1245.03,,5.083475581831046,1235.495,1249.233
794,2007-04-16,TCS,1284.0,1305.9,1270.25,1280.25,1262.0,2496555,3207844915.35,1284.91,,1.4461172741679873,1237.625,1248.997
795,2007-04-17,TCS,1285.7,1315.0,1238.0,1250.25,1280.25,2616241,3273404112.05,1251.19,,-2.3432923257176332,1237.0925,1247.992
796,2007-04-18,TCS,1254.0,1265.0,1241.0,1247.5,1250.25,713396,895137079.1,1254.75,,-0.21995600879824037,1236.8174999999999,1246.826
797,2007-04-19,TCS,1230.0,1248.0,1205.1,1242.9,1247.5,791163,980589094.0,1239.43,,-0.3687374749498925,1235.6125,1245.7160000000001
798,2007-04-20,TCS,1252.0,1267.95,1250.1,1257.65,1242.9,717688,904176893.4,1259.85,,1.1867406871027435,1233.3425,1244.743
799,2007-04-23,TCS,1255.0,1269.8,1245.0,1247.8,1257.65,566306,710291703.45,1254.25,,-0.7832067745398271,1230.5800000000002,1243.609
800,2007-04-24,TCS,1244.0,1262.0,1219.0,1224.85,1247.8,1730629,2152533586.5,1243.79,,-1.839237057220712,1227.4125,1242.358
801,2007-04-25,TCS,1225.0,1226.9,1208.0,1221.35,1224.85,5438101,6584169411.35,1210.75,,-0.2857492754214802,1225.4125,1241.669
802,2007-04-26,TCS,1227.0,1249.6,1220.0,1240.4,1221.35,1485439,1833423716.5,1234.26,,1.5597494575674609,1227.3825000000002,1241.4189999999999
803,2007-04-27,TCS,1235.0,1236.5,1217.25,1234.5,1240.4,1201321,1476241012.95,1228.85,,-0.47565301515640845,1226.69,1240.894
804,2007-04-30,TCS,1241.05,1269.9,1205.0,1266.0,1234.5,972013,1224868285.05,1260.14,,2.551640340218712,1228.2975000000001,1240.369
752,2007-05-03,TCS,1274.8,1294.8,1272.55,1290.2,1266.0,1660757,2139254577.75,1288.12,,1.9115323854660384,1233.3475,1239.9769999999999
753,2007-05-04,TCS,1299.0,1329.9,1269.0,1273.05,1290.2,1775300,2284407624.85,1286.77,,-1.3292512788714996,1236.8674999999998,1239.4470000000001
754,2007-05-07,TCS,1282.0,1284.9,1265.15,1272.9,1273.05,1388332,1769389545.5,1274.47,,-0.011782726522906687,1240.5925000000002,1239.228
755,2007-05-08,TCS,1270.0,1280.0,1257.25,1266.55,1272.9,2047751,2602074668.7,1270.7,,-0.49886086888209097,1244.21,1238.673
756,2007-05-09,TCS,1300.0,1300.0,1225.0,1239.5,1266.55,1174957,1457205599.95,1240.22,,-2.1357230271209153,1245.325,1237.9160000000002
757,2007-05-10,TCS,1245.0,1289.9,1226.0,1229.7,1239.5,761050,941306378.75,1236.85,,-0.7906413876563094,1246.9425,1236.788
758,2007-05-11,TCS,1250.0,1259.0,1210.0,1252.55,1229.7,966914,1200403472.05,1241.48,,1.8581767910872495,1250.0425,1236.556
759,2007-05-14,TCS,1278.5,1278.5,1246.1,1250.25,1252.55,315094,395828478.3,1256.22,,-0.1836254041754784,1252.5075000000002,1237.693
760,2007-05-15,TCS,1260.0,1260.0,1225.0,1238.05,1250.25,1050780,1295332993.1,1232.73,,-0.9758048390321973,1251.31,1237.361
761,2007-05-16,TCS,1265.0,1265.0,1210.55,1224.2,1238.05,1630904,1991901721.4,1221.35,,-1.118694721537895,1248.5075000000002,1237.674
762,2007-05-17,TCS,1233.1,1253.7,1230.0,1250.0,1224.2,732815,911562354.45,1243.92,,2.107498774710011,1248.4950000000001,1239.563
763,2007-05-18,TCS,1259.95,1276.0,1250.0,1252.85,1250.0,730251,921393535.3,1261.75,,0.2279999999999927,1248.7625,1240.675
764,2007-05-21,TCS,1270.0,1270.0,1230.0,1237.05,1252.85,714211,884435374.95,1238.34,,-1.2611246358303034,1248.4699999999998,1241.58
765,2007-05-22,TCS,1237.5,1244.0,1221.05,1230.65,1237.05,1540056,1896796861.0,1231.64,,-0.5173598480255336,1247.1200000000001,1241.825
766,2007-05-23,TCS,1241.5,1241.5,1225.1,1233.4,1230.65,317953,392361635.65,1234.02,,0.22345914760492422,1246.4,1242.25
767,2007-05-24,TCS,1250.0,1250.0,1221.0,1224.75,1233.4,1138201,1399644646.0,1229.7,,-0.7013134425166281,1246.395,1242.045
768,2007-05-25,TCS,1220.95,1235.0,1208.0,1229.95,1224.75,1311042,1603066575.55,1222.74,,0.4245764441722838,1246.825,1241.336
769,2007-05-28,TCS,1250.0,1250.0,1223.55,1225.5,1229.95,646293,796206377.4,1231.96,,-0.36180332533843207,1246.08,1241.575
770,2007-05-29,TCS,1224.9,1235.0,1220.0,1231.15,1225.5,741820,911961223.35,1229.36,,0.46103631170951376,1245.9125,1241.5120000000002
771,2007-05-30,TCS,1250.0,1250.0,1210.2,1215.65,1231.15,650014,792321284.65,1218.93,,-1.2589855013605165,1243.395,1241.072
772,2007-05-31,TCS,1229.0,1229.0,1200.0,1208.35,1215.65,1294123,1568904157.45,1212.33,,-0.6005017891663046,1239.3025,1240.021
773,2007-06-01,TCS,1229.1,1229.1,1211.15,1218.7,1208.35,432247,526980526.7,1219.17,,0.856539909794359,1236.585,1239.335
774,2007-06-04,TCS,1228.0,1250.0,1202.0,1208.1,1218.7,463346,562939735.75,1214.94,,-0.8697792729958264,1233.3449999999998,1238.157
775,2007-06-05,TCS,1217.8,1217.8,1200.0,1208.05,1208.1,437900,529405923.75,1208.97,,-0.004138730237559352,1230.4199999999998,1236.257
776,2007-06-06,TCS,1215.0,1217.0,1178.2,1200.35,1208.05,958005,1154918274.75,1205.55,,-0.6373908364720041,1228.4625,1234.203
777,2007-06-07,TCS,1200.0,1214.4,1165.3,1207.0,1200.35,502235,605578414.15,1205.77,,0.5540050818511344,1227.3274999999999,1232.579
778,2007-06-08,TCS,1206.5,1230.5,1190.0,1220.1,1207.0,1504769,1833378931.95,1218.38,,1.0853355426677638,1225.705,1231.754
722,2007-06-11,TCS,1236.55,1239.4,1218.05,1221.35,1220.1,662034,813065053.85,1228.13,,0.10245061880173756,1224.26,1232.1609999999998
723,2007-06-12,TCS,1210.0,1230.0,1200.0,1217.35,1221.35,350518,425292970.25,1213.33,,-0.32750644778319077,1223.225,1231.541
724,2007-06-13,TCS,1219.0,1220.0,1193.3,1203.25,1217.35,442122,534108534.7,1208.06,,-1.158253583603722,1222.1775,1230.9289999999999
725,2007-06-14,TCS,1210.0,1220.0,1201.3,1204.55,1203.25,1044017,1259873398.5,1206.76,,0.1080407230417581,1219.905,1231.236
726,2007-06-15,TCS,1220.0,1220.0,1180.0,1184.4,1204.55,1245788,1486207567.25,1192.99,,-1.6728238761363052,1216.4825,1230.871
727,2007-06-18,TCS,1193.0,1195.0,1160.0,1162.6,1184.4,718614,842052987.6,1171.77,,-1.8405943937858982,1212.76,1230.155
728,2007-06-19,TCS,1165.1,1165.5,1143.3,1160.0,1162.6,873859,1008030092.05,1153.54,,-0.22363667641492427,1209.2275,1229.471
729,2007-06-20,TCS,1161.0,1173.0,1141.0,1147.0,1160.0,1006242,1160198772.05,1153.0,,-1.1206896551724137,1204.9074999999998,1228.067
730,2007-06-21,TCS,1145.0,1150.8,1130.0,1145.6,1147.0,760932,868713243.05,1141.64,,-0.12205754141238806,1200.95,1227.032
731,2007-06-22,TCS,1145.0,1155.0,1134.5,1139.95,1145.6,669326,762911032.7,1139.82,,-0.4931913407821111,1196.45,1226.02
732,2007-06-25,TCS,1139.95,1150.0,1118.75,1125.75,1139.95,700944,789890196.8,1126.89,,-1.2456686696784987,1191.4625,1224.516
733,2007-06-26,TCS,1131.0,1140.0,1117.85,1121.75,1125.75,708186,799671117.8,1129.18,,-0.35531867643793025,1185.9924999999998,1221.711
734,2007-06-27,TCS,1129.9,1138.7,1124.0,1133.15,1121.75,739174,835738810.0,1130.64,,1.0162692221974674,1181.8674999999998,1218.769
735,2007-06-28,TCS,1143.95,1143.95,1125.0,1136.85,1133.15,1085698,1230020513.7,1132.93,,0.32652340819836895,1178.2925,1216.501
736,2007-06-29,TCS,1141.0,1156.0,1140.05,1149.35,1136.85,751114,861032519.45,1146.34,,1.099529401416194,1174.825,1214.538
737,2007-07-02,TCS,1153.0,1153.0,1131.0,1134.45,1149.35,369288,421700859.85,1141.93,,-1.2963849132118037,1171.1425,1212.369
738,2007-07-03,TCS,1150.0,1150.0,1124.0,1127.6,1134.45,457342,516753370.95,1129.91,,-0.6038168275375853,1167.1200000000001,1209.7679999999998
739,2007-07-04,TCS,1128.0,1140.0,1116.0,1117.65,1127.6,603866,677048388.6,1121.19,,-0.8824051081943791,1162.985,1207.165
740,2007-07-05,TCS,1128.2,1128.2,1100.8,1111.65,1117.65,794801,883169333.95,1111.18,,-0.5368406925244933,1158.2175,1204.9009999999998
741,2007-07-06,TCS,1115.0,1164.9,1100.1,1158.65,1111.65,1901421,2172074453.5,1142.34,,4.227949444519408,1155.145,1203.647
742,2007-07-09,TCS,1168.4,1182.4,1165.0,1176.75,1158.65,1339942,1569532308.35,1171.34,,1.562162861951401,1152.915,1202.374
743,2007-07-10,TCS,1185.0,1200.0,1168.0,1183.15,1176.75,1873242,2225381688.65,1187.98,,0.5438708306777218,1151.205,1201.347
744,2007-07-11,TCS,1182.0,1185.0,1100.0,1148.9,1183.15,1515531,1739025953.8,1147.47,,-2.8948146895997966,1148.4875,1199.005
745,2007-07-12,TCS,1155.0,1169.0,1134.0,1162.55,1148.9,1440986,1652155293.2,1146.54,,1.1880929584820143,1146.3875,1196.452
746,2007-07-13,TCS,1236.1,1261.5,1130.25,1136.0,1162.55,1446162,1649717910.55,1140.76,,-2.2837727409573745,1143.9675,1193.711
747,2007-07-16,TCS,1135.0,1138.0,1114.0,1128.3,1136.0,997560,1119425590.3,1122.16,,-0.6778169014084547,1142.2525,1190.8190000000002
748,2007-07-17,TCS,1175.8,1175.8,1150.0,1155.75,1128.3,1541172,1786870834.0,1159.42,,2.4328636001063586,1142.04,1188.603
749,2007-07-18,TCS,1157.0,1170.0,1147.35,1166.65,1155.75,1092795,1268330675.9,1160.63,,0.9431105342851042,1143.0225,1187.146
750,2007-07-19,TCS,1167.0,1185.0,1165.5,1182.2,1166.65,1018878,1197490156.4,1175.3,,1.332876183945481,1144.8525,1186.1960000000001
694,2007-07-20,TCS,1189.0,1189.95,1167.4,1175.9,1182.2,936233,1103952226.0,1179.14,,-0.5329047538487527,1146.65,1184.663
751,2007-07-20,TCS,1189.0,1189.95,1167.4,1175.9,1182.2,936233,1103952226.0,1179.14,,-0.5329047538487527,1149.1575,1183.1760000000002
695,2007-07-23,TCS,1169.8,1195.0,1162.1,1190.95,1175.9,1179114,1394940752.45,1183.04,,1.2798707373075904,1152.6175,1182.234
696,2007-07-24,TCS,1189.9,1192.0,1167.0,1171.9,1190.95,781794,919149328.6,1175.69,,-1.5995633737772328,1154.5549999999998,1181.188
697,2007-07-25,TCS,1168.0,1171.0,1145.0,1148.2,1171.9,667543,769609047.3,1152.9,,-2.0223568563870673,1155.1225,1179.152
698,2007-07-26,TCS,1155.0,1210.0,1145.1,1189.1,1148.2,1500701,1763235320.4,1174.94,,3.5620971956105087,1157.1100000000001,1177.877
699,2007-07-27,TCS,1160.0,1175.0,1126.0,1153.0,1189.1,800809,931707360.05,1163.46,,-3.035909511395165,1158.0375,1176.196
700,2007-07-30,TCS,1150.0,1170.0,1130.25,1136.45,1153.0,458962,525497664.85,1144.97,,-1.4353859496964403,1158.48,1174.312
701,2007-07-31,TCS,1151.0,1162.0,1130.0,1156.3,1136.45,804635,921845707.65,1145.67,,1.7466672532887422,1160.4125,1172.77
702,2007-08-01,TCS,1140.0,1145.0,1110.3,1115.15,1156.3,1100859,1230317188.25,1117.6,,-3.558765026377226,1160.5875,1170.578
703,2007-08-02,TCS,1120.0,1124.5,1090.0,1095.15,1115.15,478002,528151294.7,1104.91,,-1.7934806976639912,1157.4125,1167.882
704,2007-08-03,TCS,1114.0,1114.0,1083.1,1096.9,1095.15,498439,546634894.75,1096.69,,0.1597954618088846,1153.42,1165.31
705,2007-08-06,TCS,1090.0,1118.0,1074.0,1099.45,1096.9,684387,748564136.75,1093.77,,0.2324733339411026,1149.2350000000001,1162.676
706,2007-08-07,TCS,1113.1,1117.8,1094.1,1109.3,1099.45,746303,825069636.55,1105.54,,0.8959024967028886,1147.255,1160.549
707,2007-08-08,TCS,1150.0,1169.0,1118.0,1152.6,1109.3,1013791,1172349480.6,1156.4,,3.9033624808437715,1146.7575000000002,1159.434
708,2007-08-09,TCS,1160.0,1188.85,1135.2,1145.7,1152.6,1268609,1478562894.35,1165.5,,-0.5986465382613104,1147.2425,1157.974
709,2007-08-10,TCS,1115.0,1153.5,1080.4,1144.5,1145.7,1572640,1761837774.6,1120.31,,-0.10473946059178192,1148.0525000000002,1156.702
710,2007-08-13,TCS,1150.0,1150.0,1125.15,1134.5,1144.5,301381,343113200.25,1138.47,,-0.873743993010048,1146.9900000000002,1155.231
711,2007-08-14,TCS,1135.0,1140.0,1120.0,1130.25,1134.5,305699,345183916.85,1129.16,,-0.37461436756280303,1145.17,1153.829
712,2007-08-16,TCS,1100.0,1119.6,1085.0,1088.0,1130.25,1665780,1830005200.3,1098.59,,-3.73811103738111,1140.46,1151.4489999999998
713,2007-08-17,TCS,1088.0,1093.0,1039.2,1056.15,1088.0,1725276,1834035106.1,1063.04,,-2.927389705882345,1134.4725,1148.17
714,2007-08-20,TCS,1083.5,1099.4,1051.1,1055.55,1056.15,1096711,1169326695.3,1066.21,,-0.05681011219998451,1128.4550000000002,1144.854
715,2007-08-21,TCS,1076.5,1076.5,1004.5,1015.25,1055.55,1090841,1118689023.05,1025.53,,-3.8179148311306856,1119.67,1140.8120000000001
716,2007-08-22,TCS,1020.0,1032.7,996.0,1025.9,1015.25,956655,973746798.25,1017.87,,1.0490027086924492,1112.37,1137.265
717,2007-08-23,TCS,1032.0,1048.0,1004.0,1007.9,1025.9,778437,797113092.7,1023.99,,-1.7545569743639842,1105.355,1133.3319999999999
718,2007-08-24,TCS,1015.0,1026.5,999.5,1018.4,1007.9,481743,487607078.45,1012.17,,1.0417700168667525,1096.82,1130.012
719,2007-08-27,TCS,1024.95,1038.8,1020.05,1026.5,1018.4,666714,684851187.35,1027.2,,0.795365278868816,1090.495,1127.29
720,2007-08-28,TCS,1036.0,1039.0,1011.0,1028.75,1026.5,565876,580558557.3,1025.95,,0.219191427179737,1085.11,1124.665
721,2007-08-29,TCS,1020.0,1039.8,1001.0,1031.6,1028.75,799172,818717149.45,1024.46,,0.27703523693802273,1078.875,1122.357
666,2007-08-29,TCS,1020.0,1039.8,1001.0,1031.6,1028.75,799172,818717149.45,1024.46,,0.27703523693802273,1074.6975,1120.0770000000002
667,2007-08-30,TCS,1042.0,1059.0,1025.0,1046.0,1031.6,1750793,1820808719.9,1039.99,,1.3958898797983805,1072.24,1118.198
668,2007-08-31,TCS,1052.0,1069.7,1047.0,1064.35,1046.0,594374,629002800.2,1058.26,,1.7543021032504693,1070.6125,1116.97
669,2007-09-03,TCS,1070.0,1075.0,1053.4,1061.25,1064.35,624066,662395765.55,1061.42,,-0.2912575750457941,1068.7025,1115.76
670,2007-09-04,TCS,1065.0,1087.7,1061.0,1066.1,1061.25,545689,584524601.65,1071.17,,0.45700824499410214,1066.5425,1114.419
671,2007-09-05,TCS,1067.0,1082.95,1065.1,1072.35,1066.1,879241,945093343.0,1074.9,,0.5862489447518995,1062.53,1113.129
672,2007-09-06,TCS,1065.0,1081.0,1061.0,1078.0,1072.35,467965,502137479.55,1073.02,,0.5268802163472832,1059.145,1111.702
673,2007-09-07,TCS,1077.0,1084.5,1070.0,1076.25,1078.0,422894,455328555.15,1076.7,,-0.16233766233766234,1055.7324999999998,1110.538
674,2007-09-10,TCS,1076.25,1076.25,1044.0,1047.25,1076.25,550265,579102730.65,1052.41,,-2.694541231126597,1051.37,1108.931
675,2007-09-11,TCS,1094.45,1094.45,1020.0,1023.35,1047.25,846639,873350830.7,1031.55,,-2.282167581761755,1046.025,1107.045
676,2007-09-12,TCS,1030.0,1037.75,1013.5,1015.6,1023.35,586026,597158560.55,1019.0,,-0.7573166560805198,1042.405,1105.124
677,2007-09-13,TCS,1024.9,1035.0,1010.4,1030.8,1015.6,538268,552219863.9,1025.92,,1.4966522252855388,1041.1375,1102.567
678,2007-09-14,TCS,1050.0,1050.0,1018.1,1022.45,1030.8,475057,487706646.8,1026.63,,-0.8100504462553269,1039.4824999999998,1099.481
679,2007-09-17,TCS,1025.0,1031.8,995.7,997.65,1022.45,1271544,1277830017.45,1004.94,,-2.425546481490544,1038.6025,1095.771
680,2007-09-18,TCS,997.0,1007.7,993.0,1002.45,997.65,1235702,1236189840.5,1000.39,,0.4811306570440604,1037.4299999999998,1092.8419999999999
681,2007-09-19,TCS,1025.0,1033.7,1017.2,1023.05,1002.45,1160667,1186684496.6,1022.42,,2.0549653349294137,1038.1875,1090.052
682,2007-09-20,TCS,1020.0,1022.1,997.2,1002.05,1023.05,588789,589711533.9,1001.57,,-2.0526855969893947,1037.3700000000001,1087.373
683,2007-09-21,TCS,1002.05,1027.0,978.0,1017.8,1002.05,1982176,1974170242.95,995.96,,1.5717778553964372,1036.935,1085.163
684,2007-09-24,TCS,1020.0,1030.35,1000.2,1007.25,1017.8,928761,934688328.1,1006.38,,-1.0365494203183292,1035.8600000000001,1082.193
685,2007-09-25,TCS,1010.0,1014.0,996.2,1001.7,1007.25,1350124,1357790094.6,1005.68,,-0.5510052122114624,1034.365,1078.894
686,2007-09-26,TCS,1010.0,1048.8,1005.0,1040.75,1001.7,2085223,2150120612.3,1031.12,,3.8983727662972902,1034.8225,1076.065
687,2007-09-27,TCS,1050.0,1067.5,1047.0,1062.5,1040.75,2150535,2277200812.25,1058.9,,2.089839058371367,1035.6475,1073.797
688,2007-09-28,TCS,1025.0,1080.0,1025.0,1060.15,1062.5,1562383,1654571280.25,1059.0,,-0.22117647058822673,1035.4375,1071.482
689,2007-10-01,TCS,1061.0,1061.0,1023.0,1041.65,1060.15,544145,563678669.8,1035.9,,-1.7450360798000282,1034.4575,1068.496
690,2007-10-03,TCS,1050.0,1095.0,1049.9,1079.2,1041.65,1280718,1371980553.05,1071.26,,3.604857677722839,1035.1125,1066.642
691,2007-10-04,TCS,1085.0,1085.0,1054.0,1079.3,1079.2,1089951,1166168395.8,1069.93,,0.009266123054105731,1035.46,1065.2640000000001
692,2007-10-05,TCS,1079.3,1079.3,1057.3,1072.8,1079.3,436012,465970705.4,1068.71,,-0.6022421940146392,1035.2,1062.938
693,2007-10-08,TCS,1081.05,1098.8,1062.2,1078.35,1072.8,665536,719779440.5,1081.5,,0.5173378076062597,1035.305,1061.445
636,2007-10-08,TCS,1081.05,1098.8,1062.2,1078.35,1072.8,665536,719779440.5,1081.5,,0.5173378076062597,1036.8600000000001,1060.2830000000001
637,2007-10-09,TCS,1080.0,1104.8,1075.3,1094.95,1078.35,926910,1011536011.9,1091.3,,1.5393888811610459,1040.44,1059.056
638,2007-10-10,TCS,1104.7,1130.25,1098.4,1125.5,1094.95,995809,1109776863.45,1114.45,,2.790081738892183,1045.935,1059.263
639,2007-10-11,TCS,1135.0,1135.4,1060.0,1072.0,1125.5,1399585,1509268741.7,1078.37,,-4.7534429142603285,1047.9950000000001,1058.8
640,2007-10-12,TCS,1052.0,1075.0,1030.3,1063.5,1072.0,1228230,1288841482.7,1049.35,,-0.792910447761194,1050.0475000000001,1058.132
641,2007-10-15,TCS,1070.0,1091.65,1059.75,1074.15,1063.5,1717900,1842629548.65,1072.61,,1.0014104372355515,1053.8725,1057.626
642,2007-10-16,TCS,1100.0,1115.0,1061.0,1068.4,1074.15,1765132,1899799928.0,1076.29,,-0.5353069869198901,1057.17,1056.808
643,2007-10-17,TCS,1060.0,1115.0,1000.0,1094.7,1068.4,1731310,1892377078.4,1093.03,,2.4616248596031407,1060.7525,1055.65
644,2007-10-18,TCS,1135.0,1149.9,1077.3,1123.85,1094.7,3411359,3845782484.2,1127.35,,2.662829999086495,1066.8425,1055.213
645,2007-10-19,TCS,1147.85,1150.0,1082.4,1108.85,1123.85,2023533,2251338108.85,1112.58,,-1.3346976909729948,1071.395,1054.5
646,2007-10-22,TCS,1117.0,1117.0,1065.1,1071.95,1108.85,959202,1033880032.7,1077.85,,-3.3277720160526556,1074.6299999999999,1053.249
647,2007-10-23,TCS,1068.0,1100.0,1059.0,1063.6,1071.95,1465591,1572568824.95,1072.99,,-0.7789542422687752,1077.725,1051.9160000000002
648,2007-10-24,TCS,1100.0,1100.0,1043.3,1048.0,1063.6,1025247,1081831617.15,1055.19,,-1.466716810831131,1078.0875,1051.116
649,2007-10-25,TCS,1059.0,1060.0,1038.15,1049.6,1048.0,1231318,1289889620.45,1047.57,,0.15267175572518216,1077.4424999999999,1050.985
650,2007-10-26,TCS,1050.0,1084.0,1042.2,1071.3,1049.6,740015,790986444.55,1068.88,,2.0674542682926877,1077.9999999999998,1051.3
651,2007-10-29,TCS,1089.0,1090.0,1061.4,1068.0,1071.3,884013,947106429.55,1071.37,,-0.30803696443572803,1079.3174999999999,1052.355
652,2007-10-30,TCS,1072.0,1075.0,1040.3,1048.5,1068.0,786451,829232189.95,1054.4,,-1.8258426966292134,1077.7824999999998,1052.807
653,2007-10-31,TCS,1047.0,1063.7,1017.0,1038.0,1048.5,11804132,12058743127.35,1021.57,,-1.0014306151645207,1075.7175,1053.409
654,2007-11-01,TCS,1055.0,1055.0,1019.5,1023.05,1038.0,1379601,1426186743.1,1033.77,,-1.4402697495183088,1073.23,1053.502
655,2007-11-02,TCS,1010.0,1030.0,1003.0,1021.2,1023.05,873670,891046712.4,1019.89,,-0.18083182640143777,1070.3725,1053.396
656,2007-11-05,TCS,1021.0,1030.8,1005.25,1011.3,1021.2,469117,476407130.05,1015.54,,-0.9694477085781522,1067.02,1053.047
657,2007-11-06,TCS,1015.0,1019.8,1000.0,1004.3,1011.3,549747,554157391.65,1008.02,,-0.6921783842578859,1062.4875,1052.501
658,2007-11-07,TCS,1005.1,1009.15,986.1,997.05,1004.3,876004,873060924.1,996.64,,-0.7218958478542269,1056.065,1051.81
659,2007-11-08,TCS,990.1,999.8,980.0,989.65,997.05,671741,663518240.2,987.76,,-0.7421894589037639,1051.9475,1050.683
660,2007-11-09,TCS,1015.0,1015.0,983.1,985.25,989.65,84775,83615093.2,986.32,,-0.4446016268377686,1048.035,1049.1009999999999
661,2007-11-12,TCS,985.25,985.25,960.0,963.85,985.25,1320247,1280982074.25,970.26,,-2.1720375539203225,1042.52,1047.1529999999998
662,2007-11-13,TCS,963.85,972.7,926.65,947.35,963.85,1174497,1122693233.85,955.89,,-1.71188462935104,1036.4675,1044.778
663,2007-11-14,TCS,960.0,1045.1,960.0,986.7,947.35,897092,876700000.2,977.27,,4.1536918773420615,1031.0674999999999,1043.065
664,2007-11-15,TCS,991.0,997.9,970.0,980.2,986.7,573849,563236297.95,981.51,,-0.6587615283267457,1023.885,1041.1090000000002
665,2007-11-16,TCS,980.0,998.0,967.15,982.9,980.2,916704,892459261.2,973.55,,0.2754539889818335,1017.5875,1039.242
609,2007-11-19,TCS,960.1,1007.4,960.1,993.5,982.9,752563,745835971.85,991.06,,1.0784413470342886,1013.6650000000002,1038.167
610,2007-11-20,TCS,992.0,992.0,957.2,961.3,993.5,1049754,1016284026.45,968.12,,-3.2410669350780115,1008.55,1036.9260000000002
611,2007-11-21,TCS,962.0,980.8,935.6,944.8,961.3,853448,818156373.65,958.65,,-1.7164256735670447,1003.39,1035.51
612,2007-11-22,TCS,969.7,972.0,935.0,950.2,944.8,647944,615677132.65,950.2,,0.5715495342929817,998.4200000000001,1033.8980000000001
613,2007-11-23,TCS,970.0,970.0,948.9,960.95,950.2,581016,556688091.95,958.13,,1.1313407703641338,992.9025000000001,1032.668
614,2007-11-26,TCS,980.0,994.0,970.0,985.1,960.95,563717,556897888.45,987.9,,2.5131380404807717,988.7575,1032.4170000000001
615,2007-11-27,TCS,990.0,999.0,970.1,995.95,985.1,376127,373456801.55,992.9,,1.1014110242614985,986.1300000000001,1032.287
616,2007-11-28,TCS,981.0,1004.0,970.0,976.5,995.95,759396,747812793.4,984.75,,-1.9529092825945122,983.0550000000001,1031.356
617,2007-11-29,TCS,1000.0,1001.7,951.0,966.05,976.5,1257422,1230778119.7,978.81,,-1.0701484895033329,980.2049999999999,1030.636
618,2007-11-30,TCS,966.05,1018.65,966.05,1012.2,966.05,1334666,1341681395.75,1005.26,,4.777185445887904,979.7550000000001,1030.524
619,2007-12-03,TCS,1016.0,1066.0,1010.4,1049.9,1012.2,1629087,1707256592.0,1047.98,,3.724560363564517,981.6849999999998,1031.377
620,2007-12-04,TCS,1049.9,1050.0,1025.05,1029.7,1049.9,445956,461753315.45,1035.42,,-1.9239927612153582,982.9549999999999,1031.937
621,2007-12-05,TCS,1030.0,1045.0,1020.5,1033.2,1029.7,517310,532975756.7,1030.28,,0.3399048266485384,984.7625,1031.786
622,2007-12-06,TCS,1040.0,1051.7,1031.2,1035.55,1033.2,1040863,1082124224.0,1039.64,,0.22744870305845036,987.0574999999999,1031.247
623,2007-12-07,TCS,1040.0,1072.05,1026.25,1062.6,1035.55,1201452,1262136898.5,1050.51,,2.6121384771377487,990.925,1031.2959999999998
624,2007-12-10,TCS,1070.1,1074.0,1030.0,1035.6,1062.6,966005,1009544689.0,1045.07,,-2.5409373235460198,994.5125,1031.175
625,2007-12-11,TCS,1049.0,1049.0,1025.25,1041.3,1035.6,726864,754553219.35,1038.09,,0.5504055619930519,999.21,1030.417
626,2007-12-12,TCS,1028.2,1060.0,1026.1,1053.4,1041.3,929652,967604256.25,1040.82,,1.1620090271775796,1002.5450000000001,1029.899
627,2007-12-13,TCS,1050.0,1063.8,1025.3,1029.6,1053.4,1162859,1221860422.6,1050.74,,-2.259350674007991,1005.015,1029.035
628,2007-12-14,TCS,1015.3,1055.0,1015.3,1040.4,1029.6,680109,709266866.55,1042.87,,1.0489510489510667,1007.89,1028.276
629,2007-12-17,TCS,1072.4,1072.4,1005.0,1012.4,1040.4,800832,814918263.5,1017.59,,-2.69127258746637,1008.8349999999998,1026.9569999999999
630,2007-12-18,TCS,1010.0,1040.0,1003.3,1010.45,1012.4,961465,974387879.8,1013.44,,-0.1926116159620636,1011.2924999999999,1025.267
631,2007-12-19,TCS,1012.0,1028.8,1008.0,1024.5,1010.45,667755,681733716.75,1020.93,,1.3904695927556985,1015.2774999999999,1023.247
632,2007-12-20,TCS,1029.5,1053.95,1023.0,1045.35,1024.5,759005,791020672.15,1042.18,,2.0351390922401085,1020.0350000000001,1022.7139999999999
633,2007-12-24,TCS,1080.0,1120.0,1050.0,1109.7,1045.35,1163916,1276853172.8,1097.03,,6.155832974601822,1027.4724999999999,1023.638
634,2007-12-26,TCS,1115.0,1119.7,1086.15,1100.3,1109.7,726499,796029646.65,1095.71,,-0.8470757862485437,1033.2325,1024.1609999999998
635,2007-12-27,TCS,1105.1,1120.0,1086.55,1110.75,1100.3,1002142,1105195654.4,1102.83,,0.9497409797328044,1038.9725,1025.0079999999998
606,2007-12-27,TCS,1105.1,1120.0,1086.55,1110.75,1100.3,1002142,1105195654.4,1102.83,,0.9497409797328044,1045.685,1025.329
607,2007-12-28,TCS,1100.0,1100.0,1060.0,1082.15,1110.75,549149,596762937.95,1086.7,,-2.574836821967131,1051.49,1024.495
608,2007-12-31,TCS,1083.0,1096.05,1052.0,1077.4,1082.15,539042,585541857.45,1086.26,,-0.4389409970891281,1054.75,1023.8660000000001
1082,2008-01-01,TCS,1077.0,1077.0,1052.0,1054.55,1077.4,232097,245315688.1,1056.95,,-2.120846482272149,1054.9824999999998,1023.518
1083,2008-01-02,TCS,1060.0,1061.0,1031.5,1050.0,1054.55,716231,747504473.2,1043.66,,-0.43146365748423066,1055.9975,1023.2460000000001
1084,2008-01-03,TCS,1030.1,1045.0,1005.35,1011.05,1050.0,1292070,1318520157.1,1020.47,,-3.709523809523814,1054.8899999999999,1022.507
1085,2008-01-04,TCS,1011.05,1022.9,1002.3,1005.2,1011.05,579717,583841891.95,1007.12,,-0.5786063992878601,1053.3725,1021.6190000000001
1086,2008-01-07,TCS,1000.0,1008.8,972.5,975.6,1005.2,911836,892692431.4,979.01,,-2.9446876243533646,1049.0224999999998,1019.705
1087,2008-01-08,TCS,980.0,992.0,969.3,987.85,975.6,801933,787580195.7,982.1,,1.2556375563755637,1046.635,1018.102
1088,2008-01-09,TCS,994.8,1006.0,989.9,996.3,987.85,612532,611504728.95,998.32,,0.8553930252568641,1044.385,1017.058
1089,2008-01-10,TCS,998.0,1009.5,962.0,981.65,996.3,835594,829888988.35,993.17,,-1.470440630332227,1040.7975000000001,1015.9309999999999
1090,2008-01-11,TCS,915.35,1004.0,915.35,989.75,981.65,537297,528952839.55,984.47,,0.8251413436560915,1038.805,1015.265
1091,2008-01-14,TCS,999.8,999.8,955.6,961.15,989.75,1039716,1003751210.15,965.41,,-2.889618590553172,1034.8425,1014.064
1092,2008-01-15,TCS,965.0,968.0,934.0,940.0,961.15,733897,693401544.2,944.82,,-2.2004889975550097,1031.2225,1012.638
1093,2008-01-16,TCS,940.0,966.7,925.0,944.95,940.0,782989,745216759.55,951.76,,0.5265957446808559,1027.9475,1011.451
1094,2008-01-17,TCS,965.8,966.0,919.0,922.7,944.95,1575524,1464352684.3,929.44,,-2.3546219376686595,1022.8575000000001,1009.9639999999999
1095,2008-01-18,TCS,929.5,940.0,897.1,903.2,922.7,1083454,988191069.1,912.07,,-2.113362956540587,1015.75,1008.235
1096,2008-01-21,TCS,904.0,904.7,805.25,831.05,903.2,1210008,1043983780.75,862.79,,-7.988263950398593,1001.8175000000001,1005.1510000000001
1097,2008-01-22,TCS,814.7,990.0,725.0,798.25,831.05,1594218,1236244384.15,775.46,,-3.9468142711028165,986.7149999999999,1001.8389999999999
1098,2008-01-23,TCS,859.0,890.0,805.0,871.95,798.25,1339780,1143320903.35,853.36,,9.23269652364548,974.775,1000.3309999999999
1099,2008-01-24,TCS,870.0,888.0,825.75,843.25,871.95,503334,430948749.3,856.19,,-3.291473134927467,961.4,997.462
1100,2008-01-25,TCS,853.0,897.7,850.1,884.6,843.25,560779,485218444.65,865.26,,4.903646605395793,951.5225,995.55
1101,2008-01-28,TCS,870.0,870.0,825.0,854.3,884.6,621415,524530602.0,844.09,,-3.425276961338466,940.3675,992.9780000000001
1102,2008-01-29,TCS,856.0,884.6,855.0,867.7,854.3,814678,705313180.45,865.76,,1.5685356432166793,931.025,990.4620000000001
1103,2008-01-30,TCS,882.0,892.0,860.0,869.85,867.7,758214,656776993.45,866.22,,0.2477814912988334,922.0174999999999,988.633
1104,2008-01-31,TCS,870.0,890.0,835.35,873.75,869.85,1491739,1302986743.6,873.47,,0.44835316433867645,915.1525000000001,987.2120000000001
1105,2008-02-01,TCS,885.0,941.1,873.3,929.5,873.75,1042380,948708302.65,910.14,,6.380543633762518,911.3675,986.798
1106,2008-02-04,TCS,945.0,989.0,939.0,975.65,929.5,932630,903444463.85,968.71,,4.965034965034962,911.3700000000001,987.0920000000001
1107,2008-02-05,TCS,960.0,975.0,935.65,955.05,975.65,430718,412753388.1,958.29,,-2.1114129042177034,909.7299999999999,986.4909999999999
1108,2008-02-06,TCS,930.0,930.0,894.5,906.1,955.05,1001988,907695982.15,905.9,,-5.125386105439499,905.22,984.694
1109,2008-02-07,TCS,906.1,906.1,871.05,879.05,906.1,643663,570821892.6,886.83,,-2.9853217084207113,900.0899999999999,982.745
1110,2008-02-08,TCS,884.0,925.0,880.0,898.4,879.05,644205,586638055.1,910.64,,2.201239974972985,895.5224999999998,981.3919999999999
1055,2008-02-11,TCS,898.4,932.0,860.1,906.1,898.4,800247,733428382.4,916.5,,0.8570792520035669,892.7700000000001,979.27
1056,2008-02-12,TCS,905.0,925.0,860.0,864.65,906.1,1290332,1133342470.15,878.33,,-4.574550270389587,889.0024999999999,975.565
1057,2008-02-13,TCS,875.0,897.0,851.3,868.95,864.65,546344,475155860.7,869.7,,0.4973110507141697,885.2025,972.35
1058,2008-02-14,TCS,885.0,900.0,861.0,873.8,868.95,561620,494416976.35,880.34,,0.5581448875079014,882.7574999999999,969.1619999999999
1059,2008-02-15,TCS,860.0,887.05,860.0,872.7,873.8,553261,483215582.15,873.4,,-0.12588693064773507,881.2324999999998,965.905
1060,2008-02-18,TCS,872.7,875.0,850.0,853.2,872.7,430790,369100776.2,856.8,,-2.234444826400825,882.3399999999999,961.7170000000001
1061,2008-02-19,TCS,856.0,884.0,855.0,875.45,853.2,486822,424728987.65,872.45,,2.6078293483356774,886.2,958.5139999999999
1062,2008-02-20,TCS,879.9,894.65,873.25,886.1,875.45,765156,675687897.8,883.07,,1.2165172197155723,886.9074999999999,955.41
1063,2008-02-21,TCS,898.0,931.0,882.0,914.65,886.1,890513,815857455.2,916.17,,3.221983974720681,890.4775,952.635
1064,2008-02-22,TCS,920.0,920.9,885.0,900.55,914.65,600379,539060834.35,897.87,,-1.541573279396493,891.275,950.0540000000001
1065,2008-02-25,TCS,928.0,929.0,890.25,900.75,900.55,813865,732919238.65,900.54,,0.022208650269284935,893.5975000000001,947.2610000000001
1066,2008-02-26,TCS,924.0,924.0,895.0,898.4,900.75,1249896,1126596870.35,901.35,,-0.2608936996947014,895.1325,944.9809999999999
1067,2008-02-27,TCS,908.0,914.85,874.05,877.55,898.4,591014,526951649.65,891.61,,-2.3207925200356216,895.5175000000002,942.323
1068,2008-02-28,TCS,885.0,890.0,872.0,880.9,877.55,1394751,1226374814.9,879.28,,0.3817446299356188,895.8749999999998,939.451
1069,2008-02-29,TCS,880.0,891.7,863.5,877.4,880.9,854120,750683929.35,878.9,,-0.3973209217845385,893.2700000000001,936.0920000000001
1070,2008-03-03,TCS,866.0,868.7,840.0,848.6,877.4,785332,669562447.6,852.59,,-3.2824253476179575,886.9174999999999,930.87
1071,2008-03-04,TCS,858.0,870.0,847.1,858.8,848.6,752633,643924334.65,855.56,,1.2019797313221696,882.1050000000001,926.04
1072,2008-03-05,TCS,845.0,882.8,845.0,875.3,858.8,552337,482567456.25,873.68,,1.9212855146716348,880.5649999999999,921.331
1073,2008-03-07,TCS,862.6,866.1,842.25,846.15,875.3,499207,424819660.2,850.99,,-3.330286758825543,878.9199999999998,916.0390000000001
1074,2008-03-10,TCS,846.15,854.0,830.0,833.65,846.15,623542,523844727.6,840.11,,-1.4772794421792828,875.6825000000001,911.0690000000001
1075,2008-03-11,TCS,840.0,840.0,820.0,823.5,833.65,1010880,833659445.1,824.69,,-1.2175373358123887,871.5525,905.9910000000001
1076,2008-03-12,TCS,839.0,850.0,810.25,823.55,823.5,471103,389741805.6,827.3,,0.006071645415902188,869.4975000000001,901.3709999999999
1077,2008-03-13,TCS,815.0,815.0,761.0,779.7,823.55,852150,674137035.75,791.1,,-5.324509744399236,865.0350000000001,895.965
1078,2008-03-14,TCS,780.0,812.9,750.0,803.85,779.7,554014,435600663.6,786.26,,3.0973451327433597,861.5375,891.821
1079,2008-03-17,TCS,775.0,797.7,768.75,791.85,803.85,489726,382649457.7,781.35,,-1.4928158238477327,857.4949999999999,887.554
1080,2008-03-18,TCS,790.0,828.8,770.0,817.7,791.85,899020,731663962.15,813.85,,3.2645071667613843,855.72,884.396
1081,2008-03-19,TCS,828.0,840.0,805.55,811.45,817.7,1090481,898884358.05,824.3,,-0.7643389996331172,852.5199999999999,880.868
1029,2008-03-24,TCS,811.45,837.5,811.45,823.7,811.45,825496,681533249.7,825.6,,1.5096432312526957,849.4,877.4159999999999
1030,2008-03-25,TCS,840.0,899.85,835.0,876.5,823.7,732224,640700783.1,875.01,,6.410100764841562,847.4925,875.313
1031,2008-03-26,TCS,940.0,940.0,851.55,878.35,876.5,542942,476218350.25,877.11,,0.21106674272675674,846.3825,873.085
1032,2008-03-27,TCS,872.0,876.0,841.1,852.5,878.35,1537788,1320528039.8,858.72,,-2.943018159048218,843.97,870.9119999999999
1033,2008-03-28,TCS,853.0,874.7,852.0,871.05,852.5,908424,786267622.65,865.53,,2.1759530791788806,842.6025,869.533
1034,2008-03-31,TCS,871.05,871.05,797.0,810.45,871.05,1012965,831426137.35,820.78,,-6.957120716376776,839.2475000000001,866.8429999999998
1035,2008-04-01,TCS,820.0,852.9,810.0,832.35,810.45,521682,435007774.05,833.86,,2.702202480103643,836.82,865.0360000000001
1036,2008-04-02,TCS,850.0,869.0,849.25,851.25,832.35,357211,304985213.6,853.8,,2.270679401693996,835.5125,863.9970000000001
1037,2008-04-03,TCS,850.0,892.0,850.0,885.4,851.25,821793,721672496.3,878.17,,4.01174743024963,837.3525,865.084
1038,2008-04-04,TCS,886.0,889.9,860.05,872.9,885.4,505211,440404376.7,871.72,,-1.41179128077705,838.0575000000001,866.577
1039,2008-04-07,TCS,895.0,920.1,878.2,904.1,872.9,914882,830953759.0,908.26,,3.574292587925312,839.4975000000001,867.22
1040,2008-04-08,TCS,905.0,907.0,875.0,887.35,904.1,1013838,897995393.1,885.74,,-1.852671164694171,841.5575000000001,868.1020000000001
1041,2008-04-09,TCS,880.0,892.0,869.0,876.25,887.35,370650,325176965.3,877.32,,-1.2509156477151093,843.6875,867.935
1042,2008-04-10,TCS,880.0,919.65,877.0,899.55,876.25,731483,659561793.6,901.68,,2.65905848787446,847.49,868.84
1043,2008-04-11,TCS,903.05,925.0,893.25,908.0,899.55,547316,500092014.1,913.72,,0.9393585681729804,851.7125,869.646
1044,2008-04-15,TCS,922.0,985.0,880.4,974.15,908.0,1425943,1376327517.85,965.21,,7.285242290748896,861.4350000000001,871.732
1045,2008-04-16,TCS,985.0,1002.0,962.0,971.9,974.15,1609692,1584532376.4,984.37,,-0.2309705897449058,869.8375,873.695
1046,2008-04-17,TCS,999.7,1010.0,979.55,1000.9,971.9,999889,997069690.45,997.18,,2.983846074699043,880.29,875.123
1047,2008-04-21,TCS,1009.0,1035.0,986.6,993.4,1000.9,849824,854914582.75,1005.99,,-0.7493256069537417,889.075,875.4779999999998
1048,2008-04-22,TCS,984.95,984.95,882.0,887.2,993.4,3446299,3120225281.9,905.38,,-10.690557680692564,892.8625,874.1210000000001
1049,2008-04-23,TCS,887.0,905.7,880.05,889.15,887.2,1581539,1414593994.7,894.44,,0.2197926059512998,896.135,873.7820000000002
1050,2008-04-24,TCS,904.0,904.9,864.0,890.75,889.15,3822524,3370403399.2,881.72,,0.1799471405274726,896.8475000000001,874.0160000000001
1051,2008-04-25,TCS,912.0,912.0,885.0,889.3,890.75,1707142,1527400349.6,894.71,,-0.1627841706427219,897.3949999999999,873.834
1052,2008-04-28,TCS,809.0,896.0,720.0,881.7,889.3,1649534,1455926029.95,882.63,,-0.8546047453052862,898.8549999999999,873.346
1053,2008-04-29,TCS,882.05,930.0,870.15,910.55,881.7,4052462,3667330756.4,904.96,,3.2720880117953848,900.8299999999999,874.2639999999999
1054,2008-04-30,TCS,916.1,935.75,906.5,921.0,910.55,2371995,2189260149.4,922.96,,1.1476580088957273,906.3574999999998,875.305
1002,2008-04-30,TCS,916.1,935.75,906.5,921.0,910.55,2371995,2189260149.4,922.96,,1.1476580088957273,910.79,876.2489999999999
1003,2008-05-02,TCS,925.0,962.0,924.0,943.75,921.0,1324695,1251476326.7,944.73,,2.47014115092291,915.415,877.67
1004,2008-05-05,TCS,945.0,949.5,921.15,927.45,943.75,903441,842780957.05,932.86,,-1.72715231788079,917.5174999999999,879.155
1005,2008-05-06,TCS,910.0,950.0,872.6,937.05,927.45,995699,921312985.35,925.29,,1.0350962316027719,920.725,880.387
1006,2008-05-07,TCS,950.0,979.9,950.0,966.75,937.05,3146385,3037492931.45,965.39,,3.169521370257729,923.8574999999998,882.0
1007,2008-05-08,TCS,964.9,965.0,918.0,947.0,966.75,2711458,2530606267.9,933.3,,-2.04292733385053,926.8399999999999,882.6469999999999
1008,2008-05-09,TCS,959.0,959.0,910.0,917.0,947.0,1123074,1040424787.65,926.41,,-3.167898627243928,928.8774999999999,882.9759999999999
1009,2008-05-12,TCS,917.0,934.85,910.3,926.9,917.0,974627,901253928.2,924.72,,1.0796074154852757,930.2450000000001,883.4989999999999
1010,2008-05-13,TCS,930.0,941.4,889.0,905.05,926.9,1115719,1030140417.5,923.3,,-2.3573200992555856,930.0975000000001,883.6320000000001
1011,2008-05-14,TCS,905.0,978.95,891.15,971.15,905.05,2343297,2231193164.25,952.16,,7.303463897022267,929.9475,885.5039999999999
1012,2008-05-15,TCS,973.0,1002.0,960.1,984.75,971.15,1794474,1767953862.0,985.22,,1.4004015857488568,930.5900000000001,887.5809999999999
1013,2008-05-16,TCS,994.0,994.0,968.5,981.05,984.75,959662,942436207.05,982.05,,-0.3757298806803804,929.5975000000001,889.654
1014,2008-05-20,TCS,975.0,990.0,947.25,956.1,981.05,1236726,1185835055.4,958.85,,-2.5431935171499855,927.7324999999998,891.804
1015,2008-05-21,TCS,928.0,968.0,915.0,965.1,956.1,785046,752184068.65,958.14,,0.9413241292751805,931.6275000000002,893.93
1016,2008-05-22,TCS,956.5,985.5,951.0,961.15,965.1,1361300,1325862493.4,973.97,,-0.40928401201948456,935.2275,895.6469999999999
1017,2008-05-23,TCS,974.9,979.7,926.1,932.4,961.15,1350346,1279578509.55,947.59,,-2.991208448213078,937.3100000000001,897.372
1018,2008-05-26,TCS,920.0,962.9,916.0,955.45,932.4,1364318,1297080141.3,950.72,,2.4721149721149795,940.6175000000001,899.8079999999999
1019,2008-05-27,TCS,980.0,994.0,946.0,968.9,955.45,1420518,1370248413.55,964.61,,1.4077136427861145,944.9775,902.7159999999999
1020,2008-05-28,TCS,970.1,1015.25,970.1,1009.45,968.9,1367397,1359954065.2,994.56,,4.185158427082265,949.9225,906.4340000000001
1021,2008-05-29,TCS,1009.0,1028.35,984.0,994.65,1009.45,2064735,2076271465.9,1005.59,,-1.4661449304076544,953.6050000000001,910.7329999999998
1022,2008-05-30,TCS,991.0,1049.0,978.0,1039.15,994.65,3871321,3972411888.8,1026.11,,4.473935555220441,959.5125,915.439
1023,2008-06-02,TCS,1015.0,1057.4,965.0,983.85,1039.15,1763691,1792202211.9,1016.17,,-5.321657123610649,961.5175000000002,919.279
1024,2008-06-03,TCS,960.0,990.0,938.15,975.15,983.85,1225064,1186159649.5,968.24,,-0.8842811404177512,963.9024999999999,922.428
1025,2008-06-04,TCS,989.8,989.8,946.35,956.75,975.15,946964,909825000.1,960.78,,-1.8868891965338646,964.8875,925.334
1026,2008-06-05,TCS,964.1,996.8,964.0,981.85,956.75,1476314,1443984731.95,978.1,,2.623464854977792,965.6425000000002,928.497
1027,2008-06-06,TCS,990.0,998.65,957.8,966.2,981.85,1034446,1017995430.15,984.1,,-1.5939298263482178,966.6025,930.291
972,2008-06-09,TCS,902.25,964.9,890.0,914.1,966.2,1535035,1425862924.9,928.88,,-5.392258331608365,966.4575000000001,931.0060000000001
1028,2008-06-09,TCS,902.25,964.9,890.0,914.1,966.2,1535035,1425862924.9,928.88,,-5.392258331608365,965.8174999999999,932.238
973,2008-06-10,TCS,910.0,919.0,867.0,879.0,914.1,1538843,1356958525.1,881.8,,-3.839842468001315,964.515,932.3969999999999
974,2008-06-11,TCS,890.0,910.0,880.0,890.35,879.0,1028342,919278317.3,893.94,,1.2912400455062596,960.475,933.995
975,2008-06-12,TCS,894.0,902.4,857.0,888.25,890.35,616001,543500265.0,882.3,,-0.23586230134217137,955.65,935.1129999999998
976,2008-06-13,TCS,880.0,921.9,880.0,909.6,888.25,1683108,1529394903.7,908.67,,2.403602589361106,952.0775,936.28
977,2008-06-16,TCS,919.0,928.0,903.25,910.8,909.6,1635446,1499119780.85,916.64,,0.13192612137202414,949.8125,936.788
978,2008-06-17,TCS,905.0,927.0,905.0,921.3,910.8,876206,807457338.25,921.54,,1.152832674571805,947.6224999999998,937.7560000000001
979,2008-06-18,TCS,920.8,921.0,891.0,900.9,921.3,1607834,1452706743.9,903.52,,-2.2142624552263084,944.61,937.6920000000001
980,2008-06-19,TCS,880.25,898.0,880.0,888.0,900.9,822267,730632543.15,888.56,,-1.4319014319014294,942.39,937.705
981,2008-06-20,TCS,899.9,899.9,841.55,863.85,888.0,2039440,1755964814.75,861.0,,-2.719594594594592,937.8099999999998,937.457
982,2008-06-23,TCS,863.85,879.45,843.0,858.45,863.85,893078,767911856.6,859.85,,-0.6251085257857241,932.2875,936.635
983,2008-06-24,TCS,850.0,867.7,823.4,844.4,858.45,2321794,1956638015.6,842.73,,-1.6366707437824064,924.0350000000001,935.363
984,2008-06-25,TCS,840.0,885.0,831.3,876.8,844.4,1478549,1277696544.9,864.16,,3.8370440549502582,918.1424999999999,933.416
985,2008-06-26,TCS,884.0,898.0,860.4,881.35,876.8,1757079,1533869704.05,872.97,,0.5189324817518326,910.2524999999999,931.605
986,2008-06-27,TCS,881.35,881.35,851.15,865.5,881.35,1565237,1351539762.2,863.47,,-1.7983774890792559,904.3349999999998,928.8969999999999
987,2008-06-30,TCS,871.0,878.0,850.0,858.2,865.5,814511,704704868.5,865.19,,-0.8434430964760202,898.4875,926.193
988,2008-07-01,TCS,865.0,872.0,835.05,847.7,858.2,1264904,1079503966.3,853.43,,-1.223491027732463,893.0350000000001,925.403
989,2008-07-02,TCS,850.0,888.0,840.0,876.5,847.7,2035278,1747881318.6,858.79,,3.397428335496042,887.7674999999999,925.15
990,2008-07-03,TCS,881.0,881.0,820.55,856.65,876.5,1043132,879482980.25,843.12,,-2.2646891043924726,882.2900000000002,924.4679999999998
991,2008-07-04,TCS,869.9,870.05,835.5,844.5,856.65,984896,837595741.9,850.44,,-1.41831553143057,878.8100000000001,923.572
992,2008-07-07,TCS,845.0,864.0,832.0,852.25,844.5,448533,384101977.4,856.35,,0.9177027827116636,875.7175000000001,922.9829999999998
993,2008-07-08,TCS,830.15,845.0,818.0,830.2,852.25,986906,815954658.9,826.78,,-2.5872689938398303,873.2775000000001,921.3760000000001
994,2008-07-09,TCS,850.0,889.95,850.0,876.75,830.2,894637,772838242.4,863.86,,5.6070826306913935,872.5974999999999,920.4910000000001
995,2008-07-10,TCS,870.0,889.0,852.35,868.4,876.75,876092,756865357.45,863.91,,-0.9523809523809549,871.6049999999999,919.4390000000001
996,2008-07-11,TCS,917.0,943.0,785.4,798.6,868.4,1380946,1132369251.8,820.0,,-8.037770612620907,866.055,916.5360000000001
997,2008-07-14,TCS,800.0,800.0,761.0,767.85,798.6,1139974,885915642.6,777.14,,-3.850488354620586,858.9075,913.3439999999999
998,2008-07-15,TCS,767.85,786.45,737.15,750.65,767.85,1127461,861237130.85,763.87,,-2.2400208374031445,850.375,909.6160000000001
999,2008-07-16,TCS,754.65,773.65,715.9,728.1,750.65,1434975,1057878130.2,737.21,,-3.00406314527409,841.735,904.8430000000001
1000,2008-07-17,TCS,735.0,786.9,730.05,783.25,728.1,2587679,1994959771.35,770.95,,7.574508996017028,836.4975000000001,901.568
1001,2008-07-18,TCS,780.0,802.0,749.0,793.85,783.25,2084874,1608801399.65,771.65,,1.3533354612192814,832.9975000000001,899.105
944,2008-07-21,TCS,799.0,815.0,783.0,812.8,793.85,895517,719671862.2,803.64,,2.387100837689731,830.7149999999999,896.823
945,2008-07-22,TCS,816.0,843.95,806.05,831.85,812.8,1060291,878230806.55,828.29,,2.343750000000009,830.0875,895.3589999999999
946,2008-07-23,TCS,830.0,870.0,818.9,860.55,831.85,1492855,1256256456.55,841.51,,3.4501412514275325,829.275,893.1470000000002
947,2008-07-24,TCS,874.5,874.5,792.35,802.55,860.55,2935584,2362874237.55,804.91,,-6.7398756609145325,825.335,889.503
948,2008-07-25,TCS,799.2,849.5,782.0,799.2,802.55,2210634,1768698428.6,800.09,,-0.41741947542208074,822.0200000000001,885.8660000000001
949,2008-07-28,TCS,800.0,816.95,785.0,806.25,799.2,492343,397857994.65,808.09,,0.8821321321321265,819.4225,882.8690000000001
950,2008-07-29,TCS,806.7,813.8,792.0,808.95,806.25,618048,496098874.75,802.69,,0.3348837209302382,817.485,879.7460000000001
951,2008-07-30,TCS,846.0,846.0,800.0,838.95,808.95,1105019,907930441.45,821.64,,3.7085110328203226,815.6075,877.302
952,2008-07-31,TCS,840.0,842.0,821.5,833.75,838.95,1298895,1078172279.65,830.07,,-0.6198223970439293,814.4625,875.329
953,2008-08-01,TCS,825.0,856.95,811.25,840.65,833.75,1002931,840927154.3,838.47,,0.8275862068965489,814.2700000000001,873.033
954,2008-08-04,TCS,815.0,840.0,811.0,815.35,840.65,1309732,1073022449.55,819.27,,-3.0095759233926076,812.425,869.962
955,2008-08-05,TCS,815.4,835.0,805.25,829.7,815.35,1192050,978808220.0,821.11,,1.7599803765254212,812.4,866.367
956,2008-08-06,TCS,839.9,869.95,836.4,860.55,829.7,1252483,1070045643.15,854.34,,3.7182114017114505,811.5899999999999,863.685
957,2008-08-07,TCS,859.0,869.9,845.0,853.35,860.55,768080,660623742.25,860.1,,-0.8366742199755891,810.8375,859.969
958,2008-08-08,TCS,844.95,857.0,833.4,845.1,853.35,521668,439968669.75,843.39,,-0.9667779926173317,813.1625,857.1940000000001
959,2008-08-11,TCS,852.0,857.8,824.5,833.95,845.1,851275,710130904.7,834.2,,-1.3193704886995594,816.4675,854.37
960,2008-08-12,TCS,835.0,843.7,815.0,819.25,833.95,830876,686881889.15,826.7,,-1.7626956052521188,819.8975,851.62
961,2008-08-13,TCS,800.0,837.7,800.0,828.3,819.25,924492,759549427.25,821.59,,1.1046689044858047,824.9075,848.5490000000001
962,2008-08-14,TCS,829.0,844.65,811.0,833.2,828.3,935377,780003537.1,833.89,,0.5915731015332719,827.405,845.8889999999999
963,2008-08-18,TCS,840.0,852.4,835.0,841.55,833.2,489162,413346429.1,845.01,,1.0021603456552939,829.79,844.438
964,2008-08-19,TCS,844.5,851.0,835.1,841.25,841.55,488325,411976772.7,843.65,,-0.03564850573346261,831.2125,842.9810000000001
965,2008-08-20,TCS,842.7,849.0,835.0,841.6,841.25,281814,237015150.95,841.03,,0.04160475482912603,831.7,842.2330000000001
966,2008-08-21,TCS,836.0,842.0,815.2,817.85,841.6,494129,405917285.05,821.48,,-2.8220057034220534,829.5649999999999,840.783
967,2008-08-22,TCS,819.0,824.75,803.5,819.0,817.85,661321,538103149.5,813.68,,0.1406125817692703,830.3875,839.398
968,2008-08-25,TCS,824.0,835.0,816.0,818.2,819.0,235561,193751998.25,822.51,,-0.09768009768009213,831.3375,837.57
969,2008-08-26,TCS,809.95,836.95,809.95,834.05,818.2,551251,457746591.7,830.38,,1.9371791737961268,832.7275,836.035
970,2008-08-27,TCS,820.1,836.0,813.1,818.45,834.05,532947,439258747.4,824.21,,-1.8703914633415155,833.2025,833.9780000000001
917,2008-08-28,TCS,820.0,824.25,782.65,792.35,818.45,1645172,1319310853.15,801.93,,-3.1889547315046762,830.8725000000001,831.807
971,2008-08-28,TCS,820.0,824.25,782.65,792.35,818.45,1645172,1319310853.15,801.93,,-3.1889547315046762,828.8025,829.8939999999999
918,2008-08-29,TCS,800.0,819.95,800.0,812.2,792.35,499625,405171666.45,810.95,,2.505206032687578,827.3799999999999,828.8609999999999
919,2008-09-01,TCS,815.0,820.0,807.0,814.95,812.2,381858,310337329.25,812.7,,0.33858655503570545,827.36,827.9910000000001
920,2008-09-02,TCS,814.95,853.0,814.95,848.8,814.95,661962,552178710.9,834.15,,4.15362905699735,828.3149999999999,828.079
921,2008-09-04,TCS,845.0,854.8,832.35,844.2,848.8,615419,519728864.35,844.51,,-0.5419415645617235,827.4975000000001,827.427
922,2008-09-05,TCS,850.0,850.0,825.0,838.4,844.2,611342,513346110.0,839.7,,-0.6870409855484563,826.75,826.568
923,2008-09-08,TCS,860.0,874.4,842.0,856.7,838.4,1292608,1105210729.4,855.02,,2.182729007633596,827.3299999999999,826.3919999999999
924,2008-09-09,TCS,855.0,871.7,840.0,864.8,856.7,703832,604475143.35,858.83,,0.9454885023928923,828.8725000000001,826.5240000000001
925,2008-09-10,TCS,861.15,870.2,848.1,850.9,864.8,765864,658574008.45,859.91,,-1.607308048103605,830.4549999999999,826.5879999999999
926,2008-09-11,TCS,850.9,868.0,829.0,836.7,850.9,477244,400531206.75,839.26,,-1.6688212480902491,830.875,825.7919999999999
927,2008-09-12,TCS,865.0,865.0,800.95,810.55,836.7,893491,731508876.05,818.71,,-3.1253734910959827,829.7425,824.87
928,2008-09-15,TCS,780.0,799.0,745.0,762.8,810.55,2137737,1618921201.35,757.31,,-5.891061624822651,825.805,823.2360000000001
929,2008-09-16,TCS,749.5,751.0,725.0,748.85,762.8,1268091,941681740.6,742.6,,-1.8287886733088534,821.1850000000001,821.168
930,2008-09-17,TCS,748.0,764.65,728.0,730.1,748.85,1050217,777987926.2,740.79,,-2.503839220137544,815.61,819.1659999999999
931,2008-09-18,TCS,728.0,749.0,671.0,721.15,730.1,1589276,1139083619.7,716.73,,-1.2258594713053068,810.775,816.054
932,2008-09-19,TCS,779.7,779.7,730.1,766.85,721.15,2386092,1814647913.4,760.51,,6.337100464535818,808.1675,814.0229999999999
933,2008-09-22,TCS,868.0,868.0,753.0,766.8,766.85,1118236,854508599.95,764.16,,-0.006520179956975707,805.5975000000001,813.387
934,2008-09-23,TCS,715.35,767.7,715.35,721.0,766.8,741530,547409217.7,738.22,,-5.972874282733432,799.9449999999999,812.45
935,2008-09-24,TCS,724.55,748.0,690.3,713.05,721.0,1845181,1314556489.85,712.43,,-1.1026352288488275,794.675,811.698
936,2008-09-25,TCS,713.1,719.85,671.05,688.4,713.05,3780658,2620555048.55,693.15,,-3.456980576397164,789.4775,810.904
937,2008-09-26,TCS,700.0,700.0,666.2,676.2,688.4,1054311,710535684.8,673.93,,-1.7722254503195718,783.67,808.763
938,2008-09-29,TCS,678.8,678.8,612.0,620.0,676.2,1394659,891134595.15,638.96,,-8.311150547175398,774.06,805.2860000000001
939,2008-09-30,TCS,592.0,676.7,590.0,665.6,620.0,2097843,1365092999.15,650.71,,7.3548387096774235,766.5925,802.342
940,2008-10-01,TCS,669.6,684.9,645.35,671.75,665.6,1504479,1005135577.55,668.1,,0.923978365384612,757.74,799.14
941,2008-10-03,TCS,664.95,664.95,642.35,657.5,671.75,1043101,681675891.1,653.51,,-2.1213248976553776,748.405,795.079
942,2008-10-06,TCS,651.25,651.25,600.0,619.0,657.5,1470746,903011037.05,613.98,,-5.855513307984791,737.4350000000001,791.408
943,2008-10-07,TCS,631.15,665.0,566.0,575.9,619.0,2221151,1325067248.9,596.57,,-6.962843295638129,723.395,786.942
891,2008-10-07,TCS,631.15,665.0,566.0,575.9,619.0,2221151,1325067248.9,596.57,,-6.962843295638129,708.95,782.335
892,2008-10-08,TCS,555.0,562.95,508.0,546.6,575.9,2075345,1104451423.1,532.18,,-5.087688834867157,693.7349999999999,777.0880000000001
893,2008-10-10,TCS,540.0,550.0,480.4,524.8,546.6,3435519,1785193596.45,519.63,,-3.988291255031114,678.14,770.805
894,2008-10-13,TCS,527.95,602.9,524.8,572.85,524.8,3466506,1967550537.65,567.59,,9.155868902439037,666.2549999999999,765.5870000000001
895,2008-10-14,TCS,599.0,619.4,581.35,592.7,572.85,1856156,1121393420.95,604.15,,3.465130487911324,657.75,760.628
896,2008-10-15,TCS,585.0,588.65,535.3,543.1,592.7,1327188,750159912.15,565.23,,-8.368483212417752,647.4625,755.183
897,2008-10-16,TCS,525.0,528.7,467.9,495.0,543.1,2007950,993073521.15,494.57,,-8.856564168661391,635.7075,748.4889999999999
898,2008-10-17,TCS,500.0,529.0,445.0,453.85,495.0,2435885,1192766231.8,489.66,,-8.313131313131308,622.3425,740.355
899,2008-10-20,TCS,496.65,505.0,455.25,491.35,453.85,3103265,1496628799.95,482.28,,8.262641842018288,608.5674999999999,733.115
900,2008-10-21,TCS,538.4,567.9,493.35,559.1,491.35,2951225,1567736472.35,531.22,,13.78854177266714,598.1825,727.395
901,2008-10-22,TCS,555.0,555.0,511.1,546.65,559.1,1505167,806391372.6,535.75,,-2.2267930602754507,589.4649999999999,721.6490000000001
902,2008-10-23,TCS,524.65,588.0,501.25,547.3,546.65,2625254,1446025412.0,550.81,,0.11890606420927052,581.1775,716.21
903,2008-10-24,TCS,503.7,536.4,440.0,498.85,547.3,2119984,1093543753.95,515.83,,-8.852548876301833,571.7,709.6209999999999
904,2008-10-27,TCS,481.0,518.0,415.35,496.75,498.85,2243144,1027921420.55,458.25,,-0.4209682269219249,562.7275000000001,702.8919999999999
905,2008-10-28,TCS,511.1,549.9,510.0,540.25,496.75,166428,89162248.3,535.74,,8.75691997986915,558.74,696.8659999999999
906,2008-10-29,TCS,562.0,575.0,530.25,540.8,540.25,2738893,1509455270.65,551.12,,0.10180472003701148,552.5,690.857
907,2008-10-31,TCS,569.0,595.0,529.75,537.5,540.8,2593995,1470026640.2,566.7,,-0.6102071005917077,545.7875,684.775
908,2008-11-03,TCS,559.95,583.0,527.05,547.4,537.5,1883005,1030496905.15,547.26,,1.8418604651162747,540.2825,679.3660000000001
909,2008-11-04,TCS,596.6,596.6,490.0,508.5,547.4,2355635,1209852386.35,513.6,,-7.106320789185236,534.7574999999999,673.1560000000001
910,2008-11-05,TCS,515.0,548.9,500.0,506.4,508.5,2308291,1217954369.6,527.64,,-0.41297935103245287,531.2825,666.92
911,2008-11-06,TCS,528.5,528.5,482.1,500.2,506.4,1965479,992657035.5,505.05,,-1.2243285939968382,527.4975000000001,660.243
912,2008-11-07,TCS,500.0,535.0,485.75,525.15,500.2,1469430,756476684.65,514.81,,4.988004798080765,526.425,654.3770000000001
913,2008-11-10,TCS,549.9,552.5,515.05,546.45,525.15,1024754,544989580.35,531.82,,4.055984004570136,527.5075,649.459
914,2008-11-11,TCS,542.0,547.75,520.0,528.85,546.45,1624694,867541224.5,533.97,,-3.220788727239458,525.3075000000001,644.189
915,2008-11-12,TCS,528.85,554.45,515.05,534.9,528.85,1935511,1042637439.65,538.69,,1.1439916800605001,522.4175,638.6429999999999
916,2008-11-14,TCS,545.0,548.5,523.5,530.85,534.9,1654366,880527667.05,532.24,,-0.75715086932136,521.8050000000001,632.961
864,2008-11-17,TCS,529.0,537.0,505.5,519.0,530.85,2022743,1050225520.55,519.21,,-2.2322690025430956,523.005,626.365
865,2008-11-18,TCS,520.0,520.0,480.0,483.15,519.0,2438788,1207982482.55,495.32,,-6.9075144508670565,524.47,619.1439999999999
866,2008-11-19,TCS,490.0,496.0,471.7,482.65,483.15,2043772,985859543.95,482.37,,-0.1034875297526648,524.0350000000001,612.029
867,2008-11-20,TCS,480.0,480.0,460.0,469.25,482.65,1254112,583341209.9,465.14,,-2.7763389619807266,519.5425,604.28
868,2008-11-21,TCS,469.7,517.0,460.0,506.45,469.25,1711423,854007669.35,499.0,,7.927543953116673,517.5325,597.113
869,2008-11-24,TCS,504.0,531.65,490.25,519.9,506.45,2092639,1087099544.7,519.49,,2.655740941850131,516.1625,590.4929999999999
870,2008-11-25,TCS,519.1,539.95,500.05,504.0,519.9,1443505,745307662.2,516.32,,-3.05828043854587,516.42,583.8389999999999
871,2008-11-26,TCS,503.25,530.0,497.15,527.45,504.0,1533889,785918415.35,512.37,,4.652777777777787,517.9549999999999,578.177
872,2008-11-28,TCS,518.0,568.0,518.0,559.4,527.45,3034516,1673233440.95,551.4,,6.057446203431591,518.9125,574.109
873,2008-12-01,TCS,559.4,593.75,556.35,564.15,559.4,2989676,1725293482.4,577.08,,0.8491240614944584,520.08,570.415
874,2008-12-02,TCS,570.0,570.0,523.05,532.85,564.15,1664702,894804953.35,537.52,,-5.54816981299299,519.8475000000001,566.47
875,2008-12-03,TCS,536.35,551.7,521.6,534.8,532.85,2499498,1334389509.2,533.86,,0.3659566482124297,519.2175,562.743
876,2008-12-04,TCS,535.0,553.7,503.35,549.4,534.8,2064127,1126543064.45,545.77,,2.7299925205684414,521.2625,558.394
877,2008-12-05,TCS,538.4,545.3,518.25,521.8,549.4,1776362,937462748.35,527.74,,-5.023662176920281,522.0325,553.494
878,2008-12-08,TCS,535.0,546.25,512.4,522.25,521.8,1905351,1018503430.2,534.55,,0.08623993867383012,523.135,549.519
879,2008-12-10,TCS,549.8,556.8,529.5,541.05,522.25,2022095,1095521119.1,541.78,,3.599808520823352,523.9300000000001,546.0790000000001
880,2008-12-11,TCS,549.7,549.7,502.0,507.65,541.05,1825063,941978289.7,516.13,,-6.173181776175951,521.99,542.464
881,2008-12-12,TCS,509.95,509.95,475.25,481.3,507.65,1780259,860430403.15,483.32,,-5.1905840638234935,519.6125,538.566
882,2008-12-15,TCS,502.0,502.0,467.25,469.65,481.3,1499429,725788812.5,484.04,,-2.4205277373779417,516.35,535.559
883,2008-12-16,TCS,470.0,484.9,465.0,479.35,469.65,1461967,700370072.0,479.06,,2.065367827105301,513.7749999999999,531.8340000000001
884,2008-12-17,TCS,485.35,492.0,472.0,477.3,479.35,1619017,782799480.2,483.5,,-0.42766245958068455,511.68999999999994,527.945
885,2008-12-18,TCS,474.9,514.1,472.0,510.5,477.3,1430984,712552401.55,497.95,,6.9557930023046275,513.0575,525.005
886,2008-12-19,TCS,503.0,534.0,494.1,513.55,510.5,1235997,625822197.0,506.33,,0.5974534769833407,514.6025,522.896
887,2008-12-22,TCS,519.5,519.5,503.4,510.55,513.55,1026713,524784803.8,511.13,,-0.5841690195696512,516.6675,521.5889999999999
888,2008-12-23,TCS,495.2,511.6,492.25,500.6,510.55,891780,447580831.85,501.9,,-1.948878660268336,516.3749999999999,520.0830000000001
889,2008-12-24,TCS,496.7,504.75,472.25,478.15,500.6,2287109,1110284849.3,485.45,,-4.484618457850588,514.2875,518.7139999999999
890,2008-12-26,TCS,465.2,495.0,465.2,471.65,478.15,788641,374368573.6,474.7,,-1.3594060441284117,512.67,517.651
860,2008-12-26,TCS,465.2,495.0,465.2,471.65,478.15,788641,374368573.6,474.7,,-1.3594060441284117,509.88,515.6270000000001
861,2008-12-29,TCS,476.0,479.5,460.0,476.8,471.65,1218902,572987319.65,470.08,,1.0919113749602531,505.7499999999999,513.309
862,2008-12-30,TCS,485.0,493.5,470.0,482.55,476.8,880632,420211721.3,477.17,,1.2059563758389262,501.66999999999996,512.0980000000001
863,2008-12-31,TCS,492.3,492.3,472.25,477.9,482.55,635924,304509725.65,478.85,,-0.9636307118433394,498.92249999999996,511.7560000000001
1332,2009-01-01,TCS,480.0,498.85,477.15,496.85,477.9,609108,297049937.6,487.68,,3.965264699727986,497.025,512.616
1333,2009-01-02,TCS,497.05,508.7,494.15,498.3,496.85,1343935,673568356.7,501.19,,0.2918385830733599,494.46999999999997,512.755
1334,2009-01-05,TCS,502.0,523.0,498.0,515.25,498.3,1207444,614785550.05,509.16,,3.401565322095121,494.1424999999999,511.87799999999993
1335,2009-01-06,TCS,515.0,522.0,498.25,506.4,515.25,1479748,752049966.7,508.23,,-1.7176128093158705,493.3499999999999,511.07300000000004
1336,2009-01-07,TCS,519.0,519.8,464.6,504.8,506.4,2253457,1119395908.55,496.75,,-0.3159557661927263,491.5375,510.223
1337,2009-01-09,TCS,499.9,549.8,485.0,536.95,504.8,3554995,1895396053.05,533.16,,6.368858954041211,493.00249999999994,510.985
1338,2009-01-12,TCS,511.65,530.0,505.1,512.55,536.95,1898854,974804437.1,513.36,,-4.544184747183181,494.56500000000005,511.301
1339,2009-01-13,TCS,499.6,537.0,488.2,525.65,512.55,3339952,1744677537.95,522.37,,2.555848209930743,497.36499999999995,511.009
1340,2009-01-14,TCS,528.0,557.6,528.0,538.95,525.65,1489726,812749463.9,545.57,,2.5302007038904346,500.3450000000001,510.972
1341,2009-01-15,TCS,520.0,523.0,498.35,510.45,538.95,1792881,915237426.25,510.48,,-5.288060116893971,502.00249999999994,510.431
1342,2009-01-16,TCS,508.7,519.0,486.5,503.0,510.45,2447519,1232425889.05,503.54,,-1.4594965226760679,501.62749999999994,509.54299999999995
1343,2009-01-19,TCS,517.9,517.9,487.3,500.75,503.0,1717094,850897921.8,495.55,,-0.44731610337972166,500.9875,509.388
1344,2009-01-20,TCS,494.7,507.9,490.0,496.45,500.75,1158799,579959756.6,500.48,,-0.8587119321018496,500.28249999999997,509.189
1345,2009-01-21,TCS,491.0,501.0,485.0,492.3,496.45,917465,454077257.1,494.93,,-0.8359351394903772,499.8675,509.031
1346,2009-01-22,TCS,495.0,504.05,483.15,496.6,492.3,1212034,600334911.65,495.31,,0.8734511476741847,500.78999999999996,508.46
1347,2009-01-23,TCS,490.1,498.9,483.3,486.15,496.6,757805,369833239.7,488.03,,-2.104309303262192,501.515,507.254
1348,2009-01-27,TCS,491.0,515.0,491.0,499.1,486.15,1310989,660563414.4,503.87,,2.663786897048246,502.8875,506.659
1349,2009-01-28,TCS,475.2,510.0,475.2,507.45,499.1,1197349,604242965.45,504.65,,1.6730114205569957,504.4200000000001,506.11
1350,2009-01-29,TCS,512.05,518.0,496.1,509.4,507.45,2504259,1270057522.55,507.16,,0.3842743127401692,505.7625,505.681
1351,2009-01-30,TCS,505.0,515.0,498.3,511.6,509.4,2176881,1101946180.8,506.2,,0.4318806438947871,507.44750000000005,505.53299999999996
1352,2009-02-02,TCS,508.8,508.8,487.15,491.3,511.6,808673,399789369.95,494.38,,-3.9679437060203306,507.16999999999996,505.6960000000001
1353,2009-02-03,TCS,493.0,509.8,493.0,499.85,491.3,952140,477459536.8,501.46,,1.7402808874414841,507.24750000000006,506.04
1354,2009-02-04,TCS,503.0,512.9,493.0,498.65,499.85,621189,313887818.8,505.3,,-0.24007202160649102,506.4175,506.62800000000004
1355,2009-02-05,TCS,500.0,502.6,478.25,482.9,498.65,1085387,527249235.25,485.77,,-3.158528025669307,505.2425,506.157
1356,2009-02-06,TCS,490.0,507.9,487.0,502.8,482.9,1710097,857585365.4,501.48,,4.120936011596611,505.14250000000004,505.815
1357,2009-02-09,TCS,500.0,523.65,496.65,515.0,502.8,1148806,581662615.95,506.32,,2.4264120922832118,504.0450000000001,506.035
1358,2009-02-10,TCS,517.0,528.0,511.0,524.6,515.0,1697693,880975297.9,518.92,,1.864077669902917,504.64750000000004,505.978
1306,2009-02-10,TCS,517.0,528.0,511.0,524.6,515.0,1697693,880975297.9,518.92,,1.864077669902917,504.59499999999997,505.282
1307,2009-02-11,TCS,518.0,523.0,512.0,514.75,524.6,1125683,580069558.9,515.3,,-1.8776210446054178,503.38499999999993,504.29400000000004
1308,2009-02-12,TCS,512.0,515.7,504.1,509.9,514.75,711093,362267076.9,509.45,,-0.942204953861102,503.3575000000001,503.835
1309,2009-02-13,TCS,510.0,520.0,507.0,511.2,509.9,814302,417102853.5,512.22,,0.2549519513630146,503.76750000000004,503.36300000000006
1310,2009-02-16,TCS,507.6,514.95,498.0,500.75,511.2,625499,315671633.5,504.67,,-2.044209702660405,503.76750000000004,502.39
1311,2009-02-17,TCS,496.0,499.8,480.0,485.25,500.75,737597,358494636.3,486.03,,-3.09535696455317,503.2075,501.659
1312,2009-02-18,TCS,481.35,490.9,477.0,480.75,485.25,657353,318474491.15,484.48,,-0.9273570324574961,502.63,500.829
1313,2009-02-19,TCS,482.0,492.8,479.0,489.5,480.75,869268,422045267.4,485.52,,1.8200728029121163,502.275,499.798
1314,2009-02-20,TCS,486.5,487.5,464.3,474.05,489.5,1192847,564856131.3,473.54,,-3.1562819203268617,501.6700000000001,499.126
1315,2009-02-24,TCS,470.0,475.7,460.5,468.9,474.05,1123883,526677536.4,468.62,,-1.0863832929015997,500.16,498.87799999999993
1316,2009-02-25,TCS,470.0,484.8,470.0,480.75,468.9,1379482,657955423.25,476.96,,2.527191298784394,498.825,499.1
1317,2009-02-26,TCS,481.0,490.6,477.0,482.2,480.75,2202072,1064607679.8,483.46,,0.30161206448257694,497.465,499.157
1318,2009-02-27,TCS,482.0,489.0,455.25,483.1,482.2,1687537,790491405.6,468.43,,0.18664454583161222,496.03999999999996,499.273
1319,2009-03-02,TCS,474.1,482.0,454.8,459.85,483.1,997236,463359352.4,464.64,,-4.81266818464086,494.46750000000003,498.26
1320,2009-03-03,TCS,452.0,466.0,439.35,446.2,459.85,890224,402982334.2,452.68,,-2.9683592475807403,491.785,496.913
1321,2009-03-04,TCS,448.0,464.45,446.2,460.55,446.2,814575,371695838.75,456.31,,3.2160466158673295,489.88,495.913
1322,2009-03-05,TCS,464.95,470.9,458.0,463.2,460.55,1071124,498077624.05,465.0,,0.5753989794810503,488.8950000000001,495.165
1323,2009-03-06,TCS,460.0,484.85,457.65,481.7,463.2,1451401,687236365.65,473.5,,3.9939550949913647,487.84,495.23600000000005
1324,2009-03-09,TCS,471.1,480.0,459.0,463.0,481.7,1133796,526619107.35,464.47,,-3.882084284824577,485.23999999999995,495.06300000000005
1325,2009-03-12,TCS,461.65,485.0,461.65,477.4,463.0,2154364,1021873905.5,474.33,,3.110151187904963,482.88,495.17799999999994
1326,2009-03-13,TCS,473.35,510.0,473.35,506.85,477.4,2549925,1263723142.75,495.59,,6.168831168831178,481.9925,495.779
1327,2009-03-16,TCS,510.0,522.8,502.4,519.8,506.85,1168224,597437442.15,511.41,,2.5549965473019496,482.24500000000006,496.524
1328,2009-03-17,TCS,515.0,518.0,493.05,497.55,519.8,1736543,871737738.4,502.0,,-4.280492497114264,481.62749999999994,496.917
1329,2009-03-18,TCS,500.0,514.5,500.0,505.15,497.55,1603450,817145397.15,509.62,,1.5274846749070377,481.325,497.083
1330,2009-03-19,TCS,505.5,518.0,501.6,514.95,505.15,1845646,948220575.15,513.76,,1.9400178164901651,482.035,497.416
1331,2009-03-20,TCS,528.9,528.9,505.5,509.8,514.95,1034845,528576869.45,510.78,,-1.0000970968055216,483.2625,497.307
1282,2009-03-23,TCS,524.5,529.6,511.0,519.65,509.8,1146828,598437982.9,521.82,,1.9321302471557407,485.2075,497.57199999999995
1283,2009-03-24,TCS,522.2,532.5,512.2,521.65,519.65,1670386,878808361.9,526.11,,0.384874434715674,486.81500000000005,497.909
1284,2009-03-25,TCS,503.65,529.9,503.65,526.0,521.65,957904,502855916.0,524.95,,0.8338924566280117,489.4125,497.69
1285,2009-03-26,TCS,512.65,577.95,512.65,558.45,526.0,3807582,2105726278.5,553.04,,6.169201520912556,493.89,498.608
1286,2009-03-27,TCS,536.65,585.0,536.65,574.85,558.45,1769856,989933429.95,559.33,,2.9366997940728763,498.59499999999997,499.592
1287,2009-03-30,TCS,533.75,570.0,518.0,523.25,574.85,1287047,686608295.3,533.48,,-8.976254675132648,500.64750000000004,499.278
1288,2009-03-31,TCS,525.0,543.9,525.0,538.55,523.25,1194418,639560277.3,535.46,,2.9240324892498717,503.41999999999996,499.84
1289,2009-04-01,TCS,536.0,553.8,520.5,544.5,538.55,1681142,906757161.15,539.37,,1.1048184941045485,507.6525,500.67
1290,2009-04-02,TCS,545.65,587.0,545.65,578.75,544.5,2125941,1226256558.15,576.81,,6.290174471992654,514.28,502.23
1291,2009-04-06,TCS,584.8,594.0,575.7,579.55,578.75,1353645,789123800.0,582.96,,0.13822894168465735,520.23,503.892
1292,2009-04-08,TCS,585.1,613.7,561.0,604.15,579.55,2548378,1485536133.15,582.93,,4.244672590803213,527.2775,506.129
1293,2009-04-09,TCS,612.0,619.9,594.25,602.55,604.15,1646681,997645261.15,605.85,,-0.26483489199702437,533.3199999999999,508.24799999999993
1294,2009-04-13,TCS,604.5,609.0,575.2,592.25,602.55,1030252,608577844.55,590.71,,-1.709401709401702,539.7825,510.37
1295,2009-04-15,TCS,551.55,581.8,550.05,577.7,592.25,2441809,1393033938.1,570.49,,-2.4567327986492113,544.7975,511.94199999999995
1296,2009-04-16,TCS,580.0,589.0,567.2,572.05,577.7,2217241,1278146686.75,576.46,,-0.9780162714211684,548.0575,513.234
1297,2009-04-17,TCS,576.8,599.5,565.1,573.1,572.05,1666006,972424660.95,583.69,,0.18355038895202663,550.7225,514.508
1298,2009-04-20,TCS,552.75,581.8,552.75,561.4,573.1,1332550,755101399.95,566.66,,-2.0415285290525294,553.915,515.504
1299,2009-04-21,TCS,579.6,588.5,545.0,550.75,561.4,2872245,1607162489.4,559.55,,-1.8970431065194118,556.1949999999999,516.693
1300,2009-04-22,TCS,560.0,564.6,537.15,542.95,550.75,1646231,901930882.85,547.88,,-1.4162505674080716,557.595,517.555
1301,2009-04-23,TCS,549.5,572.85,545.2,568.1,542.95,1843428,1032176287.0,559.92,,4.632102403536233,560.51,518.944
1302,2009-04-24,TCS,559.95,587.0,559.95,583.9,568.1,1344381,774211837.25,575.89,,2.781200492870965,563.7225000000001,520.964
1303,2009-04-27,TCS,583.85,608.8,572.5,601.9,583.9,2035281,1208559961.8,593.8,,3.082719643774619,567.7349999999999,522.946
1304,2009-04-28,TCS,599.1,607.85,576.35,598.5,601.9,2097173,1255179773.75,598.51,,-0.5648778866921378,571.3599999999999,524.6160000000001
1305,2009-04-29,TCS,602.0,629.0,602.0,623.6,598.5,2632823,1623017086.45,616.46,,4.193817878028408,574.6175000000001,526.596
1254,2009-05-04,TCS,631.0,699.6,630.15,666.4,623.6,2785734,1874255394.2,672.8,,6.8633739576651625,579.1949999999999,529.432
1255,2009-05-05,TCS,669.0,674.95,636.1,651.0,666.4,2205579,1433851807.05,650.1,,-2.310924369747896,585.5825,532.157
1256,2009-05-06,TCS,638.25,649.7,615.0,635.35,651.0,13130524,8126728010.4,618.92,,-2.4039938556067555,590.4225,534.6659999999999
1257,2009-05-07,TCS,636.0,645.0,619.3,631.7,635.35,1934716,1221329641.15,631.27,,-0.5744865035020033,594.7825,537.076
1258,2009-05-08,TCS,628.0,642.0,618.5,630.95,631.7,2250438,1417966504.05,630.08,,-0.11872724394491055,597.3925,539.68
1259,2009-05-11,TCS,638.5,639.65,609.0,615.25,630.95,1324653,825392049.7,623.1,,-2.488311276646334,599.1775,542.28
1260,2009-05-12,TCS,610.0,645.8,610.0,641.1,615.25,2371863,1485529655.0,626.31,,4.201544087769203,601.025,545.487
1261,2009-05-13,TCS,642.0,644.9,615.0,621.7,641.1,1831200,1151243276.35,628.68,,-3.0260489783185114,601.9825000000001,548.131
1262,2009-05-14,TCS,618.0,627.0,605.3,619.8,621.7,2360794,1462325695.5,619.42,,-0.3056136400193165,603.36,551.0459999999999
1263,2009-05-15,TCS,624.0,654.85,624.0,644.05,619.8,2735618,1761611094.7,643.95,,3.9125524362697646,606.6775,554.549
1264,2009-05-18,TCS,766.6,791.6,695.0,743.85,644.05,18345,13702367.1,746.93,,15.495691328313029,615.2675,559.811
1265,2009-05-19,TCS,750.0,750.0,655.6,669.75,743.85,3253894,2220894775.65,682.53,,-9.961685823754792,620.1,563.562
1266,2009-05-20,TCS,670.0,701.95,663.0,676.65,669.75,2126916,1452705322.55,683.01,,1.030235162374017,625.8625,567.433
1267,2009-05-21,TCS,670.0,685.0,644.0,647.45,676.65,1114831,742233707.15,665.78,,-4.31537722604004,630.6975,571.185
1268,2009-05-22,TCS,630.0,645.0,630.0,634.05,647.45,1465364,931595997.75,635.74,,-2.069657888640063,635.2524999999999,574.942
1269,2009-05-25,TCS,636.0,644.0,622.65,631.35,634.05,1418411,897423216.6,632.7,,-0.4258339247693292,638.415,578.3580000000001
1270,2009-05-26,TCS,634.95,639.65,620.5,624.45,631.35,1514725,954743122.15,630.31,,-1.0928961748633843,640.4425,581.583
1271,2009-05-27,TCS,630.8,652.0,630.8,648.55,624.45,2305717,1478877166.1,641.4,,3.8593962687164556,642.775,584.92
1272,2009-05-28,TCS,623.4,673.9,623.4,663.2,648.55,4215919,2786284090.85,660.9,,2.258885205458344,646.01,588.924
1273,2009-05-29,TCS,668.75,710.0,652.65,704.6,663.2,3467806,2405335754.25,693.62,,6.242460796139924,650.0600000000001,593.4680000000001
1274,2009-06-01,TCS,673.35,709.85,673.35,697.65,704.6,1976451,1379487221.25,697.96,,-0.9863752483678746,651.6225000000001,597.284
1275,2009-06-02,TCS,700.0,710.0,690.0,694.75,697.65,1029543,720634010.2,699.96,,-0.4156812155092063,653.8100000000001,600.7829999999999
1276,2009-06-03,TCS,690.0,704.75,683.1,696.85,694.75,978736,678215042.3,692.95,,0.302267002518895,656.885,604.769
1277,2009-06-04,TCS,687.0,709.0,686.35,707.2,696.85,1755176,1233078835.1,702.54,,1.4852550764153005,660.66,608.81
1278,2009-06-05,TCS,709.0,728.7,696.35,721.35,707.2,3305033,2354785773.5,712.48,,2.0008484162895894,665.1800000000001,612.938
1279,2009-06-08,TCS,724.7,749.75,720.0,742.1,721.35,2316956,1698202803.3,732.95,,2.8765509114854093,671.5225,617.584
1280,2009-06-09,TCS,731.1,795.0,731.1,782.15,742.1,2422677,1868678184.4,771.33,,5.396846786147414,678.575,622.8340000000001
1281,2009-06-10,TCS,785.0,805.0,767.25,781.8,782.15,2345949,1848217222.35,787.83,,-0.04474844978584961,686.5799999999999,628.0369999999999
1225,2009-06-10,TCS,785.0,805.0,767.25,781.8,782.15,2345949,1848217222.35,787.83,,-0.04474844978584961,694.6800000000001,633.1529999999999
1226,2009-06-11,TCS,788.0,792.45,770.0,775.1,781.8,970800,755420272.15,778.14,,-0.856996674341255,701.2325000000001,637.486
1227,2009-06-12,TCS,785.0,794.8,761.2,764.55,775.1,1589665,1234678284.4,776.69,,-1.361114694878089,702.2675,641.28
1228,2009-06-15,TCS,764.7,785.0,755.0,778.0,764.55,1648967,1276457665.1,774.1,,1.7592047609705115,707.6800000000001,646.375
1229,2009-06-16,TCS,383.3,393.5,371.2,389.15,778.0,2172003,838024110.2,385.83,,-49.98071979434447,693.3050000000001,643.3870000000001
1230,2009-06-17,TCS,392.0,395.0,375.0,378.75,389.15,1870784,713290509.4,381.28,,-2.672491327251697,679.87,640.072
1231,2009-06-18,TCS,378.0,393.0,372.05,376.4,378.75,2376554,906019850.75,381.23,,-0.6204620462046265,666.9875,636.025
1232,2009-06-19,TCS,377.0,392.0,375.0,379.8,376.4,3863866,1483178471.65,383.86,,0.9032943676939517,654.4100000000001,632.03
1233,2009-06-22,TCS,384.4,387.8,368.0,369.65,379.8,2053104,775545725.3,377.74,,-2.672459189046876,641.67,627.34
1234,2009-06-23,TCS,360.0,377.75,358.0,366.65,369.65,2567847,945989019.25,368.4,,-0.8115785202218315,627.575,622.6220000000001
1235,2009-06-24,TCS,372.95,388.5,360.2,381.75,366.65,3651977,1368370894.65,374.69,,4.118369016773496,613.5024999999999,618.412
1236,2009-06-25,TCS,382.0,392.0,370.3,380.5,381.75,4847331,1859861089.1,383.69,,-0.3274394237066143,597.2974999999999,614.4680000000001
1237,2009-06-26,TCS,382.5,404.4,376.55,397.4,380.5,3049850,1185391807.2,388.67,,4.441524310118259,582.285,610.975
1238,2009-06-29,TCS,399.85,402.0,383.35,386.2,397.4,2372603,927059145.9,390.74,,-2.818319073980873,566.8575,607.237
1239,2009-06-30,TCS,387.5,398.0,383.15,389.85,386.2,2961974,1160398024.45,391.77,,0.9451061626100555,551.5074999999999,603.806
1240,2009-07-01,TCS,387.1,395.0,382.45,392.95,389.85,1842369,718139964.55,389.79,,0.7951776324227179,535.795,600.65
1241,2009-07-02,TCS,390.0,395.3,381.2,390.0,392.95,1857714,718637468.3,386.84,,-0.750731645247484,519.2275,597.591
1242,2009-07-03,TCS,385.0,392.4,385.0,390.95,390.0,1459922,568130312.3,389.15,,0.2435897435897407,501.66999999999996,594.048
1243,2009-07-06,TCS,397.0,398.45,378.35,380.7,390.95,2244458,864849945.05,385.33,,-2.6218186468857914,481.5975,589.984
1244,2009-07-07,TCS,384.0,393.25,380.0,389.15,380.7,1902284,735494819.65,386.64,,2.219595482006827,461.96500000000003,585.7289999999999
1245,2009-07-08,TCS,388.7,388.9,368.25,381.15,389.15,3347383,1265716815.0,378.12,,-2.0557625594243865,441.9325,581.382
1246,2009-07-09,TCS,382.1,391.1,371.0,388.15,381.15,1982404,763079930.35,384.93,,1.8365472910927458,422.58500000000004,576.673
1247,2009-07-10,TCS,391.0,401.45,390.0,395.15,388.15,3734374,1482984198.65,397.12,,1.8034265103697025,404.115,571.2479999999999
1248,2009-07-13,TCS,390.0,401.0,388.25,397.5,395.15,2559916,1013786242.8,396.02,,0.5947108692901487,385.09000000000003,566.178
1249,2009-07-14,TCS,405.0,411.1,400.4,406.95,397.5,2232068,906840734.3,406.28,,2.377358490566035,385.98,561.61
1250,2009-07-15,TCS,410.9,427.3,410.0,423.15,406.95,2235047,930374956.9,416.27,,3.9808330261702887,388.2,557.439
1251,2009-07-16,TCS,428.0,434.8,413.2,419.8,423.15,3798438,1591887556.5,419.09,,-0.7916814368427191,390.37,553.216
1252,2009-07-17,TCS,421.4,445.75,421.0,434.1,419.8,4547478,1980438639.85,435.5,,3.406383992377325,393.085,549.593
1253,2009-07-20,TCS,445.0,514.9,445.0,500.55,434.1,17269768,8555175101.75,495.38,,15.307532826537662,399.63,546.7819999999999
1195,2009-07-20,TCS,445.0,514.9,445.0,500.55,434.1,17269768,8555175101.75,495.38,,15.307532826537662,406.325,544.359
1196,2009-07-21,TCS,503.0,513.15,474.05,477.6,500.55,6502910,3150220165.3,484.43,,-4.584956547797421,411.1175,541.515
1197,2009-07-22,TCS,483.7,485.0,452.3,466.3,477.6,5337345,2512243899.2,470.69,,-2.36599664991625,415.40749999999997,537.96
1198,2009-07-23,TCS,471.0,482.9,470.0,475.65,466.3,3831339,1825976718.3,476.59,,2.0051469011366,419.32,532.596
1199,2009-07-24,TCS,490.0,490.0,476.0,482.0,475.65,3954661,1900716873.55,480.63,,1.3350152423000152,424.11,528.841
1200,2009-07-27,TCS,482.0,488.95,477.1,480.3,482.0,2326169,1123904043.3,483.16,,-0.3526970954356823,428.6325,524.914
1201,2009-07-28,TCS,484.35,484.95,471.3,480.65,480.3,3167492,1514912149.55,478.27,,0.07287112221527502,433.01750000000004,521.578
1202,2009-07-29,TCS,480.0,504.7,475.0,499.8,480.65,5536075,2719711998.0,491.27,,3.984188078643511,438.5075,518.893
1203,2009-07-30,TCS,505.25,545.0,490.25,533.1,499.8,7836241,4097940854.1,522.95,,6.662665066026413,445.61500000000007,516.928
1204,2009-07-31,TCS,539.0,540.0,521.4,525.95,533.1,2817483,1499581385.55,532.24,,-1.341211780153813,452.87749999999994,514.9580000000001
1205,2009-08-03,TCS,530.0,534.85,521.1,531.65,525.95,1760274,930662524.25,528.7,,1.0837532084798804,460.00250000000005,512.62
1206,2009-08-04,TCS,520.5,541.2,520.5,530.15,531.65,2740646,1459380559.1,532.5,,-0.28214050597197404,467.45250000000004,509.959
1207,2009-08-05,TCS,529.5,536.95,507.55,529.0,530.15,3212005,1701536671.25,529.74,,-0.21691973969630807,474.495,506.44699999999995
1208,2009-08-06,TCS,529.0,534.4,514.2,517.4,529.0,2089374,1100709674.9,526.81,,-2.1928166351606846,480.60749999999996,502.84200000000004
1209,2009-08-07,TCS,516.6,521.95,506.1,509.1,517.4,2276333,1168213094.85,513.2,,-1.6041747197526004,486.1875,499.129
1210,2009-08-10,TCS,515.15,551.75,514.0,539.05,509.1,5311988,2854288625.65,537.33,,5.882930661952451,492.7925,495.97299999999996
1211,2009-08-11,TCS,537.5,558.0,534.1,541.9,539.05,4421740,2419440836.25,547.17,,0.5287079120675305,498.7299999999999,492.667
1212,2009-08-12,TCS,535.0,536.0,511.0,519.65,541.9,5663268,2950892928.85,521.06,,-4.105923602140617,503.7225,488.63300000000004
1213,2009-08-13,TCS,534.4,534.4,519.6,526.75,519.65,5016964,2641594730.05,526.53,,1.3663042432406471,508.355,484.3260000000001
1214,2009-08-14,TCS,530.0,530.0,518.0,521.5,526.75,2575907,1344805522.95,522.07,,-0.9966777408637874,509.40250000000003,479.11300000000006
1215,2009-08-17,TCS,516.8,517.5,505.25,510.15,521.5,2981410,1520478481.25,509.99,,-2.176414189837013,509.8825,473.68
1216,2009-08-18,TCS,505.0,514.85,499.5,508.85,510.15,4074922,2065113729.75,506.79,,-0.2548270116632274,511.44500000000005,468.22100000000006
1217,2009-08-19,TCS,512.8,514.7,494.0,498.05,508.85,2801685,1403311945.0,500.88,,-2.1224329370148394,513.0325,462.68
1218,2009-08-20,TCS,504.9,508.4,498.1,501.0,498.05,1830480,919506934.25,502.33,,0.5923100090352351,514.3,457.409
1219,2009-08-21,TCS,502.0,512.5,495.0,509.25,501.0,3464511,1751670726.05,505.6,,1.6467065868263475,515.6625,452.034
1220,2009-08-24,TCS,515.95,525.85,513.55,521.55,509.25,2103602,1093646928.1,519.89,,2.415316642120757,517.725,454.68199999999996
1221,2009-08-25,TCS,518.0,531.0,514.1,528.3,521.55,2764649,1449397672.9,524.26,,1.2942191544434858,520.1075,457.67299999999994
1222,2009-08-26,TCS,526.7,555.0,526.55,548.5,528.3,4426312,2424946796.35,547.85,,3.8235850842324526,522.5425,461.115
1223,2009-08-27,TCS,550.0,566.0,541.0,547.75,548.5,5115464,2811423385.05,549.59,,-0.13673655423883319,523.275,464.474
1224,2009-08-28,TCS,545.75,550.0,531.1,540.8,547.75,2281568,1227936214.35,538.2,,-1.26882701962575,524.0175,467.897
1169,2009-08-31,TCS,531.0,533.8,521.3,527.05,540.8,3585176,1886648312.95,526.24,,-2.5425295857988166,523.7875,471.105
1170,2009-09-01,TCS,535.0,536.35,519.1,526.9,527.05,4931097,2596093718.0,526.47,,-0.028460297884446883,523.625,474.008
1171,2009-09-02,TCS,521.0,542.9,521.0,534.6,526.9,4080709,2187812837.35,536.14,,1.4613778705636828,523.905,477.09
1172,2009-09-03,TCS,539.9,544.4,530.45,533.65,534.6,3898372,2095310803.2,537.48,,-0.17770295548074175,524.7175,479.815
1173,2009-09-04,TCS,540.0,544.0,527.2,531.9,533.65,3131723,1665601594.7,531.85,,-0.32793029138948754,525.8575,482.72900000000004
1174,2009-09-07,TCS,535.8,553.55,533.6,550.95,531.9,2962860,1617906165.35,546.06,,3.581500282007909,526.4525,485.9510000000001
1175,2009-09-08,TCS,551.9,570.5,549.65,554.65,550.95,4946021,2772465349.7,560.54,,0.6715672928577786,527.09,489.185
1176,2009-09-09,TCS,556.0,564.8,543.15,560.45,554.65,3766093,2083148450.75,553.13,,1.0457044983322938,529.1299999999999,492.594
1177,2009-09-10,TCS,564.0,569.0,552.05,556.55,560.45,2449457,1373745855.25,560.84,,-0.6958693906682292,530.62,495.906
1178,2009-09-11,TCS,561.0,569.0,555.5,560.35,556.55,4565148,2561571419.75,561.11,,0.68277782768845,532.5625,499.49899999999997
1179,2009-09-14,TCS,533.65,563.9,533.65,559.1,560.35,1600486,890499210.9,556.39,,-0.223074863924333,535.01,502.898
1180,2009-09-15,TCS,564.0,575.7,562.0,571.9,559.1,2154093,1228113788.45,570.13,,2.2893936683956277,538.1625,506.713
1181,2009-09-16,TCS,579.0,579.95,565.2,570.5,571.9,2908261,1659180451.8,570.51,,-0.2447980416156631,541.7850000000001,510.36
1182,2009-09-17,TCS,575.0,588.0,573.0,582.95,570.5,2641610,1535957262.15,581.45,,2.182296231375994,545.8824999999999,514.116
1183,2009-09-18,TCS,585.0,590.0,579.0,584.0,582.95,1962674,1147139735.05,584.48,,0.18011836349600385,549.62,517.846
1184,2009-09-22,TCS,589.95,606.0,582.25,602.65,584.0,1881640,1122462737.1,596.53,,3.193493150684928,553.675,521.76
1185,2009-09-23,TCS,608.0,611.65,587.25,590.9,602.65,2261205,1351260436.65,597.58,,-1.9497220608977017,556.805,525.115
1186,2009-09-24,TCS,588.0,609.3,582.0,602.55,590.9,3401674,2027574601.3,596.05,,1.9715687933660482,559.5074999999999,528.77
1187,2009-09-25,TCS,555.0,598.0,555.0,587.4,602.55,1534103,903933643.4,589.23,,-2.514314164799598,561.49,531.836
1188,2009-09-29,TCS,594.95,614.45,591.0,610.4,587.4,3573062,2172823429.45,608.11,,3.915560095335376,564.97,534.033
1189,2009-09-30,TCS,614.95,622.8,612.2,621.0,610.4,2186712,1351221595.05,617.92,,1.7365661861074744,569.6674999999999,536.442
1190,2009-10-01,TCS,618.0,649.9,615.05,629.85,621.0,2843472,1799998574.0,633.03,,1.4251207729468636,574.8149999999999,539.487
1191,2009-10-05,TCS,618.7,639.0,611.0,615.3,629.85,3129798,1947867515.55,622.36,,-2.310073827101702,578.85,542.467
1192,2009-10-06,TCS,624.95,628.4,605.0,614.2,615.3,3724027,2298748570.2,617.27,,-0.17877458150494216,582.8774999999999,545.2379999999999
1193,2009-10-07,TCS,618.9,618.9,588.65,591.7,614.2,5037986,2996965239.6,594.87,,-3.6633018560729402,585.8675000000001,547.432
1142,2009-10-08,TCS,595.0,598.75,568.5,571.4,591.7,5081086,2925449145.6,575.75,,-3.4307926314010593,586.8900000000001,549.254
1194,2009-10-08,TCS,595.0,598.75,568.5,571.4,591.7,5081086,2925449145.6,575.75,,-3.4307926314010593,587.7275,551.069
1143,2009-10-09,TCS,575.05,590.4,556.65,561.75,571.4,5016239,2863559847.05,570.86,,-1.6888344417220824,587.7925,552.308
1144,2009-10-12,TCS,567.0,584.25,563.55,579.85,561.75,2587110,1493047647.4,577.11,,3.2220738762794876,588.9575,553.243
1145,2009-10-14,TCS,584.95,598.0,580.7,592.95,579.85,1989790,1177052119.6,591.55,,2.259204966801763,590.5875,554.5830000000001
1146,2009-10-15,TCS,594.0,597.9,575.0,581.8,592.95,2116190,1228218070.5,580.39,,-1.8804283666413846,591.7225000000001,555.586
1147,2009-10-16,TCS,566.0,604.4,566.0,598.3,581.8,3594971,2135658354.95,594.07,,2.8360261258164323,593.0424999999999,556.9490000000001
1148,2009-10-17,TCS,648.7,648.7,605.0,608.8,598.3,1158132,705452285.9,609.13,,1.7549724218619425,594.9575,558.545
1149,2009-10-20,TCS,614.0,625.8,612.05,621.05,608.8,3920292,2430188424.55,619.9,,2.01215505913272,596.8625,560.6179999999999
1150,2009-10-21,TCS,620.0,639.4,618.0,632.8,621.05,2865819,1816233264.35,633.76,,1.8919571693100397,599.3025,563.092
1151,2009-10-22,TCS,632.0,643.95,615.35,625.85,632.8,2146462,1355827902.0,631.66,,-1.0982932996207224,600.4625,564.828
1152,2009-10-23,TCS,630.1,645.9,629.6,639.8,625.85,3747230,2390614167.25,637.97,,2.228968602700317,602.9075,566.786
1153,2009-10-26,TCS,643.0,657.65,635.0,644.55,639.8,2035873,1320630256.8,648.68,,0.742419506095655,605.0074999999999,569.284
1154,2009-10-27,TCS,657.9,657.9,634.55,642.75,644.55,1970440,1272493846.95,645.79,,-0.2792646032115359,607.775,571.6039999999999
1155,2009-10-28,TCS,642.4,648.9,635.0,642.85,642.75,1791157,1150199232.45,642.15,,0.015558148580322478,609.3975,574.031
1156,2009-10-29,TCS,636.0,645.5,631.2,634.05,642.85,2441356,1553524717.2,636.34,,-1.3689040989344432,610.05,576.509
1157,2009-10-30,TCS,642.0,648.75,620.0,628.3,634.05,1438062,910393847.15,633.07,,-0.906868543490261,609.9725000000001,578.8979999999999
1158,2009-11-03,TCS,636.0,636.0,601.0,606.05,628.3,1384144,852190397.15,615.68,,-3.5413019258316094,609.51,581.058
1159,2009-11-04,TCS,611.1,628.0,610.0,625.7,606.05,2277899,1422097802.8,624.3,,3.2423067403679715,610.085,583.552
1160,2009-11-05,TCS,630.0,630.0,605.6,624.5,625.7,1365651,842067294.9,616.61,,-0.19178520057536286,611.725,585.857
1161,2009-11-06,TCS,620.0,634.95,613.65,622.15,624.5,2089742,1304065939.1,624.03,,-0.3763010408326698,614.2625,587.869
1162,2009-11-09,TCS,625.0,628.0,615.0,622.75,622.15,1716043,1063028063.05,619.46,,0.09643976532990801,616.83,589.758
1163,2009-11-10,TCS,626.0,629.0,620.0,626.65,622.75,2305203,1440262199.4,624.79,,0.626254516258527,620.075,591.321
1164,2009-11-11,TCS,627.05,647.0,618.5,645.25,626.65,2024706,1294365286.4,639.29,,2.968164046916145,623.345,593.271
1165,2009-11-12,TCS,645.0,661.5,643.55,655.35,645.25,2363883,1548927025.15,655.25,,1.5652847733436688,626.465,595.562
1166,2009-11-13,TCS,654.95,674.9,647.55,670.15,655.35,2298948,1533115171.85,666.88,,2.2583352407110633,630.8824999999999,598.424
1167,2009-11-16,TCS,670.0,677.0,660.0,665.75,670.15,1761904,1171976012.1,665.18,,-0.6565694247556484,634.255,601.201
1114,2009-11-17,TCS,668.0,692.9,659.3,690.45,665.75,2672165,1823795577.75,682.52,,3.710101389410446,638.3375,604.318
1168,2009-11-17,TCS,668.0,692.9,659.3,690.45,665.75,2672165,1823795577.75,682.52,,3.710101389410446,641.8075,607.4540000000001
1115,2009-11-18,TCS,691.0,705.7,683.5,686.9,690.45,2791457,1940608602.8,695.2,,-0.5141574335578345,644.5125,610.554
1116,2009-11-19,TCS,689.9,692.4,669.5,679.9,686.9,1732332,1180860349.05,681.66,,-1.0190711894016597,647.2149999999999,613.133
1117,2009-11-20,TCS,678.0,696.0,670.1,693.15,679.9,1400387,955210276.25,682.1,,1.9488160023532874,649.8824999999999,615.903
1118,2009-11-23,TCS,695.0,700.0,686.0,694.1,693.15,1271737,881492772.7,693.14,,0.13705547139869373,652.36,618.576
1119,2009-11-24,TCS,704.0,704.0,682.0,699.05,694.1,1360936,944413896.25,693.94,,0.7131537242472168,655.175,621.4259999999999
1120,2009-11-25,TCS,699.05,711.65,692.0,702.8,699.05,1946627,1369675919.0,703.61,,0.5364423145697733,658.1724999999999,624.275
1121,2009-11-26,TCS,704.95,707.35,685.0,687.9,702.8,2204559,1537710866.6,697.51,,-2.120091064314169,660.865,626.851
1122,2009-11-27,TCS,676.55,686.4,655.0,670.45,687.9,1884529,1259839323.85,668.52,,-2.5367059165576293,662.9725000000001,628.822
1123,2009-11-30,TCS,674.0,692.95,674.0,688.4,670.45,1941444,1329469012.15,684.78,,2.6773062868222732,667.0899999999999,631.18
1124,2009-12-01,TCS,703.4,703.4,680.25,685.75,688.4,1614982,1108719389.65,686.52,,-0.3849506101103976,670.0925,633.236
1125,2009-12-02,TCS,694.95,694.95,677.05,684.3,685.75,1080977,737701074.4,682.44,,-0.21144732045206643,673.0825,635.2420000000001
1126,2009-12-03,TCS,687.75,695.9,679.25,690.05,684.3,1489353,1027069181.65,689.61,,0.8402747333041064,676.4775,636.99
1127,2009-12-04,TCS,681.0,701.0,681.0,695.2,690.05,1966704,1367184785.25,695.17,,0.7463227302369525,680.1,639.076
1128,2009-12-07,TCS,698.0,705.9,695.0,699.4,695.2,1103826,772860577.0,700.17,,0.6041426927502779,683.7375,641.0129999999999
1129,2009-12-08,TCS,699.85,700.85,690.25,698.3,699.4,2113086,1470968825.85,696.12,,-0.15727766657135012,686.39,643.231
1130,2009-12-09,TCS,698.0,710.9,693.2,706.7,698.3,2354424,1662500402.15,706.12,,1.2029213804955021,688.9575,645.1569999999999
1131,2009-12-10,TCS,705.0,710.0,701.95,705.65,706.7,829742,585233825.3,705.32,,-0.1485778972690064,690.7325,646.85
1132,2009-12-11,TCS,707.15,714.4,700.0,706.1,705.65,1344156,950594993.8,707.21,,0.06377099128463763,692.75,648.375
1133,2009-12-14,TCS,701.0,711.95,700.85,705.1,706.1,1504421,1064229928.6,707.4,,-0.141622999575131,693.4825,650.171
1134,2009-12-15,TCS,708.0,712.0,697.2,700.95,705.1,1043576,736800026.6,706.03,,-0.5885689973053435,694.0074999999999,651.906
1135,2009-12-16,TCS,701.7,717.75,695.0,713.15,700.95,1782689,1262671875.75,708.3,,1.7404950424423897,695.3199999999999,654.335
1136,2009-12-17,TCS,718.0,728.0,715.0,722.75,713.15,1891151,1368385494.75,723.57,,1.3461403631774553,697.4625,657.362
1137,2009-12-18,TCS,722.75,731.5,719.55,727.5,722.75,1397645,1016537933.2,727.32,,0.6572120373573158,699.18,660.4839999999999
1138,2009-12-21,TCS,730.1,749.0,726.5,734.05,727.5,4663497,3447439396.35,739.24,,0.9003436426116775,701.1775,663.93
1139,2009-12-22,TCS,740.0,742.5,719.2,724.05,734.05,1594571,1159575358.3,727.2,,-1.3623050200939992,702.4275,666.814
1140,2009-12-23,TCS,728.45,749.5,725.55,746.55,724.05,2235343,1652953695.0,739.46,,3.107520198881293,704.615,669.8860000000001
1141,2009-12-24,TCS,750.0,757.0,741.05,749.3,746.55,1528843,1147921291.7,750.84,,0.36836112785479874,707.6850000000001,673.2359999999999
1111,2009-12-29,TCS,750.0,751.8,736.65,741.4,749.3,1128139,836779797.0,741.73,,-1.0543173628720108,711.2325,676.0980000000001
1112,2009-12-30,TCS,742.0,748.75,715.25,742.75,741.4,736055,548307871.2,744.93,,0.1820879417318617,713.95,678.7769999999999
1113,2009-12-31,TCS,746.25,755.0,743.8,750.25,742.75,1426731,1070114991.0,750.05,,1.0097610232245036,717.175,681.3609999999999
1589,2010-01-04,TCS,754.8,758.9,749.05,751.65,750.25,981841,739655531.35,753.34,,0.1866044651782709,720.5424999999999,683.738
1590,2010-01-05,TCS,755.0,759.55,746.55,751.85,751.65,1007244,756969381.7,751.53,,0.026608128783349363,723.6324999999999,686.258
1591,2010-01-06,TCS,751.85,752.2,733.0,734.85,751.85,1674588,1236423767.8,738.35,,-2.2610893130278646,725.615,688.159
1592,2010-01-07,TCS,735.5,739.4,711.0,714.4,734.85,3237446,2323274542.95,717.63,,-2.78288086003947,726.365,689.5559999999999
1593,2010-01-08,TCS,716.0,718.5,696.5,699.8,714.4,3024089,2131007862.2,704.68,,-2.0436730123180324,726.4399999999999,690.697
1594,2010-01-11,TCS,704.0,720.1,700.4,714.2,699.8,2159204,1532223874.75,709.62,,2.0577307802229337,726.8149999999999,692.1239999999999
1595,2010-01-12,TCS,732.0,754.0,727.0,750.05,714.2,4513845,3358845930.2,744.12,,5.019602352282261,729.0350000000001,694.4440000000001
1596,2010-01-13,TCS,745.0,796.4,744.65,788.55,750.05,5455136,4226821098.7,774.83,,5.132991133924405,733.1575,697.6489999999999
1597,2010-01-14,TCS,798.45,798.45,769.35,779.85,788.55,5163807,4030540161.95,780.54,,-1.1032908502948364,736.895,701.125
1598,2010-01-15,TCS,796.0,799.6,772.25,791.4,779.85,3972504,3141278026.25,790.76,,1.4810540488555433,741.4175,704.439
1599,2010-01-18,TCS,800.0,829.0,793.0,802.2,791.4,3630542,2913486456.9,802.49,,1.3646702047005392,745.8700000000001,707.993
1600,2010-01-19,TCS,802.2,802.2,778.65,780.7,802.2,2577425,2027855856.95,786.78,,-2.6801296434804285,748.7675,711.164
1601,2010-01-20,TCS,792.2,792.2,770.9,779.4,780.7,2173527,1689569382.35,777.34,,-0.16651722812861125,751.3625,714.297
1602,2010-01-21,TCS,772.25,791.95,767.9,770.65,779.4,2544752,1987082650.6,780.86,,-1.1226584552219656,753.1924999999999,717.177
1603,2010-01-22,TCS,761.0,765.0,744.7,757.85,770.65,3787495,2862010289.4,755.65,,-1.660935573866211,754.8824999999999,719.429
1604,2010-01-25,TCS,757.5,765.5,741.15,756.2,757.85,1504143,1132560772.55,752.96,,-0.21772118493105197,755.365,721.4459999999999
1605,2010-01-27,TCS,750.0,759.7,740.15,743.3,756.2,2422199,1813292938.65,748.61,,-1.7058979106056718,755.0649999999999,722.909
1606,2010-01-28,TCS,749.5,757.95,727.7,741.75,743.3,3268598,2427651257.15,742.72,,-0.2085295304722124,755.0825,724.429
1607,2010-01-29,TCS,734.0,739.8,712.15,736.2,741.75,2736663,1983095245.15,724.64,,-0.7482305358948371,754.755,725.3439999999999
1608,2010-02-01,TCS,734.35,762.8,720.0,746.15,736.2,1689006,1241345965.1,734.96,,1.3515349089921125,754.55,726.4580000000001
1609,2010-02-02,TCS,755.0,762.65,735.0,738.4,746.15,2369594,1783313585.55,752.58,,-1.0386651477584936,753.8875,727.488
1610,2010-02-03,TCS,744.0,756.9,735.5,752.95,738.4,1488838,1115950146.5,749.54,,1.9704767063922088,753.9425,728.949
1611,2010-02-04,TCS,752.95,753.9,732.5,738.7,752.95,1358306,1007439146.7,741.69,,-1.8925559466100004,754.135,729.86
1612,2010-02-05,TCS,735.0,735.0,716.6,723.5,738.7,2303559,1668515695.75,724.32,,-2.05766887775823,754.59,730.448
1613,2010-02-06,TCS,728.0,732.5,721.15,729.7,723.5,79487,57962023.9,729.2,,0.8569454042847332,756.0849999999999,731.0609999999999
1614,2010-02-08,TCS,729.0,734.75,708.15,724.15,729.7,2085172,1505309547.5,721.91,,-0.7605865424147003,756.5825,731.488
1615,2010-02-09,TCS,725.0,741.95,721.05,735.15,724.15,1502947,1104842707.95,735.12,,1.5190223020092521,755.8375,732.433
1562,2010-02-10,TCS,739.9,743.7,728.1,732.3,735.15,1168687,858544046.65,734.62,,-0.3876759844929637,753.025,733.67
1616,2010-02-10,TCS,739.9,743.7,728.1,732.3,735.15,1168687,858544046.65,734.62,,-0.3876759844929637,750.6474999999999,734.548
1563,2010-02-11,TCS,737.95,747.95,735.0,742.7,732.3,1206578,896397906.5,742.93,,1.4201829851154024,748.2125,735.687
1564,2010-02-15,TCS,750.0,750.0,738.55,746.15,742.7,978241,728759285.65,744.97,,0.4645213410529058,745.41,736.924
1565,2010-02-16,TCS,747.25,764.95,742.2,758.15,746.15,830245,624240390.2,751.87,,1.6082557126583126,744.2825,738.2860000000001
1566,2010-02-17,TCS,764.9,767.95,752.55,758.65,758.15,1264145,960341421.05,759.68,,0.06595000989250148,743.2450000000001,739.555
1567,2010-02-18,TCS,760.0,766.95,755.5,758.8,758.65,907403,690722493.4,761.21,,0.01977196335595825,742.6524999999999,740.7429999999999
1568,2010-02-19,TCS,754.9,759.5,745.8,750.55,758.8,1107940,834194929.35,752.92,,-1.0872430152872958,742.2875,741.788
1569,2010-02-22,TCS,757.0,763.7,753.8,757.25,750.55,1071730,814071180.7,759.59,,0.892678702284997,742.3399999999999,742.799
1570,2010-02-23,TCS,759.0,765.0,751.25,762.1,757.25,926526,706028131.85,762.02,,0.6404754044239053,743.28,743.928
1571,2010-02-24,TCS,756.0,770.7,752.1,765.35,762.1,2038029,1561812241.4,766.33,,0.426453221362026,744.46,745.1129999999998
1572,2010-02-25,TCS,769.8,769.8,761.25,766.25,765.35,1336492,1022763267.1,765.26,,0.11759325798653913,745.9625,746.3359999999999
1573,2010-02-26,TCS,767.1,778.55,746.15,761.8,766.25,1507967,1152436177.65,764.23,,-0.5807504078303485,746.745,747.553
1574,2010-03-02,TCS,762.0,769.0,755.0,763.2,761.8,2026676,1540289437.05,760.01,,0.18377526909951314,747.985,748.554
1575,2010-03-03,TCS,769.0,774.0,764.15,768.75,763.2,1377371,1059321950.85,769.09,,0.7272012578616293,748.775,749.4739999999999
1576,2010-03-04,TCS,768.0,770.0,757.0,763.9,768.75,1026803,782087046.6,761.67,,-0.6308943089430924,750.035,750.202
1577,2010-03-05,TCS,765.0,766.95,760.15,762.6,763.9,643656,491448309.9,763.53,,-0.1701793428459163,751.99,750.7729999999999
1578,2010-03-08,TCS,767.6,770.0,760.3,762.7,762.6,1507870,1151697125.2,763.79,,0.013113034356152995,753.64,751.546
1579,2010-03-09,TCS,763.0,778.5,763.0,768.7,762.7,1728866,1336270872.05,772.92,,0.7866789038940605,755.8675000000001,751.9889999999999
1580,2010-03-10,TCS,763.7,784.45,760.0,780.05,768.7,2293937,1783919685.9,777.67,,1.4765187979705878,758.1125,752.604
1581,2010-03-11,TCS,780.05,794.9,771.95,791.6,780.05,1607015,1268117698.2,789.11,,1.4806743157489992,761.0775,753.6080000000001
1582,2010-03-12,TCS,800.0,800.0,792.0,796.95,791.6,1255488,998914838.05,795.64,,0.6758463870641768,764.3100000000001,754.692
1583,2010-03-15,TCS,796.95,820.0,791.15,818.0,796.95,3027217,2455958644.0,811.29,,2.6413200326243746,768.075,756.047
1584,2010-03-16,TCS,821.5,831.95,815.8,829.0,818.0,1544428,1271509337.25,823.29,,1.3447432762836184,772.2175,757.5939999999999
1585,2010-03-17,TCS,834.0,845.9,830.0,840.7,829.0,2087397,1753084631.75,839.84,,1.4113389626055544,776.345,759.3710000000001
1586,2010-03-18,TCS,845.0,845.0,820.5,825.85,840.7,1862277,1541949258.95,827.99,,-1.7663851552277892,779.7049999999999,761.191
1587,2010-03-19,TCS,805.25,834.45,805.25,820.9,825.85,2358312,1944353313.35,824.47,,-0.5993824544408846,782.8100000000001,763.321
1588,2010-03-22,TCS,814.9,833.8,806.15,827.6,820.9,1655055,1369353152.7,827.38,,0.8161773663052803,786.6625,765.877
1535,2010-03-22,TCS,814.9,833.8,806.15,827.6,820.9,1655055,1369353152.7,827.38,,0.8161773663052803,790.1800000000001,768.145
1536,2010-03-23,TCS,830.0,833.0,822.1,828.65,827.6,847482,702025455.4,828.37,,0.12687288545190362,793.5074999999999,769.717
1537,2010-03-25,TCS,824.1,836.8,818.0,829.8,828.65,2758791,2282695525.25,827.43,,0.13877994328123783,796.73,770.5420000000001
1538,2010-03-26,TCS,830.0,836.0,822.3,825.05,829.8,998903,825981475.8,826.89,,-0.5724270908652688,799.67,771.4459999999999
1539,2010-03-29,TCS,824.0,829.3,808.55,811.95,825.05,1721633,1403964976.6,815.48,,-1.5877825586327992,802.1775,771.8570000000001
1540,2010-03-30,TCS,808.6,816.1,797.15,800.0,811.95,1548580,1241322200.0,801.59,,-1.4717655028019023,804.0175,771.813
1541,2010-03-31,TCS,800.0,807.25,777.3,780.65,800.0,3541523,2799434173.95,790.46,,-2.418750000000003,804.6125,771.812
1542,2010-04-01,TCS,786.35,809.8,782.1,807.8,780.65,2890716,2308727906.6,798.67,,3.4778710049317847,806.8075,772.38
1543,2010-04-05,TCS,817.0,817.0,799.25,803.35,807.8,1500918,1206963881.5,804.15,,-0.5508789304283155,808.845,773.034
1544,2010-04-06,TCS,808.9,808.9,792.15,796.05,803.35,1851183,1477678141.8,798.23,,-0.9086948403560178,810.5125,773.798
1545,2010-04-07,TCS,790.0,809.0,781.15,798.05,796.05,1512279,1198317151.6,792.39,,0.251240499968595,811.98,774.635
1546,2010-04-08,TCS,796.0,807.5,790.0,799.45,798.05,2247219,1803352674.05,802.48,,0.1754276047866789,812.95,775.758
1547,2010-04-09,TCS,802.0,807.9,788.25,791.6,799.45,1509006,1204298349.05,798.07,,-0.9819250734880257,812.95,776.755
1548,2010-04-12,TCS,791.0,800.0,790.1,798.1,791.6,1434941,1141982817.75,795.84,,0.8211217786760989,813.0074999999999,777.993
1549,2010-04-13,TCS,800.0,823.8,787.25,820.85,798.1,4202458,3413311815.55,812.22,,2.85051998496429,813.15,779.487
1550,2010-04-15,TCS,822.0,834.9,819.05,821.7,820.85,2145476,1774686746.65,827.18,,0.10355119693001434,812.7850000000001,781.153
1551,2010-04-16,TCS,819.0,828.0,811.85,815.1,821.7,1905479,1557087091.9,817.16,,-0.8032128514056252,811.5049999999999,782.3960000000001
1552,2010-04-19,TCS,810.0,825.0,800.75,811.95,815.1,3473852,2827311218.35,813.88,,-0.38645564961354156,810.8100000000001,783.8609999999999
1553,2010-04-20,TCS,825.0,832.65,787.0,789.5,811.95,6008493,4828302434.9,803.58,,-2.7649485805776273,809.24,785.1809999999999
1554,2010-04-21,TCS,795.0,799.0,780.25,785.0,789.5,3553745,2795210154.2,786.55,,-0.5699810006333123,807.11,786.2869999999999
1555,2010-04-22,TCS,789.1,793.65,781.0,785.95,785.0,2375558,1872618776.9,788.29,,0.12101910828026056,805.0275,787.523
1556,2010-04-23,TCS,788.05,792.0,777.5,780.2,785.95,2153034,1688478422.95,784.23,,-0.7315987022075195,802.605,788.424
1557,2010-04-26,TCS,786.0,791.0,780.2,785.1,780.2,1256274,987221076.35,785.83,,0.6280440912586487,800.37,789.48
1558,2010-04-27,TCS,785.95,789.9,781.05,787.3,785.1,1310617,1029979628.05,785.87,,0.28021908037191845,798.4825,790.58
1559,2010-04-28,TCS,780.0,783.95,765.0,770.3,787.3,1200191,932244399.65,776.75,,-2.1592785469325544,796.4,791.1320000000001
1560,2010-04-29,TCS,775.1,775.25,755.6,759.75,770.3,2311482,1760281438.3,761.54,,-1.3695962611969303,794.3875,791.4040000000001
1561,2010-04-30,TCS,765.0,772.8,762.55,765.4,759.75,1845112,1418431243.75,768.75,,0.7436656794998325,793.625,791.549
1506,2010-05-03,TCS,761.25,771.4,754.1,766.8,765.4,1208280,922967262.6,763.87,,0.18291089626338872,791.575,791.712
1507,2010-05-04,TCS,774.85,774.85,756.8,761.0,766.8,1448014,1108243173.75,765.35,,-0.7563901930099055,789.4575,791.7560000000001
1508,2010-05-05,TCS,750.0,768.0,740.15,765.75,761.0,2185615,1657415606.75,758.33,,0.6241787122207622,787.9424999999999,792.06
1509,2010-05-06,TCS,767.95,770.9,759.2,767.1,765.75,1290436,987997118.55,765.63,,0.17629774730656517,786.395,792.257
1510,2010-05-07,TCS,757.0,762.6,735.0,741.4,767.1,2133576,1600355315.25,750.08,,-3.350280276365538,783.4925000000001,791.8430000000001
1511,2010-05-10,TCS,760.0,843.0,745.0,770.25,741.4,1163907,886482993.45,761.64,,3.8912867547882417,782.425,791.941
1512,2010-05-11,TCS,775.0,779.0,753.9,756.3,770.25,675644,512301214.25,758.24,,-1.8111002921129562,780.335,791.7420000000001
1513,2010-05-12,TCS,757.0,767.95,751.1,759.45,756.3,1370038,1040970860.25,759.81,,0.4165013883379732,777.265,791.695
1514,2010-05-13,TCS,765.1,773.2,761.45,765.6,759.45,660726,506827776.35,767.08,,0.8097965633023868,774.4599999999999,791.743
1515,2010-05-14,TCS,766.0,777.0,755.0,763.85,765.6,1013498,780691782.55,770.29,,-0.2285788923719958,771.8975,791.645
1516,2010-05-17,TCS,774.95,774.95,734.1,745.75,763.85,1861025,1381682353.15,742.43,,-2.3695751783727204,768.5875,791.2819999999999
1517,2010-05-18,TCS,746.0,746.0,726.3,735.1,745.75,1599590,1175898558.85,735.12,,-1.4280925243043885,765.8675000000001,790.7320000000001
1518,2010-05-19,TCS,730.0,733.0,716.3,721.5,735.1,1964633,1420394864.2,722.98,,-1.8500884233437658,762.6925,789.908
1519,2010-05-20,TCS,729.0,732.3,716.15,730.0,721.5,1199046,871944756.4,727.2,,1.178101178101178,759.895,789.1340000000001
1520,2010-05-21,TCS,710.0,725.9,685.25,718.7,730.0,1337546,959075606.55,717.04,,-1.5479452054794458,756.8199999999999,787.9069999999999
1521,2010-05-24,TCS,725.0,730.0,712.7,717.6,718.7,1442714,1038248391.85,719.65,,-0.15305412550438607,753.4449999999999,786.427
1522,2010-05-25,TCS,708.0,714.0,691.55,699.55,717.6,1148683,809866405.1,705.04,,-2.5153288740245356,749.0575000000001,784.479
1523,2010-05-26,TCS,708.0,744.8,704.1,738.0,699.55,1844732,1340436769.45,726.63,,5.496390536773648,747.4425,782.8790000000001
1524,2010-05-27,TCS,735.0,749.95,727.2,741.85,738.0,3441936,2548190059.95,740.34,,0.521680216802171,746.5474999999999,781.1360000000001
1525,2010-05-28,TCS,749.8,753.5,735.5,750.8,741.85,1239687,924468609.15,745.73,,1.2064433510817458,745.8175,779.3380000000001
1526,2010-05-31,TCS,748.5,752.9,738.0,743.05,750.8,1663830,1236999445.95,743.47,,-1.0322322855620671,744.63,777.682
1527,2010-06-01,TCS,743.05,751.95,734.7,739.2,743.05,1568456,1167063287.8,744.08,,-0.5181347150258945,743.5400000000001,776.048
1528,2010-06-02,TCS,737.8,759.5,736.3,754.25,739.2,1384665,1034512970.9,747.12,,2.035984848484842,742.965,774.581
1529,2010-06-03,TCS,760.0,769.0,745.1,765.45,754.25,842217,644240597.2,764.93,,1.4849187935034864,742.8824999999999,773.3380000000001
1530,2010-06-04,TCS,765.45,769.7,755.2,765.35,765.45,684105,521451217.15,762.24,,-0.013064210595077763,744.08,772.072
1531,2010-06-07,TCS,749.9,757.8,736.0,753.25,765.35,867461,652310113.9,751.98,,-1.5809760240412911,743.23,770.5409999999999
1532,2010-06-08,TCS,754.0,762.0,747.0,750.2,753.25,1121111,843949934.0,752.78,,-0.4049120477928914,742.925,769.0440000000001
1533,2010-06-09,TCS,752.0,758.55,731.0,733.05,750.2,2433700,1817116380.8,746.65,,-2.286057051452958,741.605,767.4659999999999
1534,2010-06-10,TCS,730.0,753.0,730.0,750.5,733.05,898018,665364837.1,740.93,,2.380465179728538,740.85,766.4759999999999
1477,2010-06-10,TCS,730.0,753.0,730.0,750.5,733.05,898018,665364837.1,740.93,,2.380465179728538,740.1825,765.873
1478,2010-06-11,TCS,761.8,763.3,751.0,759.1,750.5,1618512,1226167751.5,757.59,,1.1459027315123282,740.85,764.8989999999999
1479,2010-06-14,TCS,763.35,787.1,758.0,781.0,759.1,1775246,1370666940.45,772.1,,2.884995389276772,743.145,764.452
1480,2010-06-15,TCS,756.65,777.7,756.65,766.1,781.0,1321488,1014515723.55,767.71,,-1.9078104993597922,745.375,763.8530000000001
1481,2010-06-16,TCS,777.1,779.95,767.3,774.8,766.1,1164408,901334958.15,774.07,,1.1356219814645518,747.615,763.388
1482,2010-06-17,TCS,777.0,784.8,763.7,775.3,774.8,764460,588802454.85,770.22,,0.06453278265358803,750.445,762.905
1483,2010-06-18,TCS,775.3,788.9,772.25,783.2,775.3,1112836,869821156.05,781.63,,1.0189604024248795,753.725,762.737
1484,2010-06-21,TCS,792.9,794.0,784.6,787.7,783.2,953714,753129841.9,789.68,,0.5745658835546475,758.1324999999999,762.5290000000001
1485,2010-06-22,TCS,785.0,786.5,773.3,778.65,787.7,734162,572041409.35,779.18,,-1.148914561381245,760.165,761.685
1486,2010-06-23,TCS,770.0,788.95,769.85,786.3,778.65,1479762,1155924210.15,781.16,,0.9824696590252331,762.3875,760.977
1487,2010-06-24,TCS,786.3,788.5,767.7,773.45,786.3,1888755,1463976156.1,775.1,,-1.6342362965789023,763.52,760.1439999999999
1488,2010-06-25,TCS,775.8,775.8,756.1,758.5,773.45,1018661,777672201.35,763.43,,-1.9328980541728675,764.2925,759.075
1489,2010-06-28,TCS,758.45,767.15,757.6,764.75,758.5,576562,440038455.65,763.21,,0.8239947264337508,765.5699999999999,758.58
1490,2010-06-29,TCS,765.0,765.0,749.0,753.8,764.75,1307331,986562712.65,754.64,,-1.4318404707420784,765.5474999999999,757.956
1491,2010-06-30,TCS,755.0,759.9,741.25,751.0,753.8,1658258,1239639353.55,747.56,,-0.371451313345709,764.825,757.257
1492,2010-07-01,TCS,750.0,750.0,725.75,732.0,751.0,1703872,1250293748.95,733.8,,-2.5299600532623168,763.1575,756.293
1493,2010-07-02,TCS,734.8,746.0,730.85,743.8,732.0,1471775,1090855722.8,741.18,,1.6120218579234913,762.6850000000001,755.4670000000001
1494,2010-07-05,TCS,748.8,748.9,737.1,739.0,743.8,1082798,800827270.1,739.59,,-0.6453347674105883,762.125,754.5010000000001
1495,2010-07-06,TCS,736.5,761.9,735.85,759.15,739.0,1380452,1041366951.05,754.37,,2.726657645466844,763.4300000000001,754.2779999999999
1496,2010-07-07,TCS,761.4,767.4,748.95,764.6,759.15,1076467,816846733.5,758.82,,0.7179081867878608,764.135,754.375
1497,2010-07-08,TCS,772.0,779.0,769.65,776.8,764.6,1093782,847736807.15,775.05,,1.5956055453831979,765.45,754.6030000000001
1498,2010-07-09,TCS,780.0,784.0,770.75,774.45,776.8,918333,712135552.95,775.47,,-0.3025231719876299,766.2175,754.7560000000001
1499,2010-07-12,TCS,779.8,794.0,779.8,791.7,774.45,1362888,1075227514.4,788.93,,2.2273871779972882,766.7524999999999,755.37
1500,2010-07-13,TCS,792.0,792.0,769.55,774.65,791.7,2772943,2146319973.75,774.02,,-2.153593532903886,767.1800000000001,755.548
1501,2010-07-14,TCS,778.0,784.7,770.25,774.65,774.65,1416921,1100509712.4,776.69,,0.0,767.1725,755.6990000000001
1502,2010-07-15,TCS,771.0,784.9,765.25,782.1,774.65,1897768,1475911312.05,777.71,,0.96172464984187,767.5125,756.513
1503,2010-07-16,TCS,795.0,838.5,795.0,833.65,782.1,9567726,7899984933.5,825.69,,6.591228743127471,770.0350000000001,757.7810000000001
1504,2010-07-19,TCS,831.45,834.7,823.25,826.7,833.65,1513962,1252315488.05,827.18,,-0.8336832003838459,771.9849999999999,759.189
1448,2010-07-20,TCS,826.7,834.55,825.0,827.25,826.7,1171031,972412352.15,830.39,,0.06652957542034045,774.415,760.545
1505,2010-07-20,TCS,826.7,834.55,825.0,827.25,826.7,1171031,972412352.15,830.39,,0.06652957542034045,776.4625,761.778
1449,2010-07-21,TCS,832.0,844.8,829.6,843.0,827.25,1471860,1231792679.8,836.9,,1.9038984587488668,779.9399999999999,763.3610000000001
1450,2010-07-22,TCS,843.0,846.0,832.5,843.7,843.0,681441,571653829.55,838.89,,0.0830367734282379,784.2,765.32
1451,2010-07-23,TCS,850.0,850.0,835.1,839.3,843.7,947236,795016100.9,839.3,,-0.5215123859191764,787.9275,767.404
1452,2010-07-26,TCS,842.4,851.6,840.4,849.25,839.3,1383245,1169727927.65,845.64,,1.185511735970457,792.7,769.959
1453,2010-07-27,TCS,855.0,859.8,846.2,849.15,849.25,1053301,899981540.55,854.44,,-0.011775095672655018,797.6075000000001,772.342
1454,2010-07-28,TCS,851.0,857.95,847.0,854.45,849.15,2179614,1859649000.75,853.2,,0.624153565330044,803.73,775.057
1455,2010-07-29,TCS,855.0,855.0,849.0,850.0,854.45,2665952,2268337319.7,850.85,,-0.5208028556381351,809.04,777.705
1456,2010-07-30,TCS,849.0,850.0,835.0,839.8,850.0,641713,540418333.0,842.15,,-1.2000000000000055,814.08,780.51
1457,2010-08-02,TCS,843.0,848.45,837.0,838.3,839.8,1413881,1190906928.9,842.3,,-0.178613955703739,818.0375,782.516
1458,2010-08-03,TCS,841.0,844.5,828.55,832.05,838.3,640776,533579294.85,832.71,,-0.7455564833591793,821.4100000000001,784.32
1459,2010-08-04,TCS,836.0,872.0,835.85,868.8,832.05,2791967,2401462537.2,860.13,,4.416801874887327,826.01,786.68
1460,2010-08-05,TCS,872.0,882.4,865.65,877.85,868.8,1456475,1278260433.35,877.64,,1.0416666666666745,831.18,789.3760000000001
1461,2010-08-06,TCS,880.0,883.5,860.65,864.7,877.85,1218867,1062153192.3,871.43,,-1.4979780144671615,834.8300000000002,791.886
1462,2010-08-09,TCS,861.15,883.7,846.1,879.85,864.7,2129993,1861252684.55,873.83,,1.7520527350526167,840.0899999999999,794.3979999999999
1463,2010-08-10,TCS,885.0,885.0,861.4,864.5,879.85,772597,669307287.85,866.31,,-1.744615559470367,844.5825000000001,796.3789999999999
1464,2010-08-11,TCS,862.0,873.0,854.8,858.15,864.5,2010124,1729882425.3,860.58,,-0.734528629265474,848.385,798.235
1465,2010-08-12,TCS,856.9,856.9,846.2,853.45,858.15,1139046,969953122.85,851.55,,-0.5476897978208858,849.375,800.239
1466,2010-08-13,TCS,857.0,862.9,838.0,854.4,853.45,1294953,1109576941.4,856.85,,0.11131290643856485,850.76,802.3229999999999
1467,2010-08-16,TCS,857.0,862.55,848.8,854.1,854.4,659549,564330556.75,855.63,,-0.03511235955055648,852.1025,804.7440000000001
1468,2010-08-17,TCS,850.1,861.0,844.0,850.2,854.1,866598,738223189.35,851.86,,-0.45662100456620736,853.25,806.738
1469,2010-08-18,TCS,853.0,875.8,850.0,871.1,850.2,1444458,1245079370.7,861.97,,2.4582451187955745,854.6550000000001,809.15
1470,2010-08-19,TCS,874.0,880.9,867.3,872.05,871.1,1074267,940021322.95,875.04,,0.10905751348868462,856.0725,811.4090000000001
1471,2010-08-20,TCS,869.0,879.9,863.0,868.95,872.05,873198,761210155.5,871.75,,-0.3554842038873814,857.5550000000001,813.168
1472,2010-08-23,TCS,860.0,875.45,857.05,870.4,868.95,524915,457392915.9,871.37,,0.16686805915184208,858.6125,815.2539999999999
1473,2010-08-24,TCS,870.0,881.9,865.0,870.7,870.4,1325237,1160659606.85,875.81,,0.03446691176471372,859.6899999999999,817.172
1474,2010-08-25,TCS,872.0,881.5,866.3,871.2,870.7,1189984,1040363967.15,874.27,,0.05742506029631331,860.5274999999999,819.09
1475,2010-08-26,TCS,874.0,879.0,860.25,876.5,871.2,2102214,1834042692.1,872.43,,0.6083562901744668,861.8525,820.956
1476,2010-08-27,TCS,872.1,873.0,851.0,856.05,876.5,638257,550917751.1,863.16,,-2.333143183114666,862.6650000000002,822.3229999999999
1419,2010-08-30,TCS,862.8,862.8,840.1,845.65,856.05,779285,658686619.15,845.24,,-1.214882308276383,863.0324999999999,823.663
1420,2010-08-31,TCS,840.0,847.7,830.2,843.75,845.65,1223937,1025969001.7,838.25,,-0.2246792408206678,863.6175,824.812
1421,2010-09-01,TCS,842.0,861.0,840.0,858.4,843.75,1372742,1172802935.4,854.35,,1.7362962962962938,863.0975000000001,826.5110000000001
1422,2010-09-02,TCS,867.5,867.5,841.5,844.1,858.4,1379400,1172186254.45,849.78,,-1.6658900279589883,861.4100000000001,828.2230000000001
1423,2010-09-03,TCS,850.0,851.5,835.1,837.3,844.1,1388985,1169939862.1,842.3,,-0.8055917545314617,860.04,829.6740000000001
1424,2010-09-06,TCS,838.0,857.5,838.0,855.35,837.3,1143989,974158937.7,851.55,,2.155738683864812,858.8149999999999,831.705
1425,2010-09-07,TCS,858.0,874.9,856.0,871.35,855.35,1242118,1075716126.1,866.03,,1.870579295025428,859.1575,834.112
1426,2010-09-08,TCS,864.0,882.9,858.9,879.05,871.35,2094739,1833952337.75,875.5,,0.8836862340046974,860.2025,837.053
1427,2010-09-09,TCS,882.0,882.5,871.35,874.7,879.05,1469079,1287130138.0,876.15,,-0.4948523974745361,861.265,839.6709999999999
1428,2010-09-13,TCS,871.35,889.0,870.7,879.75,874.7,1174705,1036549295.3,882.39,,0.5773408025608727,862.5325,842.4859999999999
1429,2010-09-14,TCS,883.0,899.0,880.3,895.35,879.75,1535519,1369605323.7,891.95,,1.7732310315430548,864.595,845.21
1430,2010-09-15,TCS,900.0,919.4,899.0,914.8,895.35,2780197,2529161945.6,909.71,,2.1723348411235754,867.825,848.2139999999999
1431,2010-09-16,TCS,908.0,913.45,864.5,895.4,914.8,1167132,1051189879.9,900.66,,-2.1206821163095735,869.04,850.586
1432,2010-09-17,TCS,900.1,918.75,900.1,913.8,895.4,1503989,1372933917.8,912.86,,2.0549475094929615,871.1274999999999,853.3729999999999
1433,2010-09-20,TCS,917.0,921.9,906.7,912.25,913.8,1209554,1104072428.55,912.79,,-0.1696213613482113,873.2924999999999,855.784
1434,2010-09-21,TCS,912.0,958.0,910.3,953.95,912.25,2498592,2334752160.95,934.43,,4.571115374075093,877.47,859.37
1435,2010-09-22,TCS,956.0,960.0,930.0,935.25,953.95,2015533,1893692718.0,939.55,,-1.9602704544263372,880.6975,862.582
1436,2010-09-23,TCS,940.0,945.3,927.8,931.35,935.25,1663618,1553856878.2,934.02,,-0.41700080192461664,883.7049999999999,865.567
1437,2010-09-24,TCS,933.1,937.9,925.0,931.95,931.35,1369392,1274233908.9,930.51,,0.06442261233693271,886.4775,867.5329999999999
1438,2010-09-27,TCS,935.0,941.45,922.0,927.6,931.95,1711645,1592474482.1,930.38,,-0.4667632383711597,890.055,869.551
1439,2010-09-28,TCS,925.25,930.3,914.1,919.65,927.6,1260857,1161568225.05,921.25,,-0.8570504527813761,893.7549999999999,871.3989999999999
1440,2010-09-29,TCS,925.0,937.25,914.9,920.35,919.65,1685097,1553845381.8,922.11,,0.07611591366281145,897.5849999999998,873.2610000000001
1441,2010-09-30,TCS,925.0,930.0,915.15,926.95,920.35,3780462,3497069497.95,925.04,,0.7171184875319196,901.0125,874.94
1442,2010-10-01,TCS,927.0,966.0,922.0,961.6,926.95,1663078,1574474499.0,946.72,,3.738065699336531,906.8875,877.298
1443,2010-10-04,TCS,966.75,975.0,953.0,955.8,961.6,1070478,1031416972.5,963.51,,-0.6031613976705562,912.8125,879.628
1444,2010-10-05,TCS,950.0,965.95,946.15,950.25,955.8,1105832,1055704948.7,954.67,,-0.580665411173881,917.5575000000001,881.648
1445,2010-10-06,TCS,950.0,967.9,950.0,959.65,950.25,919480,880474373.7,957.58,,0.9892133649039703,921.9724999999999,883.8580000000001
1446,2010-10-07,TCS,960.0,966.0,938.4,948.8,959.65,986470,942478189.55,955.4,,-1.130620538738084,925.46,885.745
1447,2010-10-08,TCS,944.05,954.7,869.0,942.6,948.8,1347998,1264998090.65,938.43,,-0.6534569983136522,928.8549999999999,887.597
1391,2010-10-08,TCS,944.05,954.7,869.0,942.6,948.8,1347998,1264998090.65,938.43,,-0.6534569983136522,931.9974999999998,889.653
1392,2010-10-11,TCS,942.6,953.95,929.05,940.9,942.6,1532685,1433737058.5,935.44,,-0.18035221727138187,934.275,891.705
1393,2010-10-12,TCS,942.65,955.8,939.1,950.7,940.9,1304451,1237665629.6,948.8,,1.0415559570623945,936.07,894.078
1394,2010-10-13,TCS,955.95,997.7,949.1,992.85,950.7,2675302,2625656294.8,981.44,,4.433575260334488,940.9424999999999,896.559
1395,2010-10-14,TCS,996.9,1004.0,982.35,986.05,992.85,1474543,1467203695.65,995.02,,-0.684897013647587,944.555,898.7230000000001
1396,2010-10-15,TCS,999.0,1011.0,945.0,950.3,986.05,2858899,2750508427.1,962.09,,-3.6255767963085037,946.4575000000001,900.435
1397,2010-10-18,TCS,970.0,984.0,930.0,981.25,950.3,2240367,2161054556.05,964.6,,3.2568662527622902,947.8225,902.4630000000001
1398,2010-10-19,TCS,982.0,987.4,964.1,967.75,981.25,1100456,1070650861.35,972.92,,-1.3757961783439492,949.4475,904.528
1399,2010-10-20,TCS,964.5,980.5,956.2,963.25,967.75,1103319,1066617203.7,966.74,,-0.4649961250322914,951.0425000000001,906.63
1400,2010-10-21,TCS,974.05,993.85,970.0,986.2,963.25,1876177,1844304113.2,983.01,,2.382559044900083,953.7549999999999,909.285
1401,2010-10-22,TCS,1022.0,1049.4,1022.0,1040.2,986.2,4805202,4982426924.85,1036.88,,5.47556276617319,959.385,913.0010000000001
1402,2010-10-25,TCS,1043.0,1072.95,1037.2,1066.95,1040.2,2578158,2735834792.65,1061.16,,2.571620842145741,966.75,917.2579999999999
1403,2010-10-26,TCS,1063.5,1067.75,1041.55,1062.6,1066.95,1753512,1850031097.15,1055.04,,-0.4077042035709392,973.8625,921.5060000000001
1404,2010-10-27,TCS,1060.0,1066.8,1043.55,1048.2,1062.6,1070691,1129117582.05,1054.57,,-1.355166572557864,979.925,925.048
1405,2010-10-28,TCS,1050.0,1067.55,1040.0,1052.9,1048.2,2627845,2776702782.8,1056.65,,0.44838771226865537,984.49,928.665
1406,2010-10-29,TCS,1060.0,1060.0,1031.0,1052.9,1052.9,1106199,1159892489.4,1048.54,,0.0,989.345,932.344
1407,2010-11-01,TCS,1052.05,1066.4,1049.1,1053.4,1052.9,573974,606366110.0,1056.43,,0.04748789058790008,994.5024999999999,936.0039999999999
1408,2010-11-02,TCS,1055.0,1060.0,1043.7,1049.45,1053.4,782889,822490950.15,1050.58,,-0.3749762673248571,998.9925000000001,939.5790000000001
1409,2010-11-03,TCS,1050.9,1079.0,1048.4,1052.8,1049.45,1108939,1178016068.5,1062.29,,0.3192148268140368,1004.1924999999999,943.2109999999999
1410,2010-11-04,TCS,1062.0,1078.6,1061.5,1069.15,1052.8,858720,919264919.45,1070.51,,1.553001519756852,1010.5200000000001,947.064
1411,2010-11-05,TCS,1082.9,1083.9,1075.35,1077.75,1069.15,179483,193740481.05,1079.44,,0.8043773090772958,1017.2775000000001,951.498
1412,2010-11-08,TCS,1080.0,1082.4,1062.1,1068.15,1077.75,1124293,1200705037.55,1067.96,,-0.890744606819755,1023.64,955.948
1413,2010-11-09,TCS,1073.9,1098.7,1068.5,1091.1,1068.15,1752043,1897387219.3,1082.96,,2.148574638393467,1030.66,960.895
1414,2010-11-10,TCS,1092.25,1108.0,1086.1,1092.3,1091.1,770112,844605921.3,1096.73,,0.10998075336816475,1035.6325000000002,965.573
1415,2010-11-11,TCS,1090.0,1090.0,1058.25,1064.75,1092.3,963048,1030909267.85,1070.47,,-2.522200860569437,1039.5675,969.9860000000001
1416,2010-11-12,TCS,1060.0,1069.9,1048.2,1055.9,1064.75,901165,952514340.3,1056.98,,-0.8311810284104165,1044.8475,974.3580000000001
1417,2010-11-15,TCS,1065.0,1079.85,1053.0,1066.0,1055.9,694698,742404233.5,1068.67,,0.9565299744293881,1049.085,978.571
1418,2010-11-16,TCS,1066.0,1066.4,1042.2,1048.9,1066.0,1089038,1144318277.85,1050.76,,-1.6041275797373271,1053.1425,982.122
1364,2010-11-18,TCS,1072.0,1072.0,1040.0,1042.8,1048.9,1382580,1455139569.9,1052.48,,-0.5815616359996316,1057.12,985.3969999999999
1365,2010-11-19,TCS,1044.9,1049.0,1006.0,1015.4,1042.8,1086326,1117928113.0,1029.09,,-2.62754123513617,1058.5800000000002,988.211
1366,2010-11-22,TCS,1016.0,1043.0,1011.5,1039.1,1015.4,1110618,1140669374.6,1027.06,,2.334055544612954,1058.525,991.398
1367,2010-11-23,TCS,1034.0,1045.0,1012.4,1030.05,1039.1,842224,867546171.7,1030.07,,-0.8709460109710283,1056.68,994.0920000000001
1368,2010-11-24,TCS,1025.0,1034.5,998.95,1004.75,1030.05,1504304,1532841073.35,1018.97,,-2.456191447017131,1053.7875000000001,995.8910000000001
1369,2010-11-25,TCS,1010.05,1041.9,1007.1,1021.8,1004.75,2927503,3013293403.2,1029.3,,1.6969395371983036,1052.4675000000002,998.419
1370,2010-11-26,TCS,1025.0,1054.0,1025.0,1047.25,1021.8,1808913,1888909377.6,1044.22,,2.4907026815423805,1052.185,1001.0880000000001
1371,2010-11-29,TCS,1055.0,1078.5,1050.25,1071.3,1047.25,2259446,2419669727.55,1070.91,,2.2964908092623495,1053.105,1004.2690000000001
1372,2010-11-30,TCS,1060.5,1086.05,1053.1,1076.0,1071.3,2404204,2574597855.2,1070.87,,0.43871931298422906,1054.2350000000001,1006.71
1373,2010-12-01,TCS,1064.0,1093.2,1064.0,1081.9,1076.0,1888016,2044623031.5,1082.95,,0.5483271375464769,1055.8575,1009.643
1374,2010-12-02,TCS,1091.0,1099.2,1075.05,1095.8,1081.9,2047858,2230279062.15,1089.08,,1.2847767815879345,1058.0075000000002,1012.932
1375,2010-12-03,TCS,1093.05,1113.0,1091.15,1097.35,1095.8,1015056,1118199706.55,1101.61,,0.14144916955648426,1059.4175,1016.24
1376,2010-12-06,TCS,1100.0,1110.0,1095.3,1101.7,1097.35,965477,1066470820.8,1104.61,,0.3964095320545074,1060.615,1019.722
1377,2010-12-07,TCS,1100.0,1100.0,1082.1,1087.5,1101.7,1079162,1175444093.0,1089.22,,-1.2889171280747977,1061.5825,1023.0790000000001
1378,2010-12-08,TCS,1090.95,1092.95,1071.25,1079.15,1087.5,992066,1070429048.7,1078.99,,-0.7678160919540146,1060.9850000000001,1026.255
1379,2010-12-09,TCS,1083.7,1097.3,1068.1,1072.6,1079.15,1289951,1397790887.05,1083.6,,-0.6069591808367865,1060.0,1029.1680000000001
1380,2010-12-10,TCS,1067.0,1083.85,1057.0,1074.9,1072.6,1122812,1202365601.8,1070.85,,0.21443222077197296,1060.5075000000002,1031.4340000000002
1381,2010-12-13,TCS,1071.0,1080.7,1048.4,1076.1,1074.9,1057533,1128075848.65,1066.71,,0.11163829193411648,1061.5175,1033.84
1382,2010-12-14,TCS,1073.2,1089.6,1064.15,1080.95,1076.1,1307670,1410845830.5,1078.9,,0.4507016076572936,1062.2649999999999,1036.454
1383,2010-12-15,TCS,1085.1,1108.4,1081.5,1103.65,1080.95,1286017,1409151497.8,1095.75,,2.100004625560853,1065.0025,1039.3339999999998
1384,2010-12-16,TCS,1109.0,1144.0,1104.15,1140.7,1103.65,2257852,2555918664.6,1132.01,,3.3570425406605313,1069.8975,1043.172
1385,2010-12-20,TCS,1134.8,1177.0,1114.85,1166.7,1140.7,2257023,2593589779.05,1149.12,,2.2793021828701674,1077.4625,1047.654
1386,2010-12-21,TCS,1169.0,1172.25,1154.0,1160.8,1166.7,1405321,1630658373.85,1160.35,,-0.5056998371475179,1083.5475000000001,1052.0179999999998
1387,2010-12-22,TCS,1167.0,1169.0,1137.75,1149.75,1160.8,1593418,1828898808.5,1147.78,,-0.9519297036526495,1089.5324999999998,1056.195
1388,2010-12-23,TCS,1150.0,1159.55,1132.1,1140.0,1149.75,1425462,1626497935.35,1141.03,,-0.8480104370515329,1096.2949999999998,1059.981
1389,2010-12-24,TCS,1134.0,1148.8,1125.75,1141.1,1140.0,812320,925325310.35,1139.11,,0.09649122807016747,1102.26,1062.9460000000001
1359,2010-12-27,TCS,1145.0,1159.45,1138.2,1141.2,1141.1,832468,955945431.9,1148.33,,0.00876347384104254,1106.9575,1066.049
1390,2010-12-27,TCS,1145.0,1159.45,1138.2,1141.2,1141.1,832468,955945431.9,1148.33,,0.00876347384104254,1110.4524999999999,1069.867
1360,2010-12-28,TCS,1141.2,1150.9,1140.05,1146.35,1141.2,506438,580149822.7,1145.55,,0.4512793550648321,1113.97,1073.169
1361,2010-12-29,TCS,1149.0,1162.0,1147.05,1156.95,1146.35,521185,600972664.0,1153.09,,0.9246739651938882,1117.7224999999999,1076.953
1362,2010-12-30,TCS,1152.5,1174.8,1152.5,1170.2,1156.95,1922776,2243536397.7,1166.82,,1.1452526038290332,1121.4424999999999,1081.0919999999999
1363,2010-12-31,TCS,1172.5,1180.0,1161.8,1165.65,1170.2,766490,895957819.9,1168.91,,-0.38882242351734353,1124.8575,1084.6809999999998
1843,2011-01-03,TCS,1167.0,1176.95,1154.55,1158.05,1165.65,702521,817004362.85,1162.96,,-0.6519967400163116,1127.675,1087.038
1844,2011-01-04,TCS,1163.9,1166.15,1138.1,1144.75,1158.05,1251434,1444351130.85,1154.16,,-1.1484823625922849,1130.5375,1088.594
1845,2011-01-05,TCS,1145.25,1165.9,1141.75,1158.95,1144.75,1534837,1772568663.05,1154.89,,1.2404455121205544,1134.5275,1090.521
1846,2011-01-06,TCS,1168.0,1182.0,1153.1,1171.7,1158.95,1423360,1657361934.55,1164.4,,1.100133741748997,1139.4825,1092.991
1847,2011-01-07,TCS,1176.0,1186.85,1138.15,1142.65,1171.7,1266362,1468752976.45,1159.82,,-2.479303576000679,1142.87,1094.786
1848,2011-01-10,TCS,1147.5,1149.0,1121.0,1130.9,1142.65,1976213,2239793499.55,1133.38,,-1.0283113814378857,1145.6100000000001,1096.346
1849,2011-01-11,TCS,1123.0,1135.55,1087.8,1098.5,1130.9,1884365,2090440983.6,1109.36,,-2.8649747988327956,1146.4875,1097.248
1850,2011-01-12,TCS,1109.9,1151.6,1108.0,1135.95,1098.5,1580437,1787087391.1,1130.76,,3.4091943559399223,1148.1025000000002,1098.978
1851,2011-01-13,TCS,1128.95,1155.95,1116.2,1124.25,1135.95,2794599,3162502979.85,1131.65,,-1.0299749108675598,1147.2800000000002,1100.4070000000002
1852,2011-01-14,TCS,1129.9,1150.0,1120.0,1120.15,1124.25,1575846,1774164052.8,1125.85,,-0.36468756949076353,1144.9524999999999,1101.4270000000001
1853,2011-01-17,TCS,1121.2,1146.55,1120.0,1137.4,1120.15,1500106,1702840399.95,1135.15,,1.5399723251350264,1143.7825,1102.62
1854,2011-01-18,TCS,1174.0,1208.9,1164.35,1202.55,1137.4,4240685,5038138330.8,1188.05,,5.727976085809729,1146.4225000000001,1105.308
1855,2011-01-19,TCS,1203.45,1209.0,1185.0,1193.0,1202.55,1476020,1760481172.0,1192.72,,-0.7941457735645051,1149.0725,1107.346
1856,2011-01-20,TCS,1180.0,1218.75,1180.0,1212.2,1193.0,2272604,2749523938.85,1209.86,,1.6093880972338679,1152.6275,1109.744
1857,2011-01-21,TCS,1210.0,1220.0,1204.0,1211.65,1212.2,1298702,1574156812.45,1212.1,,-0.04537205081669316,1156.15,1112.682
1858,2011-01-24,TCS,1200.0,1220.0,1198.25,1209.2,1211.65,1008339,1220005023.9,1209.92,,-0.20220360665208972,1159.55,1115.748
1859,2011-01-25,TCS,1214.8,1219.3,1180.0,1188.55,1209.2,1233547,1483701990.95,1202.79,,-1.7077406549785057,1161.66,1118.1989999999998
1860,2011-01-27,TCS,1187.55,1209.95,1181.6,1199.4,1188.55,2357059,2821576014.15,1197.07,,0.9128770350427106,1163.7825,1121.209
1861,2011-01-28,TCS,1195.0,1203.6,1165.25,1181.35,1199.4,1507289,1782205433.85,1182.39,,-1.5049191262297967,1164.3400000000001,1123.98
1862,2011-01-31,TCS,1169.0,1169.0,1128.55,1159.5,1181.35,2970408,3400628008.3,1144.84,,-1.8495788716299075,1164.0325,1126.862
1863,2011-02-01,TCS,1165.0,1165.0,1133.0,1150.15,1159.5,2106354,2416723190.35,1147.35,,-0.8063820612332825,1163.6375,1129.083
1864,2011-02-02,TCS,1170.0,1198.9,1162.35,1182.45,1150.15,1968809,2334998156.15,1186.0,,2.808329348345864,1165.5225,1132.1309999999999
1865,2011-02-03,TCS,1184.7,1195.7,1170.65,1183.7,1182.45,941706,1116029932.95,1185.12,,0.10571271512537528,1166.76,1135.71
1866,2011-02-04,TCS,1176.0,1183.1,1140.25,1148.8,1183.7,1728800,1998269215.2,1155.87,,-2.9483821914336477,1165.615,1138.25
1867,2011-02-07,TCS,1173.5,1173.5,1126.5,1131.15,1148.8,1289191,1474002848.8,1143.35,,-1.5363857938718546,1165.0400000000002,1139.928
1868,2011-02-08,TCS,1132.0,1149.9,1118.5,1125.1,1131.15,2644319,3000149081.1,1134.56,,-0.5348539097378934,1164.75,1141.004
1869,2011-02-09,TCS,1122.5,1129.6,1083.7,1098.3,1125.1,3006366,3340065735.4,1111.0,,-2.3820104879566224,1164.74,1141.45
1870,2011-02-10,TCS,1100.0,1114.5,1072.0,1090.75,1098.3,2275911,2473758227.0,1086.93,,-0.6874260220340486,1162.48,1141.627
1815,2011-02-10,TCS,1100.0,1114.5,1072.0,1090.75,1098.3,2275911,2473758227.0,1086.93,,-0.6874260220340486,1160.8049999999998,1141.526
1816,2011-02-11,TCS,1084.1,1104.2,1055.9,1089.6,1090.75,1472528,1586818351.05,1077.62,,-0.1054320421728252,1159.2775000000001,1141.371
1817,2011-02-14,TCS,1091.0,1120.0,1087.0,1112.3,1089.6,1231274,1362835339.05,1106.85,,2.083333333333338,1158.0225,1141.583
1818,2011-02-15,TCS,1119.0,1119.0,1076.55,1097.7,1112.3,1812713,1979075629.7,1091.78,,-1.3125955227906059,1152.7800000000002,1141.787
1819,2011-02-16,TCS,1105.0,1109.7,1081.0,1096.5,1097.7,1232296,1350167386.5,1095.65,,-0.109319486198419,1147.9550000000002,1142.134
1820,2011-02-17,TCS,1105.0,1114.45,1092.4,1109.2,1096.5,738880,817399852.75,1106.27,,1.158230734154131,1142.8049999999998,1142.866
1821,2011-02-18,TCS,1110.25,1132.4,1082.1,1089.7,1109.2,2038464,2270496667.1,1113.83,,-1.7580238009376126,1136.7075,1143.162
1822,2011-02-21,TCS,1090.0,1148.0,1058.2,1138.6,1089.7,2828900,3128920731.15,1106.06,,4.48747361659171,1133.1775000000002,1144.412
1823,2011-02-22,TCS,1122.65,1147.7,1120.0,1138.75,1138.6,1652700,1878995154.8,1136.92,,0.013174073423510537,1130.6875,1145.568
1824,2011-02-23,TCS,1128.15,1144.95,1123.1,1125.55,1138.75,939672,1063842509.55,1132.14,,-1.15916575192097,1126.9950000000001,1146.006
1825,2011-02-24,TCS,1119.0,1138.75,1091.3,1111.8,1125.55,2689415,2999435413.35,1115.27,,-1.2216249833414774,1123.5175,1145.428
1826,2011-02-25,TCS,1105.3,1117.0,1088.25,1110.05,1111.8,1535237,1695389292.85,1104.32,,-0.15740241050548662,1121.0449999999998,1144.295
1827,2011-02-28,TCS,1101.2,1148.25,1100.0,1110.25,1110.05,1614698,1802876556.35,1116.54,,0.018017206432146795,1119.05,1143.284
1828,2011-03-01,TCS,1113.0,1132.0,1097.6,1124.5,1110.25,1583902,1767004435.35,1115.6,,1.2834947083990091,1116.1525,1142.779
1829,2011-03-03,TCS,1119.9,1155.0,1107.0,1150.2,1124.5,1726300,1959770617.3,1135.24,,2.285460204535353,1114.4775,1142.983
1830,2011-03-04,TCS,1163.35,1163.35,1132.5,1135.55,1150.2,1030599,1182036663.75,1146.94,,-1.2736915319075022,1113.815,1142.872
1831,2011-03-07,TCS,1124.0,1125.0,1094.45,1108.25,1135.55,2092294,2320055941.6,1108.86,,-2.4041213508872317,1112.6699999999998,1142.213
1832,2011-03-08,TCS,1105.15,1128.8,1105.15,1117.7,1108.25,1973951,2210403597.8,1119.79,,0.8526956914053729,1112.3,1141.743
1833,2011-03-09,TCS,1122.55,1138.0,1118.5,1126.7,1117.7,1212243,1365969988.55,1126.81,,0.805225015657153,1113.72,1141.35
1834,2011-03-10,TCS,1122.0,1122.0,1100.0,1108.55,1126.7,935662,1037109948.9,1108.42,,-1.6108990858258712,1114.6100000000001,1140.382
1835,2011-03-11,TCS,1100.0,1102.4,1063.3,1077.05,1108.55,2506441,2710579632.6,1081.45,,-2.8415497722249787,1113.925,1138.519
1836,2011-03-14,TCS,1071.0,1102.0,1058.4,1097.55,1077.05,1624309,1753998752.15,1079.84,,1.9033471055197064,1114.3224999999998,1137.1570000000002
1837,2011-03-15,TCS,1075.0,1095.45,1065.65,1089.8,1097.55,1705934,1850865088.5,1084.96,,-0.7061181722928341,1113.1974999999998,1135.792
1838,2011-03-16,TCS,1092.0,1123.45,1091.15,1114.85,1089.8,1338937,1488916006.45,1112.01,,2.2985868966782856,1114.0549999999998,1135.194
1839,2011-03-17,TCS,1105.0,1118.9,1092.65,1098.0,1114.85,1028051,1132638885.5,1101.73,,-1.5114140915818193,1114.1299999999999,1133.975
1840,2011-03-18,TCS,1093.5,1109.0,1076.1,1082.75,1098.0,1105674,1197517240.4,1083.07,,-1.3888888888888888,1112.8075000000001,1132.196
1841,2011-03-21,TCS,1091.5,1091.5,1066.5,1070.8,1082.75,1309545,1408986677.65,1075.94,,-1.1036712075733128,1111.8625,1130.759
1789,2011-03-22,TCS,1075.1,1080.0,1063.0,1069.5,1070.8,1328887,1423522335.2,1071.21,,-0.12140455734030207,1108.4074999999998,1129.531
1842,2011-03-22,TCS,1075.1,1080.0,1063.0,1069.5,1070.8,1328887,1423522335.2,1071.21,,-0.12140455734030207,1104.945,1128.951
1790,2011-03-23,TCS,1071.0,1071.0,1057.25,1064.35,1069.5,2176124,2315843583.6,1064.21,,-0.4815334268349781,1101.8849999999998,1127.519
1791,2011-03-24,TCS,1071.0,1095.55,1070.0,1093.4,1064.35,1547417,1680445483.55,1085.97,,2.7293653403485867,1100.965,1126.902
1792,2011-03-25,TCS,1116.85,1128.5,1103.75,1119.65,1093.4,2073217,2314967999.75,1116.61,,2.4007682458386683,1101.4450000000002,1126.892
1793,2011-03-28,TCS,1123.85,1126.7,1108.0,1119.9,1119.65,1124321,1256819928.1,1117.85,,0.02232840619836556,1101.9275,1126.5420000000001
1794,2011-03-29,TCS,1120.0,1151.9,1119.15,1138.7,1119.9,1579794,1800674665.5,1139.82,,1.6787213144030675,1102.6375,1125.265
1795,2011-03-30,TCS,1148.0,1164.0,1144.9,1151.95,1138.7,1147385,1325737207.5,1155.44,,1.163607622727672,1102.725,1124.444
1796,2011-03-31,TCS,1152.0,1198.0,1152.0,1183.9,1151.95,3697063,4375747419.7,1183.57,,2.773557880116328,1105.1425000000002,1123.878
1797,2011-04-01,TCS,1185.0,1198.75,1172.55,1180.15,1183.9,899812,1063511158.85,1181.93,,-0.3167497254835712,1108.7375,1123.248
1798,2011-04-04,TCS,1185.0,1216.0,1184.0,1213.2,1180.15,1155808,1387374105.95,1200.35,,2.800491462949621,1113.5125,1123.328
1799,2011-04-05,TCS,1215.05,1243.95,1203.75,1239.85,1213.2,1445507,1766039561.7,1221.74,,2.196669963732267,1119.1699999999998,1124.354
1800,2011-04-06,TCS,1239.0,1246.95,1214.15,1221.85,1239.85,1211176,1488593712.65,1229.05,,-1.4517885228051781,1124.835,1124.803
1801,2011-04-07,TCS,1220.0,1220.0,1195.15,1199.2,1221.85,1074508,1292043964.45,1202.45,,-1.8537463682121262,1130.9425,1125.16
1802,2011-04-08,TCS,1196.9,1214.0,1184.75,1196.0,1199.2,991884,1185116914.4,1194.81,,-0.2668445630420318,1135.8650000000002,1125.89
1803,2011-04-11,TCS,1180.15,1195.0,1175.3,1178.4,1196.0,1128116,1335817320.85,1184.11,,-1.4715719063545074,1140.2949999999998,1126.455
1804,2011-04-13,TCS,1175.0,1221.4,1174.3,1210.1,1178.4,1878765,2265745726.4,1205.98,,2.690088255261356,1145.0575000000001,1127.008
1805,2011-04-15,TCS,1216.9,1219.9,1180.0,1191.4,1210.1,3783385,4526860783.0,1196.51,,-1.5453268324931675,1149.7275,1127.162
1806,2011-04-18,TCS,1198.0,1212.5,1140.05,1144.6,1191.4,3882727,4530002108.75,1166.71,,-3.9281517542387254,1152.8200000000002,1127.078
1807,2011-04-19,TCS,1144.6,1169.4,1140.0,1164.7,1144.6,1560112,1802233836.15,1155.2,,1.7560719902149344,1157.5149999999999,1127.749
1808,2011-04-20,TCS,1179.8,1224.0,1179.55,1218.7,1164.7,2669274,3220200367.15,1206.4,,4.6363870524598605,1164.975,1129.621
1809,2011-04-21,TCS,1241.0,1245.8,1170.85,1192.1,1218.7,8666984,10488188809.8,1210.13,,-2.1826536473291323,1171.105,1131.497
1810,2011-04-25,TCS,1197.0,1204.0,1172.65,1197.85,1192.1,2095776,2497797081.35,1191.82,,0.48234208539552054,1177.7800000000002,1133.639
1811,2011-04-26,TCS,1200.0,1202.0,1180.35,1189.0,1197.85,1577623,1874901463.95,1188.43,,-0.7388237258421262,1182.56,1135.604
1812,2011-04-27,TCS,1194.95,1194.95,1176.05,1180.6,1189.0,887239,1050634976.15,1184.16,,-0.7064760302775518,1185.6074999999998,1137.424
1813,2011-04-28,TCS,1180.15,1183.5,1155.6,1158.65,1180.6,1423097,1659055652.3,1165.81,,-1.8592241233271065,1187.545,1138.3509999999999
1814,2011-04-29,TCS,1172.0,1172.0,1150.25,1165.65,1158.65,933348,1083936306.7,1161.34,,0.6041513830751305,1188.8925000000002,1139.71
1759,2011-05-02,TCS,1170.0,1177.5,1152.5,1158.45,1165.65,771535,896697933.7,1162.23,,-0.617681122120709,1189.2175,1140.949
1760,2011-05-03,TCS,1162.0,1162.0,1131.0,1138.45,1158.45,1060078,1215996644.0,1147.08,,-1.7264448185074883,1186.945,1141.5339999999999
1761,2011-05-04,TCS,1146.0,1146.0,1115.15,1137.05,1138.45,1361467,1534048029.3,1126.76,,-0.12297421933331204,1184.79,1142.481
1762,2011-05-05,TCS,1145.0,1145.0,1108.1,1115.0,1137.05,942798,1058464056.75,1122.68,,-1.9392287058616557,1179.8799999999999,1142.009
1763,2011-05-06,TCS,1120.0,1153.5,1119.75,1148.95,1115.0,1202674,1366279552.75,1136.03,,3.0448430493273584,1175.335,1142.213
1764,2011-05-09,TCS,1150.0,1151.95,1124.5,1135.55,1148.95,506116,574386185.25,1134.89,,-1.1662822577135725,1171.02,1142.413
1765,2011-05-10,TCS,1133.0,1159.95,1128.0,1139.9,1135.55,764579,876205541.65,1146.0,,0.3830742811853407,1168.0549999999998,1142.975
1766,2011-05-11,TCS,1139.0,1151.7,1126.1,1140.25,1139.9,730335,833052234.15,1140.64,,0.030704447758567333,1165.2675,1143.579
1767,2011-05-12,TCS,1133.9,1133.9,1108.35,1111.75,1140.25,1270229,1420904328.65,1118.62,,-2.499451874588906,1161.935,1143.609
1768,2011-05-13,TCS,1112.0,1142.3,1112.0,1127.1,1111.75,1182744,1333045935.45,1127.08,,1.3807060939959441,1157.7849999999999,1143.661
1769,2011-05-16,TCS,1121.0,1147.4,1120.0,1131.1,1127.1,1113684,1263974289.8,1134.95,,0.3548930884571023,1154.77,1143.279
1770,2011-05-17,TCS,1122.05,1149.2,1122.05,1141.7,1131.1,695707,794218851.35,1141.6,,0.9371408363540038,1154.625,1143.402
1771,2011-05-18,TCS,1142.25,1161.5,1142.25,1155.05,1141.7,1112590,1285184480.9,1155.13,,1.169308925286845,1154.1425000000002,1144.338
1772,2011-05-19,TCS,1165.0,1170.0,1156.0,1164.85,1155.05,1025461,1194266432.1,1164.61,,0.8484481191290382,1151.45,1145.281
1773,2011-05-20,TCS,1173.75,1183.4,1163.25,1175.0,1164.85,1025300,1204797707.4,1175.07,,0.8713568270592859,1150.5949999999998,1146.247
1774,2011-05-23,TCS,1164.0,1170.5,1150.0,1166.55,1175.0,1008642,1171760225.3,1161.72,,-0.7191489361702166,1149.03,1147.4070000000002
1775,2011-05-24,TCS,1162.65,1172.8,1139.15,1149.9,1166.55,840997,970785185.75,1154.33,,-1.4272855857014157,1147.075,1148.864
1776,2011-05-25,TCS,1149.1,1149.9,1120.0,1128.6,1149.9,933735,1054729920.15,1129.58,,-1.8523349856509417,1144.475,1149.485
1777,2011-05-26,TCS,1139.0,1143.0,1120.0,1135.75,1128.6,1030109,1166676627.05,1132.58,,0.6335282651072206,1143.33,1150.404
1778,2011-05-27,TCS,1148.55,1149.9,1136.3,1144.55,1135.75,643352,736446696.1,1144.7,,0.774818401937042,1142.275,1150.998
1779,2011-05-30,TCS,1151.0,1159.95,1142.3,1151.95,1144.55,570434,656454149.45,1150.8,,0.6465423092044988,1141.95,1152.0770000000002
1780,2011-05-31,TCS,1155.0,1177.7,1150.1,1157.15,1151.95,1322077,1539154085.55,1164.19,,0.45140848127089245,1142.885,1153.565
1781,2011-06-01,TCS,1157.0,1177.0,1157.0,1175.4,1157.15,491193,575310639.75,1171.25,24427.0,1.577150758328652,1144.8025000000002,1155.657
1782,2011-06-02,TCS,1158.9,1172.0,1156.65,1167.75,1175.4,848827,987569955.7,1163.45,31879.0,-0.6508422664624886,1147.44,1157.622
1783,2011-06-03,TCS,1166.0,1175.0,1150.0,1152.1,1167.75,683904,791379447.45,1157.15,21179.0,-1.3401841147505966,1147.5975,1159.274
1784,2011-06-06,TCS,1140.0,1168.0,1140.0,1164.35,1152.1,678537,784862606.2,1156.7,20965.0,1.0632757573127334,1149.0375,1161.2740000000001
1785,2011-06-07,TCS,1163.0,1183.15,1158.0,1179.3,1164.35,918721,1079672664.9,1175.19,26487.0,1.283978185253579,1151.0075000000002,1162.992
1786,2011-06-08,TCS,1171.9,1185.0,1163.5,1181.4,1179.3,1063835,1251991785.15,1176.87,29739.0,0.1780717374713929,1153.065,1164.2269999999999
1787,2011-06-09,TCS,1175.0,1193.8,1175.0,1186.35,1181.4,1346983,1600448147.8,1188.17,45573.0,0.4189944134078058,1156.795,1165.5559999999998
1730,2011-06-10,TCS,1186.55,1197.5,1185.1,1189.2,1186.35,1887275,2250023452.45,1192.21,41123.0,0.24023264635226843,1159.9,1166.566
1788,2011-06-10,TCS,1186.55,1197.5,1185.1,1189.2,1186.35,1887275,2250023452.45,1192.21,41123.0,0.24023264635226843,1162.8049999999998,1167.3110000000001
1731,2011-06-13,TCS,1189.2,1190.5,1172.55,1175.3,1189.2,1614700,1905697052.75,1180.22,47730.0,-1.1688530104271855,1164.485,1167.1390000000001
1732,2011-06-14,TCS,1178.0,1194.9,1178.0,1191.05,1175.3,1062891,1261231599.95,1186.6,58212.0,1.3400833829660512,1166.2849999999999,1167.357
1733,2011-06-15,TCS,1186.0,1205.0,1181.25,1184.25,1191.05,1406191,1676520130.6,1192.24,72727.0,-0.5709248142395328,1167.2549999999999,1166.778
1734,2011-06-16,TCS,1183.0,1185.9,1148.25,1151.15,1184.25,1168760,1360009180.9,1163.63,42264.0,-2.7950179438463083,1166.0625,1165.004
1735,2011-06-17,TCS,1155.0,1157.0,1104.0,1109.2,1151.15,1894073,2122140727.75,1120.41,51582.0,-3.644181905051474,1163.1950000000002,1162.751
1736,2011-06-20,TCS,1115.0,1119.0,1058.0,1069.3,1109.2,2655204,2865284005.1,1079.12,73359.0,-3.597187161918508,1159.165,1160.153
1737,2011-06-21,TCS,1075.0,1110.7,1063.2,1106.75,1069.3,1712973,1876347156.3,1095.37,48867.0,3.502291218554199,1158.0725,1158.368
1738,2011-06-22,TCS,1116.0,1116.9,1080.0,1083.5,1106.75,1785417,1947106553.45,1090.56,50764.0,-2.1007454257962506,1155.46,1156.47
1739,2011-06-23,TCS,1081.8,1101.0,1070.1,1097.0,1083.5,1214118,1320554619.8,1087.67,33477.0,1.2459621596677435,1153.0825,1154.208
1740,2011-06-24,TCS,1100.0,1140.75,1099.0,1137.75,1097.0,2075794,2338913330.6,1126.76,66122.0,3.714676390154968,1152.3725,1153.135
1741,2011-06-27,TCS,1122.0,1154.7,1122.0,1150.6,1137.75,1562609,1790594508.05,1145.9,36210.0,1.1294221050318531,1152.045,1153.255
1742,2011-06-28,TCS,1160.0,1162.0,1135.65,1154.0,1150.6,1066666,1225463246.35,1148.87,41061.0,0.29549800104294205,1150.975,1153.041
1743,2011-06-29,TCS,1154.7,1178.9,1154.7,1169.85,1154.0,1479352,1733140252.25,1171.55,62658.0,1.3734835355285884,1151.08,1152.0639999999999
1744,2011-06-30,TCS,1169.8,1192.0,1167.0,1184.2,1169.85,2586458,3049524536.25,1179.04,62175.0,1.226652989699546,1152.685,1151.906
1745,2011-07-01,TCS,1198.0,1198.0,1179.7,1191.9,1184.2,960420,1140585986.15,1187.59,30833.0,0.6502280020266884,1154.0625,1151.787
1746,2011-07-04,TCS,1193.0,1200.0,1180.0,1185.7,1191.9,801867,954428863.65,1190.26,32679.0,-0.520177867270748,1154.3825,1151.721
1747,2011-07-05,TCS,1189.8,1191.0,1173.4,1179.45,1185.7,1030568,1217534139.9,1181.42,30672.0,-0.5271147845154761,1154.285,1151.6979999999999
1748,2011-07-06,TCS,1178.25,1192.9,1171.7,1182.8,1179.45,745089,880805240.35,1182.15,41424.0,0.2840306922718139,1154.1074999999998,1152.181
1749,2011-07-07,TCS,1183.1,1200.0,1183.1,1195.9,1182.8,1301317,1550154495.05,1191.22,31664.0,1.1075414271220947,1154.4425,1152.786
1750,2011-07-08,TCS,1196.0,1205.0,1169.25,1171.65,1195.9,1706030,2021443839.9,1184.88,37915.0,-2.0277615185216153,1153.565,1153.05
1751,2011-07-11,TCS,1170.0,1177.8,1146.6,1156.65,1171.65,911252,1056373453.1,1159.26,32350.0,-1.2802458071949814,1152.6325000000002,1153.414
1752,2011-07-12,TCS,1135.7,1148.8,1112.1,1145.35,1156.65,2039702,2323310180.95,1139.04,43525.0,-0.9769593221804506,1150.3474999999999,1153.58
1753,2011-07-13,TCS,1150.0,1168.0,1131.0,1149.05,1145.35,1976300,2271902517.85,1149.57,74511.0,0.32304535731436207,1148.5875,1154.261
1754,2011-07-14,TCS,1150.0,1158.6,1119.1,1123.7,1149.05,3468922,3945613635.85,1137.42,83431.0,-2.2061703146077116,1147.215,1153.756
1755,2011-07-15,TCS,1168.0,1177.9,1141.1,1146.05,1123.7,3639850,4202337630.95,1154.54,78431.0,1.9889650262525502,1149.0575000000001,1153.966
1756,2011-07-18,TCS,1148.0,1152.0,1122.3,1125.05,1146.05,1562604,1765650128.0,1129.94,67052.0,-1.8323807861786137,1151.845,1153.669
1757,2011-07-19,TCS,1121.6,1148.15,1120.25,1140.05,1125.05,1097646,1248841269.2,1137.75,38329.0,1.3332740767077018,1153.51,1153.665
1758,2011-07-20,TCS,1150.0,1151.8,1125.0,1132.45,1140.05,1403873,1590918673.15,1133.24,46558.0,-0.6666374281829665,1155.9575,1154.0790000000002
1702,2011-07-20,TCS,1150.0,1151.8,1125.0,1132.45,1140.05,1403873,1590918673.15,1133.24,46558.0,-0.6666374281829665,1157.73,1154.186
1703,2011-07-21,TCS,1132.0,1132.5,1120.05,1122.55,1132.45,925312,1040745597.05,1124.75,33166.0,-0.8742107819329851,1156.97,1154.015
1704,2011-07-22,TCS,1126.75,1141.3,1126.5,1133.4,1122.55,1045221,1185812399.85,1134.51,30780.0,0.9665493741926984,1156.1100000000001,1153.8490000000002
1705,2011-07-25,TCS,1135.0,1144.0,1123.15,1139.9,1133.4,2370357,2681726399.45,1131.36,41385.0,0.5734956767248985,1155.405,1153.5459999999998
1706,2011-07-26,TCS,1139.8,1151.95,1127.25,1144.65,1139.9,1984361,2263066410.95,1140.45,52350.0,0.416703219580665,1154.145,1153.142
1707,2011-07-27,TCS,1148.95,1154.65,1138.15,1147.15,1144.65,1012145,1162013628.3,1148.07,44674.0,0.2184073734329271,1152.2925,1152.585
1708,2011-07-28,TCS,1140.0,1144.9,1120.3,1129.55,1147.15,2046907,2316541981.8,1131.73,40432.0,-1.5342370221854278,1149.175,1151.845
1709,2011-07-29,TCS,1133.0,1142.0,1121.65,1137.0,1129.55,859569,975849040.5,1135.28,31301.0,0.659554689920769,1146.74,1151.5870000000002
1710,2011-08-01,TCS,1142.4,1149.9,1125.1,1135.25,1137.0,991173,1125519548.35,1135.54,41634.0,-0.15391380826737028,1144.53,1151.72
1711,2011-08-02,TCS,1130.5,1134.0,1122.25,1130.65,1135.25,1012646,1143636294.4,1129.35,28665.0,-0.4051970931512803,1141.9225000000001,1151.618
1712,2011-08-03,TCS,1120.0,1125.7,1095.35,1110.35,1130.65,1532123,1703712430.95,1111.99,47849.0,-1.7954274090125308,1137.645,1150.9340000000002
1713,2011-08-04,TCS,1110.05,1119.5,1091.1,1095.85,1110.35,1524647,1689163701.2,1107.9,31524.0,-1.3058945377583646,1133.855,1149.812
1714,2011-08-05,TCS,1073.15,1074.0,1028.0,1057.95,1095.85,2634694,2762942479.45,1048.68,95541.0,-3.458502532280866,1128.92,1147.828
1715,2011-08-08,TCS,1011.2,1033.35,996.6,1005.35,1057.95,3274653,3298171242.25,1007.18,88735.0,-4.971879578429984,1121.92,1144.427
1716,2011-08-09,TCS,965.0,985.2,947.7,964.8,1005.35,4079635,3937254511.6,965.1,115137.0,-4.033421196598206,1112.7075,1140.368
1717,2011-08-10,TCS,999.0,1012.0,973.8,984.05,964.8,2974540,2953649631.75,992.98,70100.0,1.9952321724709783,1105.725,1137.007
1718,2011-08-11,TCS,980.0,983.4,963.0,978.35,984.05,1450232,1414739950.25,975.53,43366.0,-0.5792388598140269,1097.34,1133.287
1719,2011-08-12,TCS,990.55,991.9,937.5,947.15,978.35,2084542,1987759491.45,953.57,64295.0,-3.1890427761026263,1088.445,1128.644
1720,2011-08-16,TCS,967.0,978.35,956.05,973.6,947.15,1491784,1444778098.95,968.49,43972.0,2.7925882911893627,1080.1225,1124.488
1721,2011-08-17,TCS,974.5,1009.4,970.0,999.9,973.6,2278946,2270614698.2,996.34,74899.0,2.7013147082990914,1073.495,1120.759
1722,2011-08-18,TCS,1005.9,1009.3,958.0,962.35,999.9,1809948,1756728414.4,970.6,47801.0,-3.755375537553751,1064.99,1116.222
1723,2011-08-19,TCS,943.0,946.95,905.0,928.95,962.35,2721807,2514794953.2,923.94,85065.0,-3.47067075388372,1055.31,1111.017
1724,2011-08-22,TCS,929.0,930.0,902.0,918.05,928.95,1764461,1618568365.35,917.32,53747.0,-1.1733677808278262,1044.5425,1105.872
1725,2011-08-23,TCS,920.85,988.0,920.35,981.6,918.05,2437335,2348905691.2,963.72,74378.0,6.9222809215184435,1036.6275,1101.683
1726,2011-08-24,TCS,978.0,978.0,955.0,962.6,981.6,1597395,1540071840.2,964.11,50180.0,-1.9356153219233903,1027.525,1097.25
1727,2011-08-25,TCS,969.7,973.0,938.0,950.4,962.6,2222744,2117952682.6,952.85,66580.0,-1.2674007895283654,1017.6875,1093.235
1728,2011-08-26,TCS,951.1,969.5,940.0,948.45,950.4,1792455,1713239653.9,955.81,69655.0,-0.2051767676767605,1008.6325,1090.02
1675,2011-08-29,TCS,964.1,1024.0,964.1,1019.6,948.45,2795222,2807989799.45,1004.57,77149.0,7.501713321735461,1002.7625,1089.026
1729,2011-08-29,TCS,964.1,1024.0,964.1,1019.6,948.45,2795222,2807989799.45,1004.57,77149.0,7.501713321735461,996.9800000000001,1087.2830000000001
1676,2011-08-30,TCS,1030.0,1050.3,1024.15,1042.4,1019.6,2983341,3094938328.45,1037.41,78911.0,2.2361710474696026,992.5674999999999,1086.461
1677,2011-09-02,TCS,1073.0,1074.75,1012.0,1022.1,1042.4,2206753,2266765948.25,1027.2,69634.0,-1.9474290099769827,988.1550000000001,1084.963
1678,2011-09-05,TCS,1015.8,1033.2,998.45,1027.7,1022.1,1894829,1913100916.5,1009.64,48351.0,0.5478915957342747,984.7475000000001,1082.762
1679,2011-09-06,TCS,1018.0,1042.0,1005.0,1033.9,1027.7,2381646,2436115420.1,1022.87,67022.0,0.6032888975381965,983.5449999999998,1080.428
1680,2011-09-07,TCS,1034.1,1050.0,1025.0,1031.0,1033.9,2216078,2302257552.75,1038.89,63117.0,-0.2804913434568228,984.8275,1077.968
1681,2011-09-08,TCS,1033.0,1054.95,1029.0,1036.05,1031.0,2446331,2551953645.3,1043.18,66293.0,0.48981571290009257,988.3900000000001,1075.2920000000001
1682,2011-09-09,TCS,1040.0,1051.6,1010.65,1016.05,1036.05,2531325,2594423011.35,1024.93,52353.0,-1.930408764055789,989.9900000000001,1071.9289999999999
1683,2011-09-12,TCS,1000.0,1003.85,978.65,985.7,1016.05,1648585,1624978687.7,985.68,49904.0,-2.9870577235372187,990.3575000000001,1067.805
1684,2011-09-13,TCS,997.8,1024.0,988.75,993.75,985.7,1899102,1912156260.1,1006.87,51900.0,0.8166785025869894,992.6875000000002,1063.9660000000001
1685,2011-09-14,TCS,1001.0,1029.0,993.75,1015.1,993.75,2372816,2402924851.75,1012.69,72846.0,2.148427672955977,994.7625,1060.679
1686,2011-09-15,TCS,1028.0,1045.8,1010.0,1041.75,1015.1,1926119,1981608749.7,1028.81,56168.0,2.6253571076741187,996.8550000000001,1057.858
1687,2011-09-16,TCS,1048.0,1072.4,1021.3,1027.75,1041.75,2328252,2439782895.95,1047.9,61929.0,-1.343892488600912,1000.125,1054.495
1688,2011-09-19,TCS,1021.5,1032.5,1012.5,1018.05,1027.75,1120117,1143833586.55,1021.17,41132.0,-0.9438092921430352,1004.5799999999999,1051.4229999999998
1689,2011-09-20,TCS,1022.1,1064.0,1022.1,1057.95,1018.05,1743993,1825671732.9,1046.83,55888.0,3.91925740386033,1011.575,1049.449
1690,2011-09-21,TCS,1067.95,1067.95,1036.9,1043.5,1057.95,1370380,1438364883.35,1049.61,57853.0,-1.365849047686568,1014.6700000000001,1047.412
1691,2011-09-22,TCS,1023.0,1034.0,986.2,994.4,1043.5,1570785,1587731289.7,1010.79,51531.0,-4.705318639195019,1016.26,1044.3190000000002
1692,2011-09-23,TCS,988.0,1015.0,982.25,990.3,994.4,2282116,2277894612.05,998.15,71415.0,-0.41230893000804736,1018.2550000000001,1041.6509999999998
1693,2011-09-26,TCS,996.0,1008.0,969.0,996.95,990.3,1694239,1675127347.65,988.72,59746.0,0.6715136827224166,1020.6800000000001,1038.669
1694,2011-09-27,TCS,1013.8,1045.0,1006.0,1040.55,996.95,1982289,2041690348.85,1029.97,55441.0,4.373338682983089,1021.7275000000002,1036.979
1695,2011-09-28,TCS,1048.5,1064.7,1037.0,1047.9,1040.55,2212595,2321123940.45,1049.05,89790.0,0.7063572149344228,1023.1424999999999,1035.136
1696,2011-09-29,TCS,1043.25,1068.0,1035.7,1061.45,1047.9,2690175,2834808026.65,1053.76,87210.0,1.293062315106399,1024.0949999999998,1033.716
1697,2011-09-30,TCS,1049.9,1064.0,1033.1,1037.3,1061.45,1345509,1409261100.85,1047.38,53520.0,-2.2751895991332693,1024.855,1031.813
1698,2011-10-03,TCS,1020.0,1049.9,1015.3,1043.3,1037.3,1974632,2044379036.3,1035.32,55562.0,0.5784247565795817,1025.635,1030.228
1699,2011-10-04,TCS,1038.4,1059.0,1029.1,1045.95,1043.3,2359112,2463594354.95,1044.29,64788.0,0.25400172529474657,1026.2375,1028.479
1700,2011-10-05,TCS,1054.5,1063.0,1041.0,1043.55,1045.95,1707631,1795276857.05,1051.33,49113.0,-0.2294564749749119,1026.8650000000002,1026.5520000000001
1701,2011-10-07,TCS,1075.1,1077.8,1037.5,1048.55,1043.55,2542904,2692140872.2,1058.69,75081.0,0.47913372622298883,1027.49,1024.63
1649,2011-10-10,TCS,1048.0,1074.0,1048.0,1064.7,1048.55,1927407,2048897832.75,1063.03,51990.0,1.540222211625587,1029.9225000000001,1022.9810000000001
1650,2011-10-11,TCS,1075.0,1078.0,1034.5,1040.85,1064.7,2238187,2359922668.7,1054.39,60909.0,-2.240067624683022,1032.6799999999998,1021.207
1651,2011-10-12,TCS,1066.0,1089.4,1062.0,1079.05,1040.85,2935831,3162280166.6,1077.13,86502.0,3.6700773406350624,1036.945,1020.0479999999999
1652,2011-10-13,TCS,1096.5,1104.95,1080.1,1092.75,1079.05,2704459,2954776222.6,1092.56,63136.0,1.269635327371303,1040.8274999999999,1019.1979999999999
1653,2011-10-14,TCS,1089.4,1140.75,1088.9,1134.25,1092.75,3355066,3753928968.9,1118.88,87417.0,3.7977579501258294,1045.4524999999999,1019.27
1654,2011-10-17,TCS,1151.5,1154.0,1111.3,1120.25,1134.25,2179345,2458659388.25,1128.16,66752.0,-1.2342957901697156,1050.0774999999999,1019.4679999999998
1655,2011-10-18,TCS,1062.0,1064.25,1020.5,1033.55,1120.25,6003389,6214092462.35,1035.1,165201.0,-7.73934389645169,1050.8525,1018.222
1656,2011-10-19,TCS,1043.0,1054.4,1035.2,1048.95,1033.55,1913710,1999952454.55,1045.07,62410.0,1.4900101591601849,1050.4025,1018.0419999999999
1657,2011-10-20,TCS,1036.0,1047.0,1030.3,1044.9,1048.95,1122706,1168083962.2,1040.42,37117.0,-0.3861003861003817,1050.4725,1018.8330000000001
1658,2011-10-21,TCS,1054.9,1060.0,1043.0,1049.85,1044.9,1230565,1294523839.6,1051.98,38019.0,0.4737295434969679,1053.245,1020.534
1659,2011-10-24,TCS,1060.0,1092.3,1059.5,1079.75,1049.85,1635860,1769637570.6,1081.78,49788.0,2.8480259084631228,1057.7175,1022.4479999999999
1660,2011-10-25,TCS,1089.0,1107.0,1071.45,1098.65,1079.75,2079373,2267527059.3,1090.49,51815.0,1.7504051863857457,1062.8025,1024.854
1661,2011-10-26,TCS,1105.0,1110.0,1093.35,1095.9,1098.65,205962,226247633.7,1098.49,7369.0,-0.25030719519410183,1065.57,1027.829
1662,2011-10-28,TCS,1129.0,1139.1,1111.0,1121.5,1095.9,1629558,1830104649.55,1123.07,53248.0,2.33597956017884,1069.25,1030.787
1663,2011-10-31,TCS,1120.0,1132.0,1112.0,1115.8,1121.5,889370,996554570.2,1120.52,31382.0,-0.5082478823004946,1071.9675000000002,1033.105
1664,2011-11-01,TCS,1108.0,1123.0,1096.25,1108.45,1115.8,729105,807908626.95,1108.08,33590.0,-0.6587202007528149,1075.525,1036.027
1665,2011-11-02,TCS,1101.25,1121.85,1100.0,1106.85,1108.45,775422,862819804.25,1112.71,24109.0,-0.14434570797060187,1078.7024999999999,1039.585
1666,2011-11-03,TCS,1097.8,1109.4,1087.0,1105.0,1106.85,945634,1038217511.6,1097.91,29241.0,-0.1671409856800749,1081.6550000000002,1043.3239999999998
1667,2011-11-04,TCS,1121.0,1125.0,1087.2,1099.8,1105.0,1358004,1498124335.1,1103.18,51114.0,-0.47058823529412175,1084.4675,1045.688
1668,2011-11-08,TCS,1096.0,1114.8,1096.0,1105.25,1099.8,846052,937742289.75,1108.37,33745.0,0.4955446444808188,1087.3025,1048.5410000000002
1669,2011-11-09,TCS,1110.0,1146.0,1106.3,1122.95,1105.25,1960990,2209720207.0,1126.84,59923.0,1.6014476362813883,1090.215,1051.992
1670,2011-11-11,TCS,1110.0,1141.0,1107.25,1131.0,1122.95,1814795,2051757178.9,1130.57,53023.0,0.7168618371254245,1094.7225,1055.643
1671,2011-11-14,TCS,1140.0,1156.0,1124.5,1128.4,1131.0,1164575,1331764024.0,1143.56,36357.0,-0.22988505747125634,1097.19,1057.819
1672,2011-11-15,TCS,1125.05,1138.95,1120.0,1124.4,1128.4,734239,829660836.05,1129.96,35819.0,-0.35448422545196734,1098.7725,1059.915
1673,2011-11-16,TCS,1126.0,1132.8,1105.2,1117.25,1124.4,935801,1046380739.8,1118.17,40087.0,-0.635894699395241,1097.9225000000001,1061.412
1621,2011-11-17,TCS,1115.0,1123.5,1107.6,1115.15,1117.25,695994,777055945.55,1116.47,33394.0,-0.18796151264264122,1097.6675,1063.2730000000001
1674,2011-11-17,TCS,1115.0,1123.5,1107.6,1115.15,1117.25,695994,777055945.55,1116.47,33394.0,-0.18796151264264122,1101.7475,1065.0220000000002
1622,2011-11-18,TCS,1105.75,1109.8,1076.3,1086.6,1115.15,1394721,1523748446.1,1092.51,54395.0,-2.5601936959153635,1103.63,1066.076
1623,2011-11-21,TCS,1085.0,1088.3,1060.1,1067.2,1086.6,1435852,1533258767.45,1067.84,50749.0,-1.7853856064789126,1104.745,1066.8
1624,2011-11-22,TCS,1068.9,1095.0,1057.0,1081.85,1067.2,1861791,2013086676.35,1081.26,52072.0,1.3727511244377681,1106.345,1067.716
1625,2011-11-23,TCS,1081.95,1081.95,1041.0,1062.3,1081.85,1177875,1248265339.25,1059.76,49846.0,-1.8070897074455754,1105.4725,1068.641
1626,2011-11-24,TCS,1062.0,1096.4,1045.0,1091.8,1062.3,1883422,2012456712.35,1068.51,47759.0,2.7769933163889675,1105.1299999999999,1070.763
1627,2011-11-25,TCS,1085.0,1087.9,1057.1,1063.9,1091.8,1070302,1143159292.2,1068.07,32476.0,-2.5554130793185443,1103.5300000000002,1072.166
1628,2011-11-28,TCS,1077.95,1096.0,1074.0,1088.5,1063.9,752243,817399978.8,1086.62,23754.0,2.3122473916721407,1101.88,1073.634
1629,2011-11-29,TCS,1093.0,1105.9,1086.2,1093.3,1088.5,1277348,1397644226.3,1094.18,39342.0,0.44097381717960077,1100.7549999999999,1074.665
1630,2011-11-30,TCS,1081.15,1122.95,1081.15,1115.55,1093.3,1740849,1924293053.45,1105.38,51798.0,2.035123022043355,1101.1100000000001,1076.4209999999998
1631,2011-12-01,TCS,1140.0,1148.55,1126.2,1134.8,1115.55,1240724,1407353023.7,1134.3,36547.0,1.7256062032181436,1102.5075,1078.756
1632,2011-12-02,TCS,1134.85,1185.0,1129.6,1178.0,1134.8,1984433,2296378188.45,1157.2,67770.0,3.8068382093761057,1106.1574999999998,1081.157
1633,2011-12-05,TCS,1172.5,1183.9,1162.55,1180.95,1178.0,765238,899920558.95,1176.0,27355.0,0.25042444821732135,1110.215,1083.906
1634,2011-12-07,TCS,1180.0,1192.9,1173.6,1179.55,1180.95,1318711,1561411938.45,1184.04,53045.0,-0.11854862610610872,1113.9299999999998,1087.609
1635,2011-12-08,TCS,1170.0,1189.0,1167.15,1177.6,1179.55,1663222,1960996561.4,1179.03,59937.0,-0.16531728201433135,1116.6625,1091.355
1636,2011-12-09,TCS,1161.0,1182.8,1161.0,1172.4,1177.6,1381615,1621078124.65,1173.32,50999.0,-0.44157608695650635,1118.7324999999998,1094.864
1637,2011-12-12,TCS,1176.0,1190.0,1155.1,1180.35,1172.4,1586085,1863010384.6,1174.6,42626.0,0.6780962128966067,1121.3300000000002,1097.66
1638,2011-12-13,TCS,1175.0,1196.9,1166.65,1178.7,1180.35,1637279,1934082380.4,1181.28,71385.0,-0.13978904562204972,1124.045,1100.276
1639,2011-12-14,TCS,1180.5,1189.0,1170.0,1182.45,1178.7,1673088,1974104592.95,1179.92,50577.0,0.3181471112242301,1127.3049999999998,1102.6960000000001
1640,2011-12-15,TCS,1179.7,1189.9,1154.6,1182.5,1182.45,1834686,2153972137.2,1174.03,49265.0,0.004228508605011165,1130.6725,1105.6
1641,2011-12-16,TCS,1176.55,1182.55,1132.3,1146.3,1182.5,1775448,2061293969.1,1161.0,64103.0,-3.0613107822410184,1132.23,1107.66
1642,2011-12-19,TCS,1139.0,1157.4,1114.4,1143.65,1146.3,1833862,2071979589.8,1129.84,61069.0,-0.23117857454417376,1135.0825,1109.614
1643,2011-12-20,TCS,1145.35,1151.1,1128.25,1133.35,1143.65,904698,1031466084.9,1140.12,28995.0,-0.9006251912735698,1138.39,1111.41
1644,2011-12-21,TCS,1150.0,1166.0,1122.45,1158.7,1133.35,1558488,1784006788.05,1144.7,53892.0,2.2367318127674714,1142.2324999999998,1113.613
1645,2011-12-22,TCS,1152.0,1163.85,1134.25,1151.7,1158.7,1043134,1197017865.35,1147.52,35073.0,-0.6041253128506084,1146.7024999999999,1115.3529999999998
1646,2011-12-23,TCS,1151.0,1162.0,1139.1,1157.15,1151.7,789295,908203899.6,1150.65,29190.0,0.4732135104627981,1149.97,1117.6789999999999
1647,2011-12-26,TCS,1157.15,1190.2,1153.5,1188.4,1157.15,1114676,1316113826.15,1180.71,30699.0,2.7006006135764595,1156.195,1119.866
1648,2011-12-27,TCS,1185.4,1190.0,1170.0,1179.45,1188.4,491951,580765567.05,1180.54,19911.0,-0.7531134298216127,1160.7424999999998,1121.6
1617,2011-12-27,TCS,1185.4,1190.0,1170.0,1179.45,1188.4,491951,580765567.05,1180.54,19911.0,-0.7531134298216127,1165.05,1122.5040000000001
1618,2011-12-28,TCS,1178.7,1183.55,1165.9,1169.2,1179.45,598955,702857906.5,1173.47,21796.0,-0.8690491330704989,1167.7325,1123.483
1619,2011-12-29,TCS,1163.5,1178.1,1159.5,1165.7,1169.2,792864,924860793.7,1166.48,23865.0,-0.29934998289428666,1169.2775000000001,1126.126
1620,2011-12-30,TCS,1178.0,1182.5,1156.5,1160.65,1165.7,772705,904393040.95,1170.42,35134.0,-0.4332160933344732,1168.41,1128.3600000000001
2099,2012-01-02,TCS,1161.0,1185.95,1153.0,1178.6,1160.65,1124271,1318876711.85,1173.1,36353.0,1.5465471933830024,1168.2925,1131.034
2100,2012-01-03,TCS,1183.25,1209.9,1180.0,1197.6,1178.6,1354442,1624578424.9,1199.44,55143.0,1.6120821313422704,1169.1950000000002,1133.989
2101,2012-01-04,TCS,1204.9,1205.0,1169.3,1173.0,1197.6,1193385,1414159903.6,1185.0,44225.0,-2.0541082164328586,1168.965,1135.854
2102,2012-01-05,TCS,1172.8,1185.0,1167.35,1172.0,1173.0,1273656,1497225057.3,1175.53,37736.0,-0.08525149190110827,1168.9450000000002,1137.3210000000001
2103,2012-01-06,TCS,1166.0,1188.35,1156.8,1169.4,1172.0,1059864,1239010034.9,1169.03,37310.0,-0.22184300341296154,1168.3975,1138.7910000000002
2104,2012-01-07,TCS,1170.0,1178.75,1170.0,1172.5,1169.4,67051,78700568.25,1173.74,2497.0,0.2650932101932537,1168.0875,1139.8110000000001
2105,2012-01-09,TCS,1171.0,1179.7,1165.25,1171.35,1172.5,754514,884959515.95,1172.89,22071.0,-0.09808102345416553,1167.5325,1140.922
2106,2012-01-10,TCS,1175.0,1185.5,1158.5,1165.4,1171.35,1795895,2097239905.95,1167.8,44885.0,-0.5079608998164356,1166.6775000000002,1142.0610000000001
2107,2012-01-11,TCS,1171.4,1175.0,1133.15,1137.0,1165.4,2837690,3257563154.65,1147.96,86738.0,-2.4369315256564343,1166.2125,1142.664
2108,2012-01-12,TCS,1101.0,1115.0,1068.65,1089.5,1137.0,4764342,5183398650.95,1087.96,123967.0,-4.177660510114336,1163.505,1142.354
2109,2012-01-13,TCS,1097.15,1103.35,1073.0,1085.75,1089.5,2009914,2179963466.7,1084.61,73329.0,-0.3441945846718678,1161.125,1142.073
2110,2012-01-16,TCS,1084.0,1114.0,1078.9,1109.4,1085.75,1523601,1682863237.55,1104.53,55600.0,2.178217821782187,1158.66,1142.156
2111,2012-01-17,TCS,1119.9,1124.7,1094.0,1103.95,1109.4,1852109,2047993736.2,1105.76,72226.0,-0.49125653506400263,1156.2725,1141.776
2112,2012-01-18,TCS,1080.0,1096.3,1045.3,1076.15,1103.95,5832766,6263368057.45,1073.82,173628.0,-2.5182299923003715,1152.2225,1140.679
2113,2012-01-19,TCS,1087.0,1088.9,1065.4,1075.55,1076.15,2081646,2233784640.2,1073.09,66009.0,-0.05575430934350568,1146.5800000000002,1139.622
2114,2012-01-20,TCS,1079.95,1090.95,1073.0,1079.5,1075.55,1286347,1391939800.65,1082.09,56002.0,0.36725396308865654,1141.5825,1138.724
2115,2012-01-23,TCS,1086.0,1091.45,1074.15,1077.7,1079.5,1065248,1153354698.1,1082.71,33147.0,-0.16674386289948628,1136.4950000000001,1137.933
2116,2012-01-24,TCS,1088.0,1095.0,1078.0,1088.7,1077.7,1320655,1435829008.8,1087.21,40091.0,1.0206922149021063,1132.47,1137.404
2117,2012-01-25,TCS,1094.9,1109.95,1091.05,1098.0,1088.7,2922619,3221879756.0,1102.39,86136.0,0.8542298153761325,1129.085,1137.0610000000001
2118,2012-01-27,TCS,1105.0,1120.55,1100.1,1108.75,1098.0,2604859,2894660972.95,1111.25,73983.0,0.9790528233151183,1126.4900000000002,1137.504
2119,2012-01-30,TCS,1102.5,1118.95,1100.75,1111.75,1108.75,1297779,1444383802.65,1112.97,48696.0,0.2705749718151071,1123.1475,1138.395
2120,2012-01-31,TCS,1113.0,1135.9,1113.0,1132.4,1111.75,1769060,1995368095.0,1127.93,59186.0,1.8574319766134555,1119.8875,1139.406
2121,2012-02-01,TCS,1129.4,1135.0,1108.25,1128.7,1132.4,1144402,1282099207.75,1120.32,55158.0,-0.3267396679618549,1117.6725000000001,1140.734
2122,2012-02-02,TCS,1136.0,1152.65,1130.3,1148.0,1128.7,1693070,1935887863.8,1143.42,76570.0,1.7099317799238019,1116.4725,1141.858
2123,2012-02-03,TCS,1145.0,1176.0,1141.0,1171.55,1148.0,1388779,1610315684.0,1159.52,53724.0,2.0513937282229926,1116.58,1144.011
2124,2012-02-06,TCS,1183.7,1200.05,1173.35,1193.85,1171.55,1713598,2037597186.55,1189.08,59454.0,1.9034612265801678,1117.6475,1146.118
2125,2012-02-07,TCS,1209.7,1209.7,1191.9,1198.0,1193.85,1703828,2047578060.6,1201.75,48716.0,0.3476148594882181,1118.98,1148.212
2126,2012-02-08,TCS,1216.4,1226.85,1211.0,1219.65,1198.0,1813592,2214191390.35,1220.89,50112.0,1.8071786310517604,1121.6924999999999,1150.294
2127,2012-02-09,TCS,1211.1,1232.0,1188.0,1228.6,1219.65,1519031,1844143491.95,1214.03,45299.0,0.7338170786700954,1126.2725,1152.17
2071,2012-02-10,TCS,1228.0,1238.0,1212.0,1233.4,1228.6,1162151,1424529594.55,1225.77,39720.0,0.3906885886374884,1133.4675,1153.278
2128,2012-02-10,TCS,1228.0,1238.0,1212.0,1233.4,1228.6,1162151,1424529594.55,1225.77,39720.0,0.3906885886374884,1140.85,1154.3270000000002
2072,2012-02-13,TCS,1222.2,1237.95,1214.0,1225.7,1233.4,815885,997975953.75,1223.18,37613.0,-0.6242905788876313,1146.6650000000002,1155.25
2073,2012-02-14,TCS,1225.0,1229.55,1215.0,1220.0,1225.7,913323,1115475030.65,1221.34,36970.0,-0.465040385086077,1152.4675000000002,1156.098
2074,2012-02-15,TCS,1227.15,1248.8,1219.5,1241.6,1220.0,1083583,1342425176.2,1238.88,50103.0,1.7704918032786812,1160.74,1157.482
2075,2012-02-16,TCS,1238.0,1242.0,1218.0,1225.35,1241.6,943330,1158998060.0,1228.62,33538.0,-1.3087951030927836,1168.23,1158.382
2076,2012-02-17,TCS,1234.85,1254.0,1221.0,1228.75,1225.35,2048284,2532356658.5,1236.33,73333.0,0.27747174276738,1175.6924999999999,1159.383
2077,2012-02-21,TCS,1223.55,1240.0,1204.75,1237.05,1228.75,1244752,1523183597.9,1223.68,46041.0,0.6754832146490298,1183.66,1160.475
2078,2012-02-22,TCS,1235.0,1266.85,1229.0,1252.35,1237.05,1570913,1968900831.95,1253.35,57649.0,1.236813386686064,1191.8425,1161.872
2079,2012-02-23,TCS,1249.05,1274.9,1244.0,1259.8,1252.35,2043440,2571729736.3,1258.53,55428.0,0.5948816225496104,1199.9325,1164.142
2080,2012-02-24,TCS,1259.0,1280.85,1257.25,1270.0,1259.8,1173200,1492698420.65,1272.33,40589.0,0.8096523257659983,1207.995,1166.669
2081,2012-02-27,TCS,1279.0,1279.95,1245.6,1252.05,1270.0,930685,1177140057.35,1264.81,43823.0,-1.4133858267716572,1215.0099999999998,1169.0430000000001
2082,2012-02-28,TCS,1255.25,1260.4,1219.1,1226.55,1252.05,1986745,2442096918.95,1229.19,87425.0,-2.0366598778004072,1219.7175,1170.4
2083,2012-02-29,TCS,1240.0,1240.0,1212.25,1221.95,1226.55,1530108,1875052754.15,1225.44,61892.0,-0.3750356691533088,1224.3799999999999,1171.805
2084,2012-03-01,TCS,1223.0,1226.95,1210.05,1219.6,1221.95,784297,955393337.0,1218.15,28846.0,-0.192315561193186,1227.96,1173.054
2085,2012-03-02,TCS,1226.0,1227.0,1207.0,1217.25,1219.6,1154616,1403494429.5,1215.55,59833.0,-0.19268612659887743,1230.2450000000001,1173.631
2086,2012-03-03,TCS,1219.0,1223.85,1213.0,1218.4,1217.25,32711,39895082.75,1219.62,1219.0,0.09447525159171008,1231.4724999999999,1174.41
2087,2012-03-05,TCS,1214.0,1222.45,1201.0,1207.3,1218.4,770439,932665851.6,1210.56,32763.0,-0.911030860144463,1231.9375,1174.9669999999999
2088,2012-03-06,TCS,1203.0,1221.3,1189.0,1202.0,1207.3,858861,1035191342.75,1205.31,32340.0,-0.43899610701565106,1231.0549999999998,1175.623
2089,2012-03-07,TCS,1195.0,1206.0,1186.55,1192.85,1202.0,972833,1162470941.3,1194.93,38563.0,-0.7612312811980109,1229.2675,1176.166
2090,2012-03-09,TCS,1227.0,1227.0,1202.95,1208.55,1192.85,1112879,1348229740.35,1211.48,42296.0,1.316175545961357,1228.025,1177.124
2091,2012-03-12,TCS,1215.9,1218.85,1183.2,1189.05,1208.55,1120139,1337712614.35,1194.24,42310.0,-1.6135037855281122,1225.8075,1177.3329999999999
2092,2012-03-13,TCS,1190.0,1214.95,1190.0,1197.0,1189.05,1246232,1497932610.75,1201.97,47610.0,0.6686009839788104,1224.3725,1177.3210000000001
2093,2012-03-14,TCS,1210.1,1214.0,1151.0,1154.55,1197.0,4032657,4723351065.25,1171.28,123655.0,-3.5463659147869713,1221.1,1176.952
2094,2012-03-15,TCS,1159.0,1170.95,1145.0,1163.7,1154.55,2142118,2482933608.3,1159.1,108732.0,0.7925165648954217,1217.205,1176.786
2095,2012-03-16,TCS,1169.95,1180.0,1158.0,1169.55,1163.7,1027362,1203650950.75,1171.59,38315.0,0.5027068832173162,1214.415,1176.789
2096,2012-03-19,TCS,1169.55,1169.55,1111.8,1122.0,1169.55,2566432,2887533930.55,1125.12,90251.0,-4.065666281903292,1209.0774999999999,1175.779
2097,2012-03-20,TCS,1129.0,1145.0,1120.0,1134.85,1122.0,1841602,2093708789.65,1136.9,52465.0,1.1452762923351079,1203.9675,1175.049
2098,2012-03-21,TCS,1136.95,1179.8,1136.55,1175.75,1134.85,2276621,2659156505.95,1168.03,75903.0,3.6040005287042423,1200.1375,1175.2559999999999
2043,2012-03-21,TCS,1136.95,1179.8,1136.55,1175.75,1134.85,2276621,2659156505.95,1168.03,75903.0,3.6040005287042423,1195.935,1176.031
2044,2012-03-22,TCS,1174.7,1189.7,1160.0,1167.75,1175.75,1710847,2011254682.0,1175.59,45288.0,-0.6804167552625983,1190.8225,1177.596
2045,2012-03-23,TCS,1175.0,1191.9,1164.8,1184.65,1167.75,1579218,1870298593.95,1184.32,56107.0,1.447227574395212,1187.4524999999999,1179.5739999999998
2046,2012-03-26,TCS,1177.0,1185.0,1154.0,1161.6,1184.65,1526692,1773889180.45,1161.92,58733.0,-1.945722365255576,1184.2050000000002,1180.618
2047,2012-03-27,TCS,1173.0,1179.65,1151.95,1174.75,1161.6,794123,926120039.1,1166.22,26851.0,1.1320592286501456,1181.845,1182.0339999999999
2048,2012-03-28,TCS,1174.0,1174.65,1154.45,1165.1,1174.75,1025548,1194032632.35,1164.29,41552.0,-0.8214513726324828,1179.12,1183.8129999999999
2049,2012-03-29,TCS,1151.0,1164.0,1132.4,1141.2,1165.1,1340607,1533901351.15,1144.18,37545.0,-2.0513260664320545,1175.3174999999999,1185.126
2050,2012-03-30,TCS,1145.5,1175.75,1145.5,1168.8,1141.2,1271671,1479355646.9,1163.32,45363.0,2.4185068349106125,1172.8375,1186.912
2051,2012-04-02,TCS,1170.0,1199.0,1170.0,1194.25,1168.8,1163494,1380729194.1,1186.71,37095.0,2.1774469541410033,1172.185,1189.243
2052,2012-04-03,TCS,1200.2,1207.35,1175.3,1178.0,1194.25,1134577,1342721560.15,1183.46,43520.0,-1.3606866234038097,1170.985,1191.029
2053,2012-04-04,TCS,1169.0,1189.8,1167.0,1178.45,1178.0,1082527,1277743113.2,1180.33,40516.0,0.03820033955857771,1170.2649999999999,1192.638
2054,2012-04-09,TCS,1170.0,1188.0,1158.25,1164.1,1178.45,788314,926933112.3,1175.84,27903.0,-1.2177012177012292,1168.0425,1193.745
2055,2012-04-10,TCS,1166.3,1175.65,1152.25,1156.2,1164.1,766496,887919626.7,1158.41,36657.0,-0.678635856026103,1166.4,1194.634
2056,2012-04-11,TCS,1149.7,1155.0,1135.2,1138.1,1156.2,890793,1019008695.95,1143.93,32484.0,-1.5654731015395378,1163.4550000000002,1194.748
2057,2012-04-12,TCS,1140.25,1148.0,1129.1,1131.65,1138.1,1057343,1201973609.05,1136.79,36180.0,-0.5667340304015305,1162.31,1194.807
2058,2012-04-13,TCS,1091.35,1104.7,1061.25,1068.35,1131.65,4497340,4857510353.45,1080.09,146489.0,-5.593602262183553,1157.5425,1193.2140000000002
2059,2012-04-16,TCS,1065.25,1074.3,1053.3,1069.75,1068.35,2508055,2673455553.95,1065.95,57549.0,0.1310431974540264,1152.5525000000002,1191.178
2060,2012-04-17,TCS,1085.0,1094.95,1073.8,1090.85,1069.75,1236832,1341209769.45,1084.39,53029.0,1.9724234634260256,1150.9950000000001,1189.118
2061,2012-04-18,TCS,1100.0,1114.7,1093.85,1097.55,1090.85,1441132,1587697459.75,1101.7,59409.0,0.6141999358298617,1149.1299999999999,1187.109
2062,2012-04-19,TCS,1100.9,1106.8,1091.1,1102.95,1097.55,883708,971716798.7,1099.59,51174.0,0.4920049200492088,1145.49,1184.775
2063,2012-04-20,TCS,1093.25,1107.95,1077.4,1088.45,1102.95,1225012,1339970883.9,1093.84,57072.0,-1.3146561494174713,1141.125,1181.972
2064,2012-04-23,TCS,1093.95,1102.4,1047.65,1064.25,1088.45,1421934,1534946335.8,1079.48,57810.0,-2.2233451237999033,1135.95,1178.589
2065,2012-04-24,TCS,1122.0,1205.0,1117.3,1194.2,1064.25,9056891,10609855598.3,1171.47,233862.0,12.210476861639656,1136.4275000000002,1177.805
2066,2012-04-25,TCS,1189.0,1190.0,1167.5,1171.05,1194.2,2708949,3190992958.55,1177.95,106691.0,-1.9385362585831594,1136.9,1176.712
2067,2012-04-26,TCS,1170.0,1201.9,1164.5,1194.65,1171.05,2738146,3251808946.05,1187.6,104733.0,2.015285427607714,1137.895,1176.205
2068,2012-04-27,TCS,1190.0,1212.0,1190.0,1204.0,1194.65,1855573,2231736068.45,1202.72,65761.0,0.7826560080358187,1139.84,1175.453
2069,2012-04-28,TCS,1200.0,1205.0,1196.1,1201.85,1204.0,51873,62234508.45,1199.75,2129.0,-0.17857142857143612,1142.8725,1174.983
2014,2012-04-30,TCS,1204.0,1250.0,1204.0,1246.6,1201.85,2302411,2848184728.15,1237.04,92142.0,3.7234263843241675,1146.7625,1175.34
2070,2012-04-30,TCS,1204.0,1250.0,1204.0,1246.6,1201.85,2302411,2848184728.15,1237.04,92142.0,3.7234263843241675,1149.3799999999999,1175.531
2015,2012-05-02,TCS,1242.1,1274.4,1242.1,1267.25,1246.6,1990724,2518628205.2,1265.18,64366.0,1.656505695491745,1153.8425,1175.8290000000002
2016,2012-05-03,TCS,1262.7,1284.1,1258.55,1279.5,1267.25,1679461,2139713998.85,1274.05,60546.0,0.966660090747682,1158.895,1176.223
2017,2012-05-04,TCS,1280.0,1295.25,1263.05,1276.8,1279.5,1785859,2281571300.5,1277.58,60328.0,-0.211019929660027,1164.5300000000002,1176.359
2018,2012-05-07,TCS,1260.0,1278.5,1248.4,1273.25,1276.8,1313881,1658199485.75,1262.06,57968.0,-0.2780388471177909,1170.3825000000002,1176.783
2019,2012-05-08,TCS,1225.0,1234.7,1195.65,1200.7,1273.25,4815789,5853188389.1,1215.42,92936.0,-5.69801688592185,1173.5125,1176.266
2020,2012-05-09,TCS,1195.0,1234.6,1194.1,1225.55,1200.7,4635772,5681133657.65,1225.5,110289.0,2.0696260514699683,1178.2075,1176.338
2021,2012-05-10,TCS,1225.55,1241.8,1225.0,1232.55,1225.55,1496310,1843971904.5,1232.35,57063.0,0.5711721268002121,1186.4175,1176.597
2022,2012-05-11,TCS,1224.0,1236.9,1221.2,1230.75,1232.55,1372595,1687327544.95,1229.3,37011.0,-0.14603870025556404,1194.4675,1176.867
2023,2012-05-14,TCS,1227.3,1234.0,1220.0,1225.95,1230.75,1286876,1577468015.3,1225.81,23224.0,-0.3900060938452126,1201.2225,1177.0179999999998
2024,2012-05-15,TCS,1224.0,1233.0,1219.8,1226.3,1225.95,937755,1149717061.55,1226.03,20669.0,0.028549288307019784,1207.66,1177.3980000000001
2025,2012-05-16,TCS,1220.0,1241.9,1206.75,1223.4,1226.3,2283968,2802799289.35,1227.16,52713.0,-0.23648373155018051,1213.6825000000001,1177.826
2026,2012-05-17,TCS,1222.0,1235.0,1199.05,1222.0,1223.4,2068762,2517663287.1,1216.99,56293.0,-0.11443518064411401,1220.36,1178.409
2027,2012-05-18,TCS,1204.8,1224.9,1202.65,1210.65,1222.0,1328335,1614209724.5,1215.21,29677.0,-0.9288052373158683,1227.6799999999998,1178.451
2028,2012-05-21,TCS,1211.0,1225.0,1204.05,1209.2,1210.65,1113544,1352830245.95,1214.89,44895.0,-0.11977037128815475,1228.4299999999998,1178.854
2029,2012-05-22,TCS,1221.0,1240.0,1213.0,1224.05,1209.2,1180458,1442907141.75,1222.33,27043.0,1.2280846840886461,1231.08,1179.3949999999998
2030,2012-05-23,TCS,1233.0,1235.55,1214.1,1225.15,1224.05,1081403,1323757959.8,1224.11,35494.0,0.08986561006495947,1232.605,1180.807
2031,2012-05-24,TCS,1225.0,1228.95,1207.1,1221.45,1225.15,602837,734246560.05,1217.99,35630.0,-0.30200383626495086,1233.4775000000002,1181.962
2032,2012-05-25,TCS,1212.1,1225.0,1209.1,1220.8,1221.45,457523,557592691.9,1218.72,27072.0,-0.05321544066479111,1234.425,1182.987
2033,2012-05-28,TCS,1224.0,1230.0,1215.05,1224.7,1220.8,395097,482510842.1,1221.25,18554.0,0.3194626474443063,1233.3300000000002,1185.0410000000002
2034,2012-05-29,TCS,1228.0,1248.0,1218.4,1240.35,1224.7,787516,974134476.85,1236.97,26795.0,1.277863966685708,1233.0175,1187.151
2035,2012-05-30,TCS,1231.25,1257.0,1231.25,1240.55,1240.35,790757,984885308.15,1245.5,34395.0,0.016124480993271694,1231.6825,1188.447
2036,2012-05-31,TCS,1221.0,1255.9,1221.0,1245.35,1240.55,2205801,2738370599.15,1241.44,47289.0,0.3869251541654875,1229.975,1189.8390000000002
2037,2012-06-01,TCS,1240.0,1245.0,1218.5,1224.6,1245.35,739764,906008152.1,1224.73,29285.0,-1.666198257517967,1227.365,1190.976
2038,2012-06-04,TCS,1210.0,1216.0,1196.2,1213.25,1224.6,602215,727299766.5,1207.71,34162.0,-0.9268332516740088,1224.365,1191.548
2039,2012-06-05,TCS,1214.0,1230.9,1214.0,1226.5,1213.25,1031699,1262860254.55,1224.06,28267.0,1.0921079744487945,1225.655,1192.846
2040,2012-06-06,TCS,1230.0,1263.75,1229.1,1251.15,1226.5,1645954,2062696693.65,1253.19,54561.0,2.0097839380350666,1226.935,1194.374
2041,2012-06-07,TCS,1247.0,1249.9,1231.55,1240.2,1251.15,1074864,1331196290.35,1238.48,33363.0,-0.8751948207649,1227.3174999999999,1195.876
2042,2012-06-08,TCS,1231.2,1242.6,1224.15,1230.9,1240.2,1200122,1474393966.95,1228.54,33078.0,-0.7498790517658405,1227.325,1197.67
1985,2012-06-11,TCS,1233.0,1246.05,1227.1,1233.55,1230.9,772524,952765952.05,1233.32,20718.0,0.21528962547728192,1227.705,1198.965
1986,2012-06-12,TCS,1221.1,1253.0,1221.1,1248.1,1233.55,546071,677731535.9,1241.11,21606.0,1.1795225163146978,1228.795,1200.0420000000001
1987,2012-06-13,TCS,1249.0,1260.0,1242.6,1250.4,1248.1,725429,907843629.15,1251.46,27001.0,0.18428010576077095,1230.145,1201.49
1988,2012-06-14,TCS,1249.0,1261.5,1245.0,1254.0,1250.4,735562,923687645.05,1255.76,41058.0,0.28790786948175856,1231.7450000000001,1203.001
1989,2012-06-15,TCS,1254.05,1280.0,1249.0,1272.45,1254.0,993020,1254437637.15,1263.26,36194.0,1.4712918660287118,1234.835,1205.1680000000001
1990,2012-06-18,TCS,1276.0,1286.35,1250.0,1257.15,1272.45,747694,946502290.8,1265.9,38207.0,-1.2024048096192348,1237.2325,1207.1870000000001
1991,2012-06-19,TCS,1256.9,1279.25,1255.1,1273.95,1257.15,884529,1120976617.4,1267.31,45920.0,1.3363560434315678,1239.7275,1209.904
1992,2012-06-20,TCS,1274.0,1274.0,1243.3,1252.8,1273.95,876870,1105370892.4,1260.59,43219.0,-1.660190745319682,1241.1100000000001,1212.3270000000002
1993,2012-06-21,TCS,1245.05,1252.0,1209.0,1224.05,1252.8,2077990,2541425455.45,1223.02,82725.0,-2.294859514687101,1241.24,1215.4409999999998
1994,2012-06-22,TCS,1214.25,1239.9,1214.25,1233.45,1224.05,959780,1183070515.85,1232.65,37326.0,0.7679424860095658,1241.8725,1218.715
1995,2012-06-25,TCS,1237.0,1238.5,1211.0,1216.75,1233.45,794379,974198021.9,1226.36,33456.0,-1.3539259799748709,1241.475,1221.233
1996,2012-06-26,TCS,1217.5,1237.0,1217.05,1235.1,1216.75,554857,683728312.5,1232.26,26613.0,1.5081158824737957,1241.2125,1223.9840000000002
1997,2012-06-27,TCS,1236.25,1258.8,1236.25,1246.7,1235.1,1152931,1439868507.1,1248.88,26836.0,0.939195206865852,1241.52,1226.859
1998,2012-06-28,TCS,1246.95,1263.9,1236.25,1258.85,1246.7,947114,1184520411.6,1250.66,34814.0,0.9745728723830803,1242.1950000000002,1230.267
1999,2012-06-29,TCS,1263.35,1287.0,1262.9,1277.45,1258.85,995075,1272570622.8,1278.87,52748.0,1.477539023712129,1244.8375,1234.531
2000,2012-07-02,TCS,1279.0,1279.0,1256.45,1259.45,1277.45,1055550,1335408747.35,1265.13,50092.0,-1.4090571059532662,1247.1475,1235.836
2001,2012-07-03,TCS,1265.0,1269.8,1230.3,1239.4,1259.45,1113646,1383207992.45,1242.05,74599.0,-1.5919647465163327,1247.7925,1237.203
2002,2012-07-04,TCS,1243.5,1249.5,1231.55,1247.85,1239.4,650903,807674006.25,1240.85,25562.0,0.6817815071808793,1247.6275,1238.267
2003,2012-07-05,TCS,1247.85,1247.85,1235.2,1240.6,1247.85,760438,943302941.35,1240.47,43868.0,-0.5809993188283848,1247.6475,1238.999
2004,2012-07-06,TCS,1240.0,1252.8,1227.0,1247.75,1240.6,964964,1194938266.35,1238.32,47536.0,0.5763340319200461,1248.49,1239.917
2005,2012-07-09,TCS,1245.0,1264.55,1243.35,1259.4,1247.75,956384,1205588887.7,1260.57,31706.0,0.9336806251252328,1249.7825,1240.173
2006,2012-07-10,TCS,1265.0,1270.25,1249.55,1261.7,1259.4,1258799,1586357492.95,1260.22,57122.0,0.18262664760996938,1250.4625,1240.475
2007,2012-07-11,TCS,1253.25,1274.5,1253.25,1258.3,1261.7,1017269,1283446421.9,1261.66,61488.0,-0.26947768883253476,1250.8575,1240.2959999999998
2008,2012-07-12,TCS,1225.0,1250.0,1219.3,1236.0,1258.3,3929540,4854203382.5,1235.31,121008.0,-1.7722323770166062,1249.9575,1239.426
2009,2012-07-13,TCS,1273.8,1284.0,1243.0,1249.4,1236.0,3608577,4552127777.9,1261.47,97225.0,1.084142394822014,1248.8049999999998,1238.878
2010,2012-07-16,TCS,1249.0,1259.25,1202.9,1207.35,1249.4,1810313,2216507835.05,1224.38,59141.0,-3.3656154954378246,1246.315,1237.56
2011,2012-07-17,TCS,1218.0,1224.0,1175.2,1185.9,1207.35,3191908,3793820212.95,1188.57,94357.0,-1.776618213442649,1241.9125,1237.264
2012,2012-07-18,TCS,1195.0,1204.4,1178.5,1195.3,1185.9,1487643,1769411390.65,1189.41,53565.0,0.7926469348174268,1239.0375,1236.659
1958,2012-07-19,TCS,1203.0,1210.0,1195.25,1201.0,1195.3,667676,803243908.0,1203.04,34734.0,0.4768677319501419,1237.885,1236.028
2013,2012-07-19,TCS,1203.0,1210.0,1195.25,1201.0,1195.3,667676,803243908.0,1203.04,34734.0,0.4768677319501419,1236.2625,1235.433
1959,2012-07-20,TCS,1201.0,1228.0,1200.3,1223.05,1201.0,1689113,2062567295.7,1221.09,54245.0,1.8359700249791802,1236.5774999999999,1235.375
1960,2012-07-23,TCS,1208.0,1227.2,1201.0,1214.25,1223.05,1451599,1771650390.45,1220.48,64523.0,-0.7195126936756433,1235.535,1235.134
1961,2012-07-24,TCS,1208.1,1218.65,1197.1,1209.15,1214.25,824046,994644374.15,1207.03,20279.0,-0.42001235330450143,1233.6574999999998,1234.849
1962,2012-07-25,TCS,1204.0,1217.0,1196.9,1213.15,1209.15,833015,1005051058.55,1206.52,44215.0,0.3308109002191622,1231.3725,1234.672
1963,2012-07-26,TCS,1213.0,1221.0,1190.2,1198.45,1213.15,1472873,1776510584.95,1206.15,39053.0,-1.2117215513333095,1227.4225000000001,1234.428
1964,2012-07-27,TCS,1215.0,1230.2,1203.25,1225.3,1198.45,921488,1123180297.05,1218.88,40952.0,2.240393842045968,1225.715,1234.75
1965,2012-07-30,TCS,1234.9,1242.85,1214.55,1231.0,1225.3,1312856,1611298458.6,1227.32,37777.0,0.46519219782910676,1225.295,1234.8890000000001
1966,2012-07-31,TCS,1235.0,1249.25,1226.25,1243.65,1231.0,989982,1228848784.9,1241.28,34490.0,1.0276198212835168,1225.085,1235.259
1967,2012-08-01,TCS,1238.1,1244.8,1222.1,1224.65,1243.65,647875,796063626.3,1228.73,29028.0,-1.5277610260121417,1224.2875,1235.3229999999999
1968,2012-08-02,TCS,1229.95,1236.7,1222.0,1232.8,1224.65,475529,585495690.05,1231.25,42080.0,0.6654962642387509,1223.54,1235.563
1969,2012-08-03,TCS,1228.0,1240.25,1218.1,1236.9,1232.8,488868,601600061.55,1230.6,29412.0,0.33257624918884954,1222.415,1235.807
1970,2012-08-06,TCS,1245.0,1248.0,1225.2,1228.9,1236.9,507770,625845681.05,1232.54,36326.0,-0.6467782359123615,1220.775,1235.578
1971,2012-08-07,TCS,1239.0,1266.2,1234.65,1264.05,1228.9,1049577,1313326629.45,1251.29,44705.0,2.860281552608012,1221.0625,1236.048
1972,2012-08-08,TCS,1265.0,1266.65,1246.4,1249.2,1264.05,821500,1029618715.7,1253.34,28196.0,-1.1747953008187895,1221.7225,1236.125
1973,2012-08-09,TCS,1250.25,1267.85,1250.25,1258.15,1249.2,564737,711594811.2,1260.05,21388.0,0.7164585334614189,1222.16,1236.796
1974,2012-08-10,TCS,1256.0,1285.0,1255.75,1280.05,1258.15,1541178,1962683720.45,1273.5,39840.0,1.7406509557683791,1225.795,1238.132
1975,2012-08-13,TCS,1279.1,1279.1,1257.25,1266.3,1280.05,714019,904241607.05,1266.41,34080.0,-1.0741767899691417,1229.815,1238.928
1976,2012-08-14,TCS,1260.0,1273.25,1259.25,1268.4,1266.3,568465,720224021.75,1266.96,32509.0,0.16583747927032588,1233.4699999999998,1239.2730000000001
1977,2012-08-16,TCS,1270.15,1271.55,1252.1,1263.55,1268.4,894146,1128305631.45,1261.88,44733.0,-0.3823714916430256,1236.5974999999999,1239.74
1978,2012-08-17,TCS,1265.05,1284.5,1264.0,1278.6,1263.55,643788,822504433.45,1277.6,25857.0,1.1910885995805431,1240.4775,1240.694
1979,2012-08-21,TCS,1279.9,1305.0,1277.1,1298.65,1278.6,1025788,1329054963.7,1295.64,35628.0,1.5681213827624108,1244.2575000000002,1241.996
1980,2012-08-22,TCS,1295.9,1309.0,1288.1,1291.65,1298.65,567048,736491501.65,1298.82,27742.0,-0.539021291341008,1248.1275,1242.867
1981,2012-08-23,TCS,1291.75,1326.0,1291.75,1323.45,1291.65,1168657,1537993121.05,1316.03,47425.0,2.4619672511903343,1253.8425000000002,1244.328
1982,2012-08-24,TCS,1320.0,1328.4,1313.0,1322.85,1323.45,789469,1043611106.65,1321.92,31087.0,-0.04533605349655343,1259.3274999999999,1245.7050000000002
1983,2012-08-27,TCS,1316.2,1330.9,1315.0,1320.45,1322.85,483600,638673264.05,1320.66,22283.0,-0.181426465585657,1265.4275,1246.665
1984,2012-08-28,TCS,1326.95,1354.65,1315.0,1350.9,1320.45,1133102,1520745503.25,1342.11,35759.0,2.3060320345336853,1271.7075,1248.54
1930,2012-08-28,TCS,1326.95,1354.65,1315.0,1350.9,1320.45,1133102,1520745503.25,1342.11,35759.0,2.3060320345336853,1277.7024999999999,1250.0790000000002
1931,2012-08-29,TCS,1350.0,1358.0,1335.0,1343.3,1350.9,1069645,1438313057.7,1344.66,34353.0,-0.5625879043600663,1282.685,1251.889
1932,2012-08-30,TCS,1339.9,1388.8,1323.4,1367.15,1343.3,1666716,2261163770.8,1356.66,38347.0,1.7754782997096805,1289.81,1254.751
1933,2012-08-31,TCS,1357.0,1359.0,1334.65,1343.75,1367.15,886924,1193192787.2,1345.32,27538.0,-1.7115898036060482,1295.3575,1256.9569999999999
1934,2012-09-03,TCS,1350.0,1354.9,1333.0,1337.85,1343.75,611913,821323956.35,1342.22,22471.0,-0.43906976744186726,1300.4050000000002,1259.379
1935,2012-09-04,TCS,1332.9,1347.0,1322.05,1340.85,1337.85,754009,1004262761.3,1331.9,36304.0,0.22424038569346338,1306.0025,1261.494
1936,2012-09-05,TCS,1339.5,1371.0,1332.0,1364.5,1340.85,1014480,1370941283.85,1351.37,33799.0,1.7638065406272208,1311.025,1263.85
1937,2012-09-06,TCS,1364.1,1379.9,1353.65,1375.6,1364.5,1145842,1570784195.15,1370.86,38260.0,0.8134847929644492,1317.3449999999998,1266.1850000000002
1938,2012-09-07,TCS,1390.0,1396.8,1378.9,1386.7,1375.6,1318328,1830101482.5,1388.2,50547.0,0.8069206164582827,1323.7725,1268.37
1939,2012-09-08,TCS,1380.45,1389.4,1380.45,1386.5,1386.7,42619,59046957.6,1385.46,1742.0,-0.014422730222834463,1329.095,1270.911
1940,2012-09-10,TCS,1383.2,1383.9,1365.95,1371.45,1386.5,738012,1013819974.8,1373.72,29031.0,-1.085467003245579,1334.3525,1273.552
1941,2012-09-11,TCS,1369.0,1395.6,1364.05,1392.65,1371.45,637090,881052477.0,1382.93,46280.0,1.545809180064898,1340.565,1276.448
1942,2012-09-12,TCS,1396.95,1421.0,1389.9,1414.9,1392.65,1057233,1491972698.0,1411.21,49484.0,1.5976735001615623,1348.1325,1279.9340000000002
1943,2012-09-13,TCS,1413.0,1423.95,1409.55,1417.7,1414.9,940605,1333447328.05,1417.65,45166.0,0.19789384408791816,1355.0875,1283.333
1944,2012-09-14,TCS,1428.0,1439.8,1402.15,1413.1,1417.7,1407420,1991778593.75,1415.2,76261.0,-0.3244692106933862,1360.81,1286.4070000000002
1945,2012-09-17,TCS,1418.25,1421.55,1335.5,1342.1,1413.1,2547195,3475658257.35,1364.5,90702.0,-5.024414408039064,1363.3325,1288.015
1946,2012-09-18,TCS,1345.0,1345.0,1292.55,1299.8,1342.1,3610103,4746161641.35,1314.69,135769.0,-3.151777065792412,1362.15,1288.845
1947,2012-09-20,TCS,1295.0,1336.9,1291.6,1322.0,1299.8,2021253,2672464517.1,1322.18,98575.0,1.7079550700107744,1362.1075,1290.565
1948,2012-09-21,TCS,1324.9,1332.3,1298.3,1304.05,1322.0,2123879,2789297046.4,1313.3,96795.0,-1.3577912254160396,1361.2875,1291.6580000000001
1949,2012-09-24,TCS,1310.0,1313.0,1277.0,1289.45,1304.05,2468510,3175485612.25,1286.4,104103.0,-1.1195889728154527,1358.215,1293.3
1950,2012-09-25,TCS,1290.1,1309.75,1282.3,1293.2,1289.45,1911847,2481735840.55,1298.08,80702.0,0.2908216681530885,1355.3300000000002,1295.4460000000001
1951,2012-09-26,TCS,1295.2,1305.0,1282.0,1285.6,1293.2,1646406,2124494510.7,1290.38,60659.0,-0.587689452520889,1352.445,1297.252
1952,2012-09-27,TCS,1280.1,1299.5,1261.1,1271.55,1285.6,2802699,3587391602.35,1279.98,92803.0,-1.0928749222153045,1347.665,1298.663
1953,2012-09-28,TCS,1278.8,1305.0,1276.5,1295.9,1271.55,1456498,1887204748.6,1295.71,57208.0,1.914985647438177,1345.2725,1300.561
1954,2012-10-01,TCS,1295.0,1309.8,1293.05,1302.95,1295.9,897809,1169010541.95,1302.07,35001.0,0.5440234586001971,1343.5275,1302.159
1955,2012-10-03,TCS,1301.0,1325.0,1301.0,1322.65,1302.95,1159115,1527254935.3,1317.6,51635.0,1.511953643654787,1342.6174999999998,1304.3270000000002
1956,2012-10-04,TCS,1320.0,1321.65,1308.65,1317.15,1322.65,659642,867540725.9,1315.17,24351.0,-0.4158318527199183,1340.25,1306.487
1957,2012-10-05,TCS,1310.25,1319.35,1055.0,1304.0,1317.15,1918055,2466692593.3,1286.04,66953.0,-0.9983676878108104,1336.67,1308.3039999999999
1902,2012-10-08,TCS,1310.0,1315.25,1285.45,1292.7,1304.0,842704,1094298938.4,1298.56,45834.0,-0.8665644171779107,1331.97,1310.189
1903,2012-10-09,TCS,1297.9,1298.8,1285.0,1294.85,1292.7,645577,834363102.55,1292.43,27678.0,0.16631855805676982,1327.3875,1311.58
1904,2012-10-10,TCS,1286.0,1301.75,1285.0,1289.35,1294.85,581989,751019857.7,1290.44,24202.0,-0.42475962466694983,1323.2825,1312.747
1905,2012-10-11,TCS,1290.25,1301.55,1286.05,1289.45,1289.35,817763,1057618344.0,1293.31,36946.0,0.007755845968909639,1318.1225,1313.6629999999998
1906,2012-10-12,TCS,1278.8,1313.65,1273.2,1298.45,1289.45,1234771,1599828596.45,1295.65,53519.0,0.6979720035674124,1312.3,1315.139
1907,2012-10-15,TCS,1294.0,1302.4,1287.5,1294.65,1298.45,407264,526976151.5,1293.94,21452.0,-0.29265662905771916,1306.1475,1316.376
1908,2012-10-16,TCS,1297.0,1310.2,1287.8,1295.9,1294.65,641372,834424376.0,1301.0,31394.0,0.09655119144170238,1300.2875,1317.556
1909,2012-10-17,TCS,1301.3,1304.9,1272.0,1283.15,1295.9,798740,1025217293.05,1283.54,42375.0,-0.9838722123620649,1297.34,1318.641
1910,2012-10-18,TCS,1286.25,1311.0,1280.2,1307.35,1283.15,723564,937524831.5,1295.7,32691.0,1.8859837119588372,1297.7175,1319.507
1911,2012-10-19,TCS,1309.0,1311.4,1282.0,1289.7,1307.35,1412808,1829528220.15,1294.96,55185.0,-1.3500592802233422,1296.1025,1320.317
1912,2012-10-22,TCS,1325.1,1334.9,1303.0,1318.9,1289.7,2698671,3565718336.4,1321.29,77386.0,2.2640924245948706,1296.845,1321.532
1913,2012-10-23,TCS,1324.0,1324.0,1311.9,1314.6,1318.9,568348,748135174.85,1316.33,21203.0,-0.32602926681326727,1298.1025,1322.223
1914,2012-10-25,TCS,1315.0,1323.9,1304.25,1315.35,1314.6,1127235,1483201152.2,1315.79,38321.0,0.05705157462345961,1299.21,1323.204
1915,2012-10-26,TCS,1306.2,1322.0,1306.2,1315.3,1315.35,523675,688813840.7,1315.35,25695.0,-0.003801269624050977,1300.6950000000002,1324.1419999999998
1916,2012-10-29,TCS,1311.0,1319.8,1300.8,1308.4,1315.3,407814,533811042.95,1308.96,23756.0,-0.5245951493955647,1302.5375,1325.039
1917,2012-10-30,TCS,1304.4,1322.0,1304.4,1311.5,1308.4,402634,528808323.25,1313.37,16295.0,0.23693060226229815,1303.3174999999999,1325.6970000000001
1918,2012-10-31,TCS,1309.1,1316.8,1304.0,1315.5,1311.5,499768,655730870.6,1312.07,17967.0,0.30499428135722456,1303.945,1326.0339999999999
1919,2012-11-01,TCS,1314.9,1320.35,1310.2,1315.25,1315.5,789884,1038763904.85,1315.08,23921.0,-0.019004180919802355,1303.575,1326.506
1920,2012-11-02,TCS,1324.9,1338.0,1318.4,1331.2,1315.25,836987,1113656321.05,1330.55,27175.0,1.2126972058544037,1304.2775,1326.661
1921,2012-11-05,TCS,1335.9,1343.35,1325.3,1329.6,1331.2,611913,816583314.7,1334.48,30214.0,-0.12019230769231794,1305.5575000000001,1326.796
1922,2012-11-06,TCS,1325.0,1337.4,1319.45,1320.55,1329.6,648733,860145626.05,1325.89,27560.0,-0.6806558363417535,1306.95,1326.7979999999998
1923,2012-11-07,TCS,1325.0,1333.35,1321.5,1331.5,1320.55,529195,703502445.45,1329.38,29016.0,0.8291999545643896,1308.7825,1326.41
1924,2012-11-08,TCS,1324.0,1334.7,1316.6,1331.2,1331.5,619522,822957899.85,1328.38,30085.0,-0.022530980097630833,1310.875,1326.016
1925,2012-11-09,TCS,1330.0,1333.25,1320.9,1324.95,1331.2,355691,471535504.25,1325.69,18400.0,-0.4695012019230769,1312.65,1325.649
1926,2012-11-12,TCS,1320.0,1348.0,1320.0,1334.5,1324.95,733391,980785005.3,1337.33,41013.0,0.7207819162987248,1314.4524999999999,1324.996
1927,2012-11-13,TCS,1335.15,1337.2,1322.05,1325.3,1334.5,71507,94862070.45,1326.61,3256.0,-0.6893967778194114,1315.9850000000001,1324.6270000000002
1928,2012-11-15,TCS,1320.1,1322.0,1291.0,1294.15,1325.3,867701,1129323233.35,1301.51,72342.0,-2.3504112276465605,1315.8975,1323.753
1875,2012-11-16,TCS,1299.8,1306.8,1280.1,1286.8,1294.15,799445,1035102451.4,1294.78,48192.0,-0.5679403469458822,1316.08,1322.672
1929,2012-11-16,TCS,1299.8,1306.8,1280.1,1286.8,1294.15,799445,1035102451.4,1294.78,48192.0,-0.5679403469458822,1315.0525000000002,1321.1180000000002
1876,2012-11-19,TCS,1290.1,1295.0,1258.5,1262.35,1286.8,838143,1063628314.65,1269.03,48054.0,-1.9000621697233484,1313.685,1318.8529999999998
1877,2012-11-20,TCS,1275.0,1282.9,1256.05,1272.8,1262.35,628020,796574738.8,1268.39,55714.0,0.8278211272626488,1311.3799999999999,1316.575
1878,2012-11-21,TCS,1276.25,1294.7,1276.25,1282.2,1272.8,470872,604724570.1,1284.27,21217.0,0.738529226901327,1309.76,1314.489
1879,2012-11-22,TCS,1282.1,1284.1,1271.0,1276.45,1282.2,305812,390415592.05,1276.65,26580.0,-0.448447980034316,1307.815,1312.589
1880,2012-11-23,TCS,1282.0,1291.4,1271.25,1288.6,1276.45,374838,481077108.85,1283.43,34484.0,0.9518586705315416,1306.48,1310.508
1881,2012-11-26,TCS,1288.0,1295.7,1285.0,1293.7,1288.6,228167,294751077.1,1291.82,21552.0,0.3957783641161056,1305.7450000000001,1308.0839999999998
1882,2012-11-27,TCS,1299.9,1299.9,1288.3,1295.2,1293.7,669080,866963939.35,1295.76,71825.0,0.11594651001004869,1304.93,1305.634
1883,2012-11-29,TCS,1310.0,1312.0,1292.35,1298.1,1295.2,1735289,2254345640.25,1299.12,62397.0,0.22390364422481962,1304.06,1303.3339999999998
1884,2012-11-30,TCS,1295.0,1325.0,1291.1,1314.0,1298.1,1789647,2334273840.25,1304.32,52428.0,1.2248671134735454,1303.9975,1302.772
1885,2012-12-03,TCS,1315.0,1322.0,1305.2,1316.8,1314.0,659756,866628399.2,1313.56,43119.0,0.21308980213089454,1303.2775,1303.112
1886,2012-12-04,TCS,1315.1,1321.8,1292.9,1299.45,1316.8,797560,1038111370.1,1301.61,38753.0,-1.3175880923450722,1301.77,1302.661
1887,2012-12-05,TCS,1300.0,1307.55,1288.6,1297.9,1299.45,895029,1160305232.35,1296.39,29795.0,-0.11928123436838313,1300.6375,1302.538
1888,2012-12-06,TCS,1295.0,1295.0,1269.0,1280.7,1297.9,1185046,1511812630.2,1275.74,71738.0,-1.325217659295789,1298.0975,1302.363
1889,2012-12-07,TCS,1276.65,1280.7,1257.05,1264.15,1280.7,978607,1242755523.85,1269.92,51467.0,-1.2922620441945774,1294.745,1301.782
1890,2012-12-10,TCS,1262.1,1266.8,1231.2,1237.2,1264.15,1514715,1883758173.3,1243.64,52948.0,-2.131867262587513,1290.3575,1300.8139999999999
1891,2012-12-11,TCS,1235.0,1243.0,1210.35,1219.7,1237.2,2463457,3025912614.1,1228.32,70374.0,-1.414484319430973,1284.6175,1299.777
1892,2012-12-12,TCS,1224.9,1241.0,1221.1,1225.8,1219.7,1243974,1531059496.2,1230.78,46290.0,0.5001229810609091,1279.6425,1298.375
1893,2012-12-13,TCS,1230.1,1234.6,1217.1,1222.55,1225.8,1148581,1408872444.45,1226.62,75390.0,-0.26513297438407574,1276.0625,1296.767
1894,2012-12-14,TCS,1217.0,1245.0,1216.15,1242.9,1222.55,1098407,1359768587.75,1237.95,67398.0,1.6645535969899095,1273.8675,1295.172
1895,2012-12-17,TCS,1239.15,1248.9,1202.1,1205.5,1242.9,2241449,2722323180.45,1214.54,123929.0,-3.0090916405181503,1269.8025,1292.939
1896,2012-12-18,TCS,1214.7,1225.0,1197.0,1210.65,1205.5,2344241,2828469285.5,1206.56,88425.0,0.42720862712568153,1267.2175,1291.0720000000001
1897,2012-12-19,TCS,1216.1,1236.55,1216.1,1232.65,1210.65,3321030,4089978164.65,1231.54,67172.0,1.8172056333374633,1265.21,1289.8709999999999
1898,2012-12-20,TCS,1227.15,1255.0,1227.15,1252.05,1232.65,1157015,1440182652.75,1244.74,95877.0,1.5738449681580224,1263.7024999999999,1289.015
1899,2012-12-21,TCS,1250.0,1264.4,1237.7,1258.7,1252.05,1228984,1544598635.05,1256.81,45068.0,0.5311289485244273,1262.815,1288.402
1900,2012-12-24,TCS,1262.0,1271.1,1260.1,1266.2,1258.7,627409,794922930.6,1266.99,20423.0,0.5958528640660999,1261.6950000000002,1287.937
1871,2012-12-26,TCS,1267.0,1269.15,1255.3,1262.2,1266.2,717629,905366455.1,1261.61,30470.0,-0.315905860053704,1260.1200000000001,1287.212
1901,2012-12-26,TCS,1267.0,1269.15,1255.3,1262.2,1266.2,717629,905366455.1,1261.61,30470.0,-0.315905860053704,1258.47,1286.563
1872,2012-12-27,TCS,1264.9,1264.9,1247.65,1250.95,1262.2,997079,1249487744.6,1253.15,22875.0,-0.8913009031849152,1256.1125,1285.664
1873,2012-12-28,TCS,1254.0,1272.0,1250.75,1267.5,1250.95,750811,947342556.85,1261.76,28226.0,1.3229945241616334,1253.7875,1285.351
1874,2012-12-31,TCS,1261.0,1265.6,1252.0,1255.85,1267.5,352085,442639903.3,1257.2,13517.0,-0.9191321499013878,1250.7400000000002,1284.321
2355,2013-01-01,TCS,1266.95,1267.9,1260.0,1264.15,1255.85,254790,322075423.15,1264.08,9785.0,0.6609069554485155,1248.975,1283.81
2356,2013-01-02,TCS,1267.0,1272.4,1255.55,1263.3,1264.15,940123,1188537322.75,1264.24,48187.0,-0.0672388561484109,1247.2450000000001,1282.698
2357,2013-01-03,TCS,1265.0,1284.0,1259.95,1280.6,1263.3,1317565,1682101112.85,1276.67,42033.0,1.369429272540169,1247.24,1282.018
2358,2013-01-04,TCS,1285.0,1301.0,1280.9,1299.2,1280.6,2614380,3379416657.4,1292.63,69757.0,1.4524441667968246,1248.9925,1281.695
2359,2013-01-07,TCS,1300.0,1304.0,1290.25,1294.85,1299.2,910376,1179960935.0,1296.12,51121.0,-0.33482142857143904,1251.875,1281.2859999999998
2360,2013-01-08,TCS,1295.0,1304.3,1294.3,1300.25,1294.85,1170935,1522020959.55,1299.83,70267.0,0.41703672240028505,1255.9025,1281.1229999999998
2361,2013-01-09,TCS,1301.0,1307.4,1273.15,1276.6,1300.25,1567949,2013777948.85,1284.34,59377.0,-1.818880984426079,1258.4424999999999,1280.425
2362,2013-01-10,TCS,1279.9,1282.1,1255.3,1258.4,1276.6,2261419,2861903596.25,1265.53,118083.0,-1.425661914460271,1260.2350000000001,1279.283
2363,2013-01-11,TCS,1290.0,1322.5,1290.0,1306.35,1258.4,3902503,5093369459.2,1305.15,110429.0,3.8103941513032273,1263.4075,1279.105
2364,2013-01-14,TCS,1319.0,1348.45,1307.35,1334.5,1306.35,2895112,3859884092.1,1333.24,102268.0,2.1548589581658892,1269.8575,1279.171
2365,2013-01-15,TCS,1390.0,1400.0,1327.0,1337.45,1334.5,4131489,5637774537.15,1364.59,143245.0,0.22105657549644403,1276.1974999999998,1279.328
2366,2013-01-16,TCS,1336.9,1355.0,1309.0,1347.75,1337.45,2054746,2741536392.1,1334.25,101943.0,0.7701222475606531,1281.9524999999999,1279.872
2367,2013-01-17,TCS,1349.7,1371.8,1343.0,1362.0,1347.75,1514272,2063776655.25,1362.88,64029.0,1.05731775180857,1287.45,1280.482
2368,2013-01-18,TCS,1362.5,1366.05,1338.05,1351.0,1362.0,720235,974202808.25,1352.62,27725.0,-0.8076358296622614,1292.065,1280.878
2369,2013-01-21,TCS,1352.5,1354.9,1327.1,1330.0,1351.0,630019,841624091.25,1335.87,28024.0,-1.5544041450777202,1295.2549999999999,1280.979
2370,2013-01-22,TCS,1326.0,1331.7,1308.1,1317.5,1330.0,693315,917268599.3,1323.02,21665.0,-0.9398496240601504,1298.02,1280.639
2371,2013-01-23,TCS,1315.75,1323.75,1298.4,1311.95,1317.5,938827,1229018649.6,1309.1,45834.0,-0.42125237191650505,1300.5075,1280.372
2372,2013-01-24,TCS,1305.0,1336.9,1305.0,1328.55,1311.95,1749235,2325668647.5,1329.53,43901.0,1.2652921224131948,1304.3875,1281.06
2373,2013-01-25,TCS,1323.75,1345.0,1323.75,1340.5,1328.55,760550,1019039124.2,1339.87,32918.0,0.8994768732829058,1308.0375,1282.134
2374,2013-01-28,TCS,1340.3,1349.95,1337.95,1345.05,1340.5,1214077,1633131850.2,1345.16,25501.0,0.3394255874673595,1312.4975,1283.299
2375,2013-01-29,TCS,1341.2,1356.55,1340.3,1344.95,1345.05,865902,1166622532.95,1347.29,30894.0,-0.007434667856206762,1316.5375,1284.951
2376,2013-01-30,TCS,1341.0,1349.85,1335.8,1346.15,1344.95,1139572,1533551208.15,1345.73,38454.0,0.08922264768207334,1320.6799999999998,1286.4180000000001
2377,2013-01-31,TCS,1348.85,1352.45,1326.4,1344.15,1346.15,2156584,2898699643.6,1344.12,46346.0,-0.1485718530624373,1323.8575,1287.6570000000002
2378,2013-02-01,TCS,1344.0,1352.0,1342.15,1348.1,1344.15,742270,1000669689.55,1348.12,22910.0,0.2938660119778163,1326.3025,1289.09
2379,2013-02-04,TCS,1349.0,1367.8,1345.15,1356.35,1348.1,1243652,1687301551.35,1356.73,47857.0,0.6119724056078926,1329.3775,1290.445
2380,2013-02-05,TCS,1345.1,1365.0,1345.1,1360.05,1356.35,1080997,1470264310.35,1360.1,43720.0,0.27279094628967787,1332.3674999999998,1291.7720000000002
2381,2013-02-06,TCS,1362.5,1375.9,1362.0,1370.55,1360.05,1786853,2443883403.85,1367.7,33018.0,0.7720304400573508,1337.065,1293.279
2382,2013-02-07,TCS,1361.0,1390.0,1361.0,1387.15,1370.55,1306391,1803012810.3,1380.15,51837.0,1.2111925869176707,1343.5025,1295.06
2383,2013-02-08,TCS,1386.0,1437.0,1385.1,1422.6,1387.15,3486809,4950367617.65,1419.74,80670.0,2.555599610712599,1349.315,1297.232
2325,2013-02-11,TCS,1424.0,1428.9,1412.25,1414.7,1422.6,1156063,1638526888.0,1417.33,43496.0,-0.555321242794873,1353.325,1299.19
2326,2013-02-12,TCS,1409.05,1415.0,1401.85,1410.05,1414.7,1112751,1568931224.1,1409.96,41780.0,-0.3286915953912555,1356.9550000000002,1301.402
2327,2013-02-13,TCS,1409.8,1441.65,1405.1,1435.4,1410.05,1911333,2743448325.95,1435.36,68164.0,1.7978085883479404,1361.3375,1304.152
2328,2013-02-14,TCS,1430.1,1455.8,1429.0,1447.7,1435.4,1473479,2134921397.8,1448.9,43194.0,0.856903998885325,1365.6225,1307.492
2329,2013-02-15,TCS,1444.0,1451.8,1430.65,1442.15,1447.7,910395,1314816615.8,1444.23,44877.0,-0.3833667196242284,1370.18,1311.0520000000001
2330,2013-02-18,TCS,1440.1,1441.9,1420.0,1425.35,1442.15,476043,680138679.95,1428.73,17301.0,-1.164927365391962,1374.9475,1314.815
2331,2013-02-19,TCS,1421.6,1448.9,1412.7,1443.55,1425.35,372147,532703955.25,1431.43,22479.0,1.2768793629634858,1381.25,1319.2920000000001
2332,2013-02-20,TCS,1441.5,1457.0,1441.5,1452.8,1443.55,1130759,1642686705.45,1452.73,30950.0,0.6407814069481487,1388.2925,1323.832
2333,2013-02-21,TCS,1440.7,1456.85,1440.7,1451.05,1452.8,1924573,2792296665.15,1450.87,32323.0,-0.12045704845814978,1394.4175,1328.402
2334,2013-02-22,TCS,1450.0,1464.05,1442.3,1455.1,1451.05,655347,953455933.4,1454.89,40970.0,0.27910823196994966,1400.1475,1332.646
2335,2013-02-25,TCS,1453.0,1475.0,1451.5,1473.7,1455.1,865015,1271104108.75,1469.46,61029.0,1.2782626623599846,1406.5800000000002,1338.01
2336,2013-02-26,TCS,1467.0,1499.95,1466.0,1496.4,1473.7,1426835,2121744401.8,1487.03,72921.0,1.5403406392074401,1414.1525000000001,1343.725
2337,2013-02-27,TCS,1495.25,1503.05,1477.3,1483.2,1496.4,1278341,1898561102.75,1485.18,60897.0,-0.8821170809943895,1421.0049999999999,1348.736
2338,2013-02-28,TCS,1486.25,1525.0,1485.25,1517.0,1483.2,2299712,3467898357.6,1507.97,82632.0,2.278856526429339,1429.6474999999998,1354.035
2339,2013-03-01,TCS,1515.1,1516.0,1498.0,1501.85,1517.0,1268663,1906193515.6,1502.52,70071.0,-0.998681608437712,1437.335,1358.898
2340,2013-03-04,TCS,1491.0,1519.9,1491.0,1513.2,1501.85,1568038,2363233913.1,1507.13,89306.0,0.7557345940007416,1445.1775000000002,1363.838
2341,2013-03-05,TCS,1517.0,1543.0,1508.6,1540.15,1513.2,1720027,2638469406.8,1533.97,61511.0,1.780993920169181,1454.1825,1369.3970000000002
2342,2013-03-06,TCS,1536.15,1565.5,1536.15,1561.2,1540.15,1149755,1783616082.35,1551.3,46422.0,1.3667499918839043,1463.715,1375.3770000000002
2343,2013-03-07,TCS,1561.0,1597.6,1559.35,1589.9,1561.2,1954351,3094372713.55,1583.32,108998.0,1.8383294901357958,1473.8525000000002,1382.1559999999997
2344,2013-03-08,TCS,1590.0,1595.65,1574.9,1583.15,1589.9,2170751,3435827668.95,1582.78,106027.0,-0.42455500345933705,1481.8799999999999,1388.469
2345,2013-03-11,TCS,1575.0,1589.55,1556.65,1566.2,1583.15,1110665,1743572634.7,1569.85,46656.0,-1.0706502858225717,1489.4550000000002,1394.6760000000002
2346,2013-03-12,TCS,1558.0,1567.95,1548.0,1560.5,1566.2,904726,1406664626.8,1554.8,29418.0,-0.36393819435576846,1496.9775,1400.6029999999998
2347,2013-03-13,TCS,1556.05,1558.7,1548.0,1551.7,1560.5,897248,1392040590.65,1551.46,31687.0,-0.5639218199295069,1502.7925,1406.371
2348,2013-03-14,TCS,1557.0,1577.0,1543.8,1567.7,1551.7,1525609,2374011174.0,1556.11,49526.0,1.0311271508667912,1508.7925,1412.1129999999998
2349,2013-03-15,TCS,1572.0,1580.4,1560.6,1570.25,1567.7,2106199,3309615937.45,1571.37,73258.0,0.1626586719397815,1515.1975,1417.5339999999999
2350,2013-03-18,TCS,1559.85,1573.65,1554.4,1566.95,1570.25,847494,1326269845.25,1564.93,32094.0,-0.21015761821365736,1522.2775,1422.976
2351,2013-03-19,TCS,1564.5,1564.5,1540.45,1546.75,1566.95,1869955,2895560617.05,1548.47,36839.0,-1.2891285618558375,1527.4375,1427.906
2352,2013-03-20,TCS,1540.0,1572.65,1539.95,1557.65,1546.75,2084068,3246947975.25,1557.99,92043.0,0.704703410376602,1532.6799999999998,1433.527
2353,2013-03-21,TCS,1563.0,1574.4,1553.7,1559.95,1557.65,832302,1303109149.0,1565.67,66473.0,0.14765833146085158,1538.125,1439.558
2354,2013-03-22,TCS,1561.4,1562.1,1532.0,1542.15,1559.95,1357228,2099535566.1,1546.93,47896.0,-1.1410622135324822,1542.4775000000002,1444.2740000000003
2301,2013-03-22,TCS,1561.4,1562.1,1532.0,1542.15,1559.95,1357228,2099535566.1,1546.93,47896.0,-1.1410622135324822,1545.9,1448.4270000000001
2302,2013-03-25,TCS,1548.5,1552.0,1528.4,1543.35,1542.15,928658,1431916781.3,1541.92,44079.0,0.07781344227214071,1548.2475,1452.545
2303,2013-03-26,TCS,1540.1,1570.0,1536.15,1556.35,1543.35,890768,1387522016.5,1557.67,40015.0,0.8423235170246542,1551.9050000000002,1456.7169999999999
2304,2013-03-28,TCS,1556.0,1583.4,1541.65,1575.75,1556.35,1532831,2393788393.7,1561.68,66151.0,1.2465062485944738,1554.8425000000002,1460.9919999999997
2305,2013-04-01,TCS,1565.0,1573.7,1551.25,1556.85,1575.75,484406,756459959.7,1561.62,19638.0,-1.1994288434079068,1557.5925,1465.109
2306,2013-04-02,TCS,1556.0,1571.2,1541.25,1567.35,1556.85,565166,880205208.7,1557.43,34426.0,0.6744387705944697,1560.3000000000002,1469.8559999999998
2307,2013-04-03,TCS,1570.0,1575.0,1531.0,1543.4,1567.35,479966,746543574.25,1555.41,25227.0,-1.528056911347167,1560.4625,1474.374
2308,2013-04-04,TCS,1540.1,1540.1,1501.0,1507.8,1543.4,563169,851824854.75,1512.56,27776.0,-2.306595827394074,1557.7925,1478.2910000000002
2309,2013-04-05,TCS,1505.0,1509.35,1484.1,1498.35,1507.8,932624,1395924269.25,1496.77,59990.0,-0.6267409470752119,1553.215,1481.687
2310,2013-04-08,TCS,1498.9,1498.9,1475.0,1480.75,1498.35,448208,664059525.75,1481.59,28530.0,-1.1746254212967537,1548.095,1484.4919999999997
2311,2013-04-09,TCS,1480.0,1513.0,1477.6,1497.4,1480.75,836177,1253072612.1,1498.57,28130.0,1.1244301874050373,1544.655,1487.5390000000002
2312,2013-04-10,TCS,1509.9,1538.9,1501.0,1530.45,1497.4,1023142,1553477093.3,1518.34,54754.0,2.2071590757312647,1543.1525,1491.249
2313,2013-04-11,TCS,1540.0,1550.1,1520.7,1536.9,1530.45,1122329,1725256806.15,1537.21,45986.0,0.42144467313535533,1542.4125,1495.0639999999999
2314,2013-04-12,TCS,1481.9,1524.5,1478.35,1511.75,1536.9,2516030,3786309762.75,1504.87,95542.0,-1.636410957121484,1539.615,1498.4160000000002
2315,2013-04-15,TCS,1513.5,1514.0,1448.35,1472.45,1511.75,2695748,3973067271.1,1473.83,100925.0,-2.5996361832313513,1534.725,1500.9029999999998
2316,2013-04-16,TCS,1470.0,1493.45,1457.95,1483.15,1472.45,1535791,2262294346.6,1473.05,58907.0,0.7266800230907702,1530.535,1503.4389999999999
2317,2013-04-17,TCS,1495.0,1499.0,1431.0,1456.65,1483.15,2639502,3855792428.45,1460.8,82601.0,-1.7867376866803761,1526.0300000000002,1505.371
2318,2013-04-18,TCS,1487.95,1494.9,1427.45,1452.75,1456.65,4277229,6207540646.1,1451.3,144508.0,-0.2677376171352137,1520.785,1507.015
2319,2013-04-22,TCS,1446.0,1459.8,1425.0,1425.3,1452.75,1481242,2124199931.1,1434.07,64835.0,-1.8895198760970604,1514.0525,1507.7779999999998
2320,2013-04-23,TCS,1424.45,1448.0,1424.0,1430.55,1425.3,1692085,2425121217.0,1433.21,73350.0,0.3683435066301831,1508.4725,1507.9370000000001
2321,2013-04-25,TCS,1430.55,1430.55,1398.65,1402.3,1430.55,3964597,5579555872.15,1407.35,113292.0,-1.9747649505434974,1501.48,1507.6890000000003
2322,2013-04-26,TCS,1393.0,1393.45,1365.1,1369.35,1402.3,2377038,3267258397.6,1374.51,104206.0,-2.349711188761324,1492.7800000000002,1506.875
2323,2013-04-29,TCS,1365.0,1384.7,1365.0,1370.75,1369.35,1984458,2727320978.8,1374.34,81023.0,0.10223828823895213,1483.5,1505.5819999999999
2324,2013-04-30,TCS,1368.0,1382.0,1365.0,1378.4,1370.75,2010285,2760426713.6,1373.15,80918.0,0.558088637607156,1473.6325000000002,1504.1960000000001
2272,2013-05-02,TCS,1373.5,1438.8,1373.5,1433.9,1378.4,2815163,3989795667.6,1417.25,165856.0,4.026407428903076,1467.4850000000001,1504.031
2273,2013-05-03,TCS,1426.0,1447.25,1407.9,1418.5,1433.9,1820895,2598667525.1,1427.14,80880.0,-1.0739940023711618,1460.0425,1503.894
2274,2013-05-06,TCS,1420.0,1472.4,1420.0,1467.2,1418.5,1863559,2710126272.55,1454.27,69362.0,3.4332040888262285,1456.2325,1504.3669999999997
2275,2013-05-07,TCS,1467.1,1478.85,1457.4,1471.6,1467.2,1130090,1659351880.4,1468.34,56771.0,0.2998909487459013,1454.4225000000001,1504.7430000000002
2276,2013-05-08,TCS,1472.0,1487.8,1470.0,1480.1,1471.6,884065,1309045680.3,1480.71,42493.0,0.5776026094047296,1453.51,1505.3239999999998
2277,2013-05-09,TCS,1483.2,1503.45,1483.0,1498.45,1480.1,974850,1460469843.25,1498.15,53116.0,1.2397810958719098,1454.395,1506.191
2278,2013-05-10,TCS,1498.45,1510.9,1491.1,1495.9,1498.45,569857,854287860.3,1499.13,40438.0,-0.17017584837665284,1454.3200000000002,1506.635
2279,2013-05-11,TCS,1495.0,1495.0,1486.1,1489.65,1495.9,28017,41734524.95,1489.61,1332.0,-0.417808677050605,1452.2800000000002,1506.5
2280,2013-05-13,TCS,1480.0,1481.0,1445.7,1451.6,1489.65,931249,1359524178.5,1459.89,77054.0,-2.5542912764743515,1448.0149999999999,1505.868
2281,2013-05-14,TCS,1455.1,1470.55,1443.75,1457.95,1451.6,1125050,1642646148.65,1460.07,76618.0,0.4374483328740794,1445.325,1504.687
2282,2013-05-15,TCS,1458.1,1477.2,1450.0,1471.55,1457.95,1782963,2608084625.65,1462.78,73380.0,0.9328166260845646,1445.28,1504.0810000000001
2283,2013-05-16,TCS,1469.0,1469.0,1447.45,1454.05,1471.55,1207826,1755560378.4,1453.49,69868.0,-1.1892222486493833,1443.825,1502.8980000000001
2284,2013-05-17,TCS,1455.0,1478.5,1454.1,1473.8,1454.05,1450100,2128947639.4,1468.14,70270.0,1.3582751624772187,1444.6825000000001,1501.5710000000001
2285,2013-05-20,TCS,1471.25,1478.0,1461.0,1472.4,1473.8,692752,1016902642.9,1467.92,44647.0,-0.09499253630070997,1445.665,1499.795
2286,2013-05-21,TCS,1465.0,1502.0,1465.0,1492.85,1472.4,949216,1417590016.25,1493.43,64722.0,1.3888888888888764,1449.0425,1497.8540000000003
2287,2013-05-22,TCS,1498.0,1509.15,1492.3,1498.4,1492.85,923472,1384575135.45,1499.31,63862.0,0.3717721137421832,1452.435,1496.1589999999999
2288,2013-05-23,TCS,1495.0,1526.75,1478.35,1492.7,1498.4,1531981,2297596221.45,1499.76,74633.0,-0.38040576615056365,1456.9550000000002,1494.6889999999999
2289,2013-05-24,TCS,1500.0,1502.95,1463.6,1469.55,1492.7,793306,1170774984.2,1475.82,33979.0,-1.5508809539760227,1461.965,1492.87
2290,2013-05-27,TCS,1469.5,1500.0,1460.0,1498.0,1469.55,1011932,1506473755.4,1488.71,59991.0,1.9359667925555473,1468.3274999999999,1491.796
2291,2013-05-28,TCS,1498.0,1516.5,1490.3,1514.1,1498.0,700127,1053386805.3,1504.57,41250.0,1.074766355140181,1475.1125,1490.7240000000002
2292,2013-05-29,TCS,1516.0,1527.5,1485.1,1497.35,1514.1,726019,1093844997.8,1506.63,45348.0,-1.1062677498183742,1478.285,1489.266
2293,2013-05-30,TCS,1500.0,1512.0,1487.0,1499.4,1497.35,1204173,1806278569.0,1500.02,38970.0,0.13690853841788372,1482.33,1487.915
2294,2013-05-31,TCS,1491.0,1509.25,1476.75,1498.45,1499.4,964934,1445147070.85,1497.66,51533.0,-0.06335867680405798,1483.8925,1486.9489999999998
2295,2013-06-03,TCS,1504.0,1507.0,1457.1,1469.4,1498.45,1548806,2281500480.6,1473.07,82050.0,-1.9386699589575864,1483.7825,1485.184
2296,2013-06-04,TCS,1460.0,1473.9,1450.15,1465.35,1469.4,652660,954328224.1,1462.21,31601.0,-0.2756227031441528,1483.0449999999998,1483.2920000000001
2297,2013-06-05,TCS,1461.1,1472.65,1452.7,1467.8,1465.35,864338,1265747022.65,1464.41,51676.0,0.167195550551066,1481.5125,1481.805
2298,2013-06-06,TCS,1453.7,1478.5,1452.05,1470.75,1467.8,1270226,1866415602.5,1469.36,61001.0,0.20098106008993363,1480.2549999999999,1480.3770000000002
2299,2013-06-07,TCS,1470.1,1539.0,1468.0,1518.95,1470.75,1775422,2688751636.25,1514.43,94737.0,3.2772395036546014,1481.7199999999998,1479.889
2300,2013-06-10,TCS,1525.05,1544.7,1519.1,1525.05,1518.95,1680215,2574158334.35,1532.04,49431.0,0.4015932058329707,1485.3925,1479.2630000000001
2242,2013-06-10,TCS,1525.05,1544.7,1519.1,1525.05,1518.95,1680215,2574158334.35,1532.04,49431.0,0.4015932058329707,1488.7475,1478.249
2243,2013-06-11,TCS,1530.2,1542.0,1492.0,1501.55,1525.05,1102734,1674743488.1,1518.72,50255.0,-1.5409330841611752,1490.2475,1477.1429999999998
2244,2013-06-12,TCS,1494.1,1495.1,1462.05,1468.1,1501.55,2402977,3539454358.05,1472.95,40672.0,-2.2276980453531383,1490.95,1475.1580000000001
2245,2013-06-13,TCS,1460.0,1464.0,1435.1,1445.65,1468.1,1575671,2283449223.8,1449.19,37679.0,-1.5291873850555016,1489.5425,1473.203
2246,2013-06-14,TCS,1448.0,1457.25,1431.0,1450.7,1445.65,1552998,2245611750.6,1445.98,50954.0,0.34932383356967134,1488.4575,1472.0609999999997
2247,2013-06-17,TCS,1453.0,1465.0,1428.0,1452.45,1450.7,1292081,1867204501.7,1445.11,33543.0,0.12063141931481353,1486.4375,1471.1430000000003
2248,2013-06-18,TCS,1455.0,1460.0,1440.15,1443.8,1452.45,1145764,1657716389.5,1446.82,35144.0,-0.5955454576749692,1483.7075,1470.404
2249,2013-06-19,TCS,1454.9,1454.9,1423.55,1427.7,1443.8,1069894,1531740349.35,1431.67,54286.0,-1.115112896523058,1480.4575,1469.01
2250,2013-06-20,TCS,1421.0,1433.15,1399.1,1404.5,1427.7,2086439,2962832290.85,1420.04,99552.0,-1.6249912446592452,1477.205,1466.491
2251,2013-06-21,TCS,1408.8,1431.85,1408.0,1422.25,1404.5,1424112,2024223029.2,1421.39,51685.0,1.2637949448202206,1473.4175,1464.198
2252,2013-06-24,TCS,1415.0,1434.1,1400.1,1410.7,1422.25,944582,1340239272.95,1418.87,51312.0,-0.8120935137985554,1468.2475,1462.1770000000001
2253,2013-06-25,TCS,1413.5,1427.1,1380.7,1392.3,1410.7,930274,1315244839.3,1413.83,53885.0,-1.3043170057418367,1462.9950000000001,1460.5740000000003
2254,2013-06-26,TCS,1396.9,1447.75,1381.05,1437.7,1392.3,1163244,1654857667.25,1422.62,55304.0,3.2607914960856204,1459.9099999999999,1459.665
2255,2013-06-27,TCS,1447.8,1497.0,1442.0,1491.9,1437.7,1910339,2812117983.8,1472.05,65973.0,3.7699102733532754,1459.5825,1460.37
2256,2013-06-28,TCS,1495.0,1524.3,1458.2,1518.15,1491.9,2408548,3610485523.45,1499.03,123933.0,1.7595013070581138,1462.02,1461.678
2257,2013-07-01,TCS,1512.0,1516.7,1483.4,1492.35,1518.15,677326,1012885599.65,1495.42,36062.0,-1.699436814544029,1463.3700000000001,1463.019
2258,2013-07-02,TCS,1493.1,1508.5,1486.65,1500.55,1492.35,828621,1240644824.95,1497.24,28099.0,0.5494689583542766,1465.0075,1464.4189999999999
2259,2013-07-03,TCS,1497.7,1519.0,1465.0,1489.8,1500.55,765453,1141708976.3,1491.55,48225.0,-0.7164039852054247,1465.96,1466.1689999999999
2260,2013-07-04,TCS,1490.85,1541.0,1490.0,1538.3,1489.8,958530,1459725830.2,1522.88,35318.0,3.2554705329574443,1466.9275000000002,1469.5480000000002
2261,2013-07-05,TCS,1542.0,1558.0,1522.0,1530.2,1538.3,646506,996254176.7,1540.98,33664.0,-0.5265552883052662,1467.185,1472.737
2262,2013-07-08,TCS,1528.0,1535.0,1500.0,1506.65,1530.2,829398,1258530157.1,1517.4,44702.0,-1.53901450790746,1466.2649999999999,1475.302
2263,2013-07-09,TCS,1495.3,1521.75,1495.3,1504.9,1506.65,548663,827023030.55,1507.34,31904.0,-0.11615172734211661,1466.4325000000001,1476.7220000000002
2264,2013-07-10,TCS,1510.0,1526.8,1498.0,1511.95,1504.9,661312,998690768.25,1510.17,44391.0,0.46846966575851917,1468.625,1478.5910000000001
2265,2013-07-11,TCS,1520.0,1570.0,1520.0,1564.55,1511.95,1167637,1811457431.95,1551.39,58336.0,3.478951023512676,1474.5700000000002,1480.5380000000002
2266,2013-07-12,TCS,1595.0,1624.8,1579.3,1609.85,1564.55,1625768,2612680638.9,1607.04,77332.0,2.8954012335815382,1482.5275,1483.3029999999999
2267,2013-07-15,TCS,1601.1,1647.3,1599.3,1641.75,1609.85,1030285,1684478563.8,1634.96,57355.0,1.9815510761872281,1491.9924999999998,1486.536
2268,2013-07-16,TCS,1625.0,1666.35,1617.6,1649.35,1641.75,1112493,1836203944.2,1650.53,39701.0,0.46292066392568354,1502.27,1489.5539999999999
2269,2013-07-17,TCS,1645.05,1684.95,1645.05,1678.5,1649.35,1499625,2511029102.75,1674.44,52818.0,1.7673629005365805,1514.81,1493.2060000000001
2270,2013-07-18,TCS,1680.0,1692.3,1644.0,1660.4,1678.5,1722766,2866403427.3,1663.84,82338.0,-1.0783437593089014,1527.605,1496.621
2271,2013-07-19,TCS,1719.0,1759.0,1700.0,1742.8,1660.4,4275402,7430699822.15,1738.01,131525.0,4.962659600096353,1543.6325,1502.445
2215,2013-07-22,TCS,1741.0,1758.8,1728.3,1746.5,1742.8,1487386,2597009147.7,1746.02,43813.0,0.21230204268992686,1560.4225000000001,1508.2160000000001
2216,2013-07-23,TCS,1748.0,1780.45,1743.6,1749.8,1746.5,823251,1446051851.8,1756.51,47374.0,0.18894932722587773,1578.2975000000001,1513.781
2217,2013-07-24,TCS,1748.5,1792.0,1745.0,1782.8,1749.8,1090822,1940354831.65,1778.8,85535.0,1.88592982055092,1595.5525000000002,1520.356
2218,2013-07-25,TCS,1780.0,1810.0,1766.7,1795.75,1782.8,2044404,3650816099.8,1785.76,71565.0,0.7263854610724729,1610.7450000000001,1526.795
2219,2013-07-26,TCS,1795.0,1798.95,1750.1,1774.5,1795.75,1189532,2116232135.95,1779.05,69405.0,-1.1833495753863288,1623.5625,1532.8370000000002
2220,2013-07-29,TCS,1758.0,1794.6,1757.25,1779.2,1774.5,887131,1578299165.55,1779.1,46806.0,0.2648633417864213,1637.905,1538.5639999999999
2221,2013-07-30,TCS,1780.0,1804.95,1775.45,1792.3,1779.2,1308742,2348695159.95,1794.62,53050.0,0.7362859712230165,1652.4924999999998,1544.442
2222,2013-07-31,TCS,1790.0,1831.5,1789.45,1815.5,1792.3,1413375,2569097493.5,1817.7,63976.0,1.2944261563354376,1668.7775000000001,1550.8980000000001
2223,2013-08-01,TCS,1810.05,1834.8,1790.0,1815.4,1815.5,1070589,1946711395.55,1818.36,50550.0,-0.00550812448360832,1682.6325000000002,1557.815
2224,2013-08-02,TCS,1819.7,1849.9,1816.7,1845.85,1815.4,923427,1701665974.05,1842.77,48177.0,1.6773162939297024,1698.4150000000002,1564.7720000000002
2225,2013-08-05,TCS,1840.0,1877.4,1840.0,1867.2,1845.85,1177592,2200091319.05,1868.3,67216.0,1.1566486984316244,1716.4424999999999,1571.8339999999998
2226,2013-08-06,TCS,1873.0,1881.95,1864.65,1870.1,1867.2,1152645,2157172621.2,1871.5,49199.0,0.1553127677806268,1734.7024999999999,1579.289
2227,2013-08-07,TCS,1874.0,1890.9,1813.45,1822.7,1870.1,1347490,2493883090.95,1850.76,77350.0,-2.5346238169081796,1750.2400000000002,1585.755
2228,2013-08-08,TCS,1805.1,1856.15,1783.7,1845.4,1822.7,1079314,1974732470.05,1829.62,58154.0,1.2454051681571319,1764.2825,1592.694
2229,2013-08-12,TCS,1841.0,1841.0,1808.15,1814.0,1845.4,1038787,1888813017.3,1818.29,51259.0,-1.7015281239839648,1774.4900000000002,1599.586
2230,2013-08-13,TCS,1820.2,1844.85,1809.95,1819.8,1814.0,1084148,1980034208.05,1826.35,36003.0,0.319735391400218,1783.3925,1606.675
2231,2013-08-14,TCS,1824.5,1858.0,1802.0,1833.5,1819.8,1651034,3028655819.5,1834.4,59805.0,0.7528299813166307,1792.6,1613.989
2232,2013-08-16,TCS,1824.2,1830.0,1755.55,1780.9,1833.5,1389965,2487232532.6,1789.42,83006.0,-2.868830106353963,1797.72,1620.1919999999998
2233,2013-08-19,TCS,1798.0,1807.0,1755.55,1777.45,1780.9,1060676,1890937648.05,1782.77,75068.0,-0.19372227525408756,1803.5724999999998,1625.3619999999999
2234,2013-08-20,TCS,1789.8,1789.8,1730.0,1736.4,1777.45,1362422,2376821441.5,1744.56,67852.0,-2.309488311907505,1803.2524999999998,1629.589
2235,2013-08-21,TCS,1740.1,1743.7,1701.15,1717.8,1736.4,1811997,3115584652.4,1719.42,93068.0,-1.0711817553559166,1801.8174999999999,1633.4440000000002
2236,2013-08-22,TCS,1705.0,1797.15,1695.2,1778.95,1717.8,2130494,3694948693.85,1734.32,103483.0,3.559785772499714,1803.275,1638.9920000000002
2237,2013-08-23,TCS,1794.0,1838.0,1784.3,1829.45,1778.95,2016442,3660840930.9,1815.5,77530.0,2.838753197110655,1805.6075,1646.219
2238,2013-08-26,TCS,1823.1,1878.6,1814.0,1842.0,1829.45,1331619,2469028622.4,1854.16,71382.0,0.6859985241465989,1807.92,1654.146
2239,2013-08-27,TCS,1839.0,1878.85,1830.0,1838.8,1842.0,972642,1807546676.95,1858.39,49621.0,-0.17372421281216316,1811.1349999999998,1661.9080000000001
2240,2013-08-28,TCS,1828.0,1946.1,1828.0,1907.9,1838.8,2222342,4234709917.05,1905.52,100549.0,3.757885577550584,1817.5700000000002,1671.0169999999998
2188,2013-08-29,TCS,1901.0,1970.0,1878.3,1947.1,1907.9,2952591,5728510576.1,1940.16,154394.0,2.054615021751655,1825.31,1681.083
2241,2013-08-29,TCS,1901.0,1970.0,1878.3,1947.1,1907.9,2952591,5728510576.1,1940.16,154394.0,2.054615021751655,1831.8899999999999,1691.4709999999998
2189,2013-08-30,TCS,1939.0,2050.0,1930.0,2033.2,1947.1,2641471,5299666523.3,2006.33,131925.0,4.4219608648759765,1842.78,1704.045
2190,2013-09-02,TCS,2020.0,2069.0,2017.5,2056.85,2033.2,1077017,2204626811.3,2046.97,54670.0,1.1631910289199223,1853.33,1716.7369999999999
2191,2013-09-03,TCS,2050.1,2067.0,1986.15,2001.1,2056.85,1177532,2395778757.2,2034.58,78795.0,-2.7104553078736906,1860.025,1728.545
2192,2013-09-04,TCS,2000.0,2078.8,1993.95,2069.1,2001.1,1313258,2698457160.05,2054.78,65829.0,3.3981310279346357,1869.975,1742.0809999999997
2193,2013-09-05,TCS,2069.0,2069.0,1981.05,1990.75,2069.1,1963746,3941460846.3,2007.11,88625.0,-3.7866705330820123,1878.3774999999998,1753.1419999999998
2194,2013-09-06,TCS,2009.0,2025.0,1975.0,1988.8,1990.75,1379798,2756885414.3,1998.04,74017.0,-0.09795303277659402,1885.5475,1763.08
2195,2013-09-10,TCS,1986.0,2016.7,1981.0,1987.9,1988.8,2150486,4289031303.45,1994.45,111927.0,-0.0452534191472176,1894.2424999999998,1772.475
2196,2013-09-11,TCS,2008.0,2018.0,1983.5,1993.8,1987.9,1504247,3007223331.55,1999.16,66161.0,0.29679561346143485,1902.9424999999999,1782.504
2197,2013-09-12,TCS,1995.0,1998.55,1945.8,1967.9,1993.8,952784,1869829459.4,1962.49,62862.0,-1.299026983649306,1909.6625,1791.851
2198,2013-09-13,TCS,1965.0,1990.0,1946.55,1953.75,1967.9,1048160,2058001744.15,1963.44,67633.0,-0.7190406016565928,1918.3049999999998,1801.13
2199,2013-09-16,TCS,1950.0,1985.0,1894.05,1902.55,1953.75,1230253,2359654428.35,1918.02,72613.0,-2.6206014075495867,1924.5600000000002,1808.415
2200,2013-09-17,TCS,1900.0,1952.55,1897.1,1947.45,1902.55,1663908,3210240796.75,1929.34,74729.0,2.359990539013434,1935.1125,1816.76
2201,2013-09-18,TCS,1942.05,1964.8,1937.9,1954.5,1947.45,1054909,2060092549.05,1952.86,58922.0,0.36201186166525223,1946.9474999999998,1825.717
2202,2013-09-19,TCS,1948.0,1990.0,1926.5,1966.3,1954.5,1953620,3841323426.45,1966.26,80968.0,0.6037349705807088,1956.315,1834.945
2203,2013-09-20,TCS,1950.0,1989.9,1941.0,1950.3,1966.3,1795929,3529564199.55,1965.31,54886.0,-0.8137110308701623,1962.3574999999996,1843.7119999999998
2204,2013-09-23,TCS,1950.0,1977.2,1940.0,1955.1,1950.3,1494379,2932761811.35,1962.53,84091.0,0.24611598215658897,1968.0125,1851.523
2205,2013-09-24,TCS,1955.0,1977.9,1926.0,1939.5,1955.1,2470150,4817462527.7,1950.27,79928.0,-0.7979131502224904,1973.0475000000001,1858.116
2206,2013-09-25,TCS,1941.5,1970.95,1920.2,1959.05,1939.5,2166929,4208725174.9,1942.25,86708.0,1.0079917504511449,1975.605,1864.4620000000002
2207,2013-09-26,TCS,1954.8,1974.1,1935.1,1942.9,1959.05,2459852,4797910480.05,1950.49,72636.0,-0.8243791633699938,1975.395,1870.3329999999999
2208,2013-09-27,TCS,1943.1,1961.95,1937.45,1948.1,1942.9,892333,1741150833.7,1951.23,34615.0,0.26764115497451324,1975.4450000000002,1875.725
2209,2013-09-30,TCS,1954.0,1961.85,1920.0,1927.8,1948.1,993675,1930809918.05,1943.1,67852.0,-1.0420409629895773,1970.175,1881.073
2210,2013-10-01,TCS,1932.0,1954.85,1916.7,1949.05,1927.8,795997,1547266400.6,1943.81,54197.0,1.1022927689594357,1964.7849999999999,1885.1979999999999
2211,2013-10-03,TCS,1971.8,2036.9,1960.4,2024.6,1949.05,2336177,4718669789.25,2019.83,122244.0,3.8762474025807423,1965.9600000000003,1890.76
2212,2013-10-04,TCS,2032.0,2069.0,2026.95,2033.6,2024.6,967016,1983778144.65,2051.44,59054.0,0.44453225328459944,1964.1850000000002,1896.4360000000001
2213,2013-10-07,TCS,2035.0,2097.7,2025.3,2089.75,2033.6,996939,2057400993.0,2063.72,45082.0,2.7611132966168417,1969.1350000000002,1902.575
2161,2013-10-08,TCS,2083.0,2098.0,2056.55,2061.45,2089.75,914053,1896391653.1,2074.71,57959.0,-1.354228974757755,1972.7675,1907.889
2214,2013-10-08,TCS,2083.0,2098.0,2056.55,2061.45,2089.75,914053,1896391653.1,2074.71,57959.0,-1.354228974757755,1976.4449999999997,1913.628
2162,2013-10-09,TCS,2055.5,2097.65,2045.1,2090.85,2061.45,887929,1838859976.4,2070.95,47321.0,1.4261806010332578,1981.2975000000001,1919.861
2163,2013-10-10,TCS,2088.0,2098.0,2067.25,2080.0,2090.85,582160,1210718758.4,2079.7,44874.0,-0.5189277088265495,1986.9025000000001,1925.615
2164,2013-10-11,TCS,2103.0,2138.0,2082.4,2122.05,2080.0,1142224,2417967294.5,2116.89,61370.0,2.0216346153846243,1995.3174999999999,1931.7459999999999
2165,2013-10-14,TCS,2127.5,2225.0,2125.0,2212.75,2122.05,2187230,4792579889.45,2191.16,86986.0,4.2741688461629,2010.8274999999999,1939.693
2166,2013-10-15,TCS,2235.0,2258.85,2201.0,2215.4,2212.75,2332546,5201407364.95,2229.93,116297.0,0.11976047904192029,2024.225,1947.0839999999998
2167,2013-10-17,TCS,2230.0,2230.0,2095.7,2108.45,2215.4,3343607,7179348604.65,2147.19,163438.0,-4.827570641870555,2031.9225,1951.9089999999999
2168,2013-10-18,TCS,2104.8,2133.8,2061.55,2120.65,2108.45,2673083,5626011914.0,2104.69,134214.0,0.578624107756896,2039.6399999999999,1956.92
2169,2013-10-21,TCS,2125.0,2127.95,2050.0,2071.65,2120.65,1842686,3814899754.1,2070.29,99433.0,-2.3106123122627493,2045.7075,1961.899
2170,2013-10-22,TCS,2088.0,2107.65,2076.85,2089.35,2071.65,1022307,2138821606.0,2092.15,63902.0,0.8543914271232987,2052.4199999999996,1966.7779999999998
2171,2013-10-23,TCS,2088.5,2103.0,2046.15,2061.15,2089.35,1227748,2533977446.65,2063.92,101044.0,-1.3497020604494134,2058.5024999999996,1971.721
2172,2013-10-24,TCS,2042.0,2082.35,2001.85,2008.7,2061.15,1808879,3684082884.4,2036.67,98629.0,-2.544695922179368,2060.985,1975.499
2173,2013-10-25,TCS,1995.0,2072.0,1995.0,2067.75,2008.7,1263701,2587280559.7,2047.38,82647.0,2.9397122517050804,2067.2275,1980.184
2174,2013-10-28,TCS,2068.0,2089.8,2052.55,2063.95,2067.75,901971,1864175717.6,2066.78,49308.0,-0.18377463426430574,2073.02,1985.845
2175,2013-10-29,TCS,2065.0,2085.8,2047.9,2069.8,2063.95,914538,1888467150.2,2064.94,62189.0,0.2834370987669452,2080.12,1991.692
2176,2013-10-30,TCS,2070.25,2100.0,2070.25,2091.95,2069.8,1057437,2209536847.8,2089.52,83706.0,1.0701517054787726,2087.2650000000003,1998.8029999999999
2177,2013-10-31,TCS,2089.0,2129.0,2079.4,2112.05,2091.95,1761538,3707257489.9,2104.56,63168.0,0.9608260235665463,2091.6375,2006.6879999999999
2178,2013-11-01,TCS,2110.0,2141.95,2091.1,2097.6,2112.05,673240,1419865963.7,2109.0,51527.0,-0.6841694088681741,2094.8375,2013.0610000000001
2179,2013-11-03,TCS,2100.0,2109.4,2095.2,2099.0,2097.6,65452,137550400.85,2101.55,4785.0,0.06674294431731936,2095.3,2018.4520000000002
2180,2013-11-05,TCS,2100.0,2105.0,2031.7,2042.0,2099.0,1130643,2324713877.1,2056.1,96320.0,-2.7155788470700335,2094.3275000000003,2022.4520000000002
2181,2013-11-06,TCS,2063.0,2103.55,2059.05,2091.1,2042.0,833875,1738759010.3,2085.16,54534.0,2.404505386875608,2095.8100000000004,2027.4979999999998
2182,2013-11-07,TCS,2100.0,2148.15,2080.3,2121.95,2091.1,978474,2078894382.95,2124.63,56720.0,1.4753000812969208,2097.365,2031.779
2183,2013-11-08,TCS,2130.0,2131.75,2071.2,2090.85,2121.95,804673,1687935805.75,2097.67,53524.0,-1.465633026225873,2097.9075,2034.654
2184,2013-11-11,TCS,2090.0,2140.0,2050.0,2094.65,2090.85,980569,2071428715.45,2112.48,64388.0,0.18174426668580634,2096.5375,2037.605
2185,2013-11-12,TCS,2096.85,2121.7,2079.0,2087.15,2094.65,500341,1050262378.35,2099.09,28714.0,-0.35805504499558394,2090.2575,2038.684
2186,2013-11-13,TCS,2098.95,2106.2,2043.65,2049.0,2087.15,604169,1250607204.1,2069.96,56535.0,-1.827851376278662,2081.9375,2038.527
2187,2013-11-14,TCS,2072.0,2072.0,2021.85,2026.2,2049.0,1064852,2170216049.65,2038.04,66310.0,-1.1127379209370403,2077.825,2039.029
2132,2013-11-18,TCS,2046.0,2059.9,2032.25,2044.0,2026.2,1415801,2899315848.45,2047.83,83630.0,0.878491757970583,2073.9925,2038.527
2133,2013-11-19,TCS,2049.95,2055.0,2021.2,2029.9,2044.0,1038932,2110881725.0,2031.78,58447.0,-0.6898238747553772,2071.9049999999997,2039.31
2134,2013-11-20,TCS,2046.85,2049.9,2017.0,2023.6,2029.9,829348,1689063122.45,2036.62,49519.0,-0.31036011626189375,2068.6175,2040.006
2135,2013-11-21,TCS,2023.2,2034.7,1980.0,1986.6,2023.6,1151441,2306757415.85,2003.37,47136.0,-1.8284245898398894,2064.8900000000003,2039.98
2136,2013-11-22,TCS,1991.0,2011.0,1985.1,2000.85,1986.6,747247,1494298710.75,1999.74,40236.0,0.7173059498640894,2064.4975,2040.121
2137,2013-11-25,TCS,2008.0,2026.85,1993.1,2013.25,2000.85,975499,1960352639.5,2009.59,40542.0,0.6197366119399301,2061.7725,2041.0279999999998
2138,2013-11-26,TCS,2003.1,2016.45,1987.0,1993.7,2013.25,1023706,2042866030.85,1995.56,59796.0,-0.9710666832236412,2058.2599999999998,2041.8269999999998
2139,2013-11-27,TCS,2009.0,2013.7,1975.0,1986.45,1993.7,1060489,2114547819.25,1993.94,44126.0,-0.3636454832723077,2054.0924999999997,2043.505
2140,2013-11-28,TCS,1993.1,1996.55,1970.0,1984.6,1986.45,1402861,2781606775.45,1982.81,59078.0,-0.09313096226938188,2048.725,2044.2479999999998
2141,2013-11-29,TCS,1992.0,2014.7,1981.8,2004.35,1984.6,962406,1927739485.9,2003.04,60652.0,0.9951627531996373,2043.3399999999997,2045.245
2142,2013-12-02,TCS,1995.0,2021.0,1995.0,2013.9,2004.35,626630,1259845905.85,2010.51,47674.0,0.47646369147105955,2039.155,2046.197
2143,2013-12-03,TCS,2016.05,2042.0,2015.05,2020.8,2013.9,724592,1469887919.75,2028.57,51921.0,0.34261879934454853,2035.2449999999997,2047.6070000000002
2144,2013-12-04,TCS,2019.9,2031.6,1993.65,2000.05,2020.8,759518,1529436662.75,2013.69,58626.0,-1.026821060965954,2033.1474999999998,2048.506
2145,2013-12-05,TCS,2016.0,2033.55,1983.05,1987.15,2000.05,698595,1395572412.55,1997.68,44162.0,-0.6449838754031081,2027.95,2049.459
2146,2013-12-06,TCS,1991.0,2010.0,1991.0,2000.3,1987.15,723481,1447922164.75,2001.33,31552.0,0.6617517550260354,2021.8674999999998,2050.284
2147,2013-12-09,TCS,2029.0,2029.95,2000.0,2004.85,2000.3,913170,1834892689.6,2009.37,55413.0,0.22746588011798002,2017.5675000000003,2051.5229999999997
2148,2013-12-10,TCS,2000.0,2089.0,2000.0,2082.75,2004.85,1826667,3772632310.45,2065.31,90575.0,3.885577474624041,2016.9725000000003,2054.216
2149,2013-12-11,TCS,2079.0,2086.85,2043.0,2058.05,2082.75,778031,1602195303.3,2059.29,39482.0,-1.185932060977065,2015.5175,2056.821
2150,2013-12-12,TCS,2045.0,2064.0,2025.1,2028.9,2058.05,827982,1684725865.0,2034.74,60023.0,-1.4163893005514971,2014.5125,2058.418
2151,2013-12-13,TCS,2037.95,2045.0,1995.0,2001.8,2028.9,1731675,3488885380.4,2014.75,80244.0,-1.3356991473212152,2013.2925000000002,2057.962
2152,2013-12-16,TCS,2013.7,2039.8,2005.15,2019.15,2001.8,1429250,2890696370.4,2022.53,70396.0,0.8667199520431679,2012.05,2057.673
2153,2013-12-17,TCS,2031.6,2065.85,2030.0,2045.35,2019.15,1497737,3072515890.5,2051.44,67190.0,1.2975757125523024,2012.8225000000002,2056.785
2154,2013-12-18,TCS,2040.0,2071.0,2038.0,2055.8,2045.35,793995,1634942318.85,2059.13,37832.0,0.5109150023223543,2014.4325000000001,2056.672
2155,2013-12-19,TCS,2075.95,2110.0,2062.65,2081.5,2055.8,1080993,2255304727.35,2086.33,64976.0,1.2501216071602206,2019.1774999999998,2057.073
2156,2013-12-20,TCS,2088.1,2130.0,2085.85,2120.55,2081.5,982906,2075707954.8,2111.81,52833.0,1.8760509248138448,2025.1625,2057.667
2157,2013-12-23,TCS,2129.95,2143.45,2097.95,2109.05,2120.55,660612,1397442498.25,2115.38,42090.0,-0.5423121360024522,2029.9525,2058.248
2158,2013-12-24,TCS,2119.8,2129.0,2104.25,2110.7,2109.05,435078,921006116.55,2116.88,27757.0,0.07823427609585529,2035.8025000000002,2058.021
2159,2013-12-26,TCS,2115.0,2117.0,2091.45,2100.3,2110.7,1148597,2418320068.15,2105.46,36263.0,-0.4927275311507859,2041.4949999999997,2055.772
2129,2013-12-27,TCS,2107.0,2169.9,2105.0,2160.65,2100.3,1239973,2660041977.05,2145.24,66396.0,2.873399038232629,2050.2974999999997,2054.6769999999997
2160,2013-12-27,TCS,2107.0,2169.9,2105.0,2160.65,2100.3,1239973,2660041977.05,2145.24,66396.0,2.873399038232629,2058.1125,2055.721
2130,2013-12-30,TCS,2170.0,2175.25,2146.7,2156.05,2160.65,834388,1802265192.95,2159.98,48931.0,-0.21289889616550153,2065.2200000000003,2056.429
2131,2013-12-31,TCS,2160.1,2184.95,2150.9,2172.05,2156.05,622888,1352832331.25,2171.87,44582.0,0.7420978177686045,2072.7825000000003,2058.437
2604,2014-01-01,TCS,2180.1,2184.5,2151.1,2153.3,2172.05,264976,572228100.1,2159.55,15040.0,-0.8632397965056052,2080.445,2059.716
2605,2014-01-02,TCS,2166.0,2189.0,2156.15,2167.0,2153.3,863474,1874565230.4,2170.96,60050.0,0.6362327590210289,2089.4375,2061.833
2606,2014-01-03,TCS,2164.7,2229.1,2147.25,2222.2,2167.0,1309087,2888756659.2,2206.7,84697.0,2.5473004153207115,2100.5325000000003,2066.103
2607,2014-01-06,TCS,2229.0,2244.0,2197.0,2239.6,2222.2,1155905,2570940803.45,2224.18,75432.0,0.783007830078305,2112.27,2069.54
2608,2014-01-07,TCS,2240.0,2256.45,2199.0,2206.15,2239.6,1448743,3227613039.35,2227.87,62312.0,-1.4935702804072075,2118.4399999999996,2072.384
2609,2014-01-08,TCS,2212.0,2244.0,2210.0,2232.65,2206.15,1275010,2843954798.3,2230.54,98989.0,1.2011875892391723,2127.17,2075.641
2610,2014-01-09,TCS,2228.75,2255.5,2222.1,2241.95,2232.65,1291103,2891057118.3,2239.21,65056.0,0.4165453608939927,2137.8225,2078.641
2611,2014-01-10,TCS,2260.0,2309.8,2235.0,2280.9,2241.95,1684667,3836071888.9,2277.05,114749.0,1.7373268806173319,2151.7774999999997,2082.018
2612,2014-01-13,TCS,2285.0,2384.0,2285.0,2368.75,2280.9,1907158,4472403152.65,2345.06,98245.0,3.8515498268227413,2169.2575,2087.441
2613,2014-01-14,TCS,2372.0,2384.8,2320.0,2326.75,2368.75,1487482,3479222656.95,2339.0,80128.0,-1.7730870712401055,2183.3275,2091.9959999999996
2614,2014-01-15,TCS,2342.45,2378.2,2327.0,2353.6,2326.75,1524427,3587831226.7,2353.56,96472.0,1.1539701300096663,2198.2175,2098.228
2615,2014-01-16,TCS,2380.0,2380.1,2325.0,2350.3,2353.6,1498981,3519743197.8,2348.09,71105.0,-0.1402107409925105,2211.6575000000003,2103.4120000000003
2616,2014-01-17,TCS,2298.0,2298.0,2206.05,2213.05,2350.3,3782378,8485841479.05,2243.52,175551.0,-5.839680040845849,2216.2825000000003,2105.2340000000004
2617,2014-01-20,TCS,2218.95,2350.0,2215.5,2338.2,2213.05,3005279,6905529095.9,2297.8,117743.0,5.655091389711015,2227.7400000000002,2110.181
2618,2014-01-21,TCS,2334.0,2339.25,2275.1,2280.3,2338.2,1566141,3597417846.3,2296.99,80762.0,-2.476263792661006,2236.2200000000003,2113.8940000000002
2619,2014-01-22,TCS,2287.1,2296.85,2264.1,2274.05,2280.3,1192015,2716333487.25,2278.77,46033.0,-0.27408674297241586,2244.9075000000003,2117.6319999999996
2620,2014-01-23,TCS,2268.1,2276.7,2237.3,2252.45,2274.05,1145381,2583139546.3,2255.27,76521.0,-0.9498471889360551,2249.4975000000004,2121.701
2621,2014-01-24,TCS,2244.0,2283.25,2235.0,2248.7,2252.45,925133,2095426383.45,2265.0,47071.0,-0.1664853825834092,2253.9,2126.151
2622,2014-01-27,TCS,2226.0,2259.5,2220.1,2229.6,2248.7,1266474,2835021950.15,2238.52,66877.0,-0.8493796415706812,2257.5775,2129.863
2623,2014-01-28,TCS,2232.0,2247.85,2196.1,2212.35,2229.6,1426083,3163827430.7,2218.54,86501.0,-0.773681377825619,2259.5925,2133.512
2624,2014-01-29,TCS,2240.0,2240.0,2205.0,2209.8,2212.35,849038,1883455043.45,2218.34,71191.0,-0.11526205166450729,2262.4175,2137.236
2625,2014-01-30,TCS,2198.05,2227.0,2190.0,2217.6,2209.8,1112625,2451582604.0,2203.42,55368.0,0.35297311973933054,2264.9474999999998,2141.8559999999998
2626,2014-01-31,TCS,2225.1,2269.8,2221.0,2241.05,2217.6,1087123,2448326371.3,2252.12,50891.0,1.0574494949495072,2265.8900000000003,2146.66
2627,2014-02-03,TCS,2222.0,2244.25,2190.8,2194.45,2241.05,681240,1502375512.8,2205.35,42400.0,-2.079382432341999,2263.6324999999997,2150.284
2628,2014-02-04,TCS,2174.0,2175.0,2112.05,2151.35,2194.45,1347083,2886220024.1,2142.57,104256.0,-1.9640456606438932,2260.8925000000004,2153.437
2629,2014-02-05,TCS,2163.8,2200.0,2140.0,2194.4,2151.35,926825,2013584896.65,2172.56,70158.0,2.0010690961489384,2258.98,2157.5959999999995
2630,2014-02-06,TCS,2180.0,2189.9,2145.0,2175.25,2194.4,961326,2085435565.55,2169.33,69578.0,-0.8726759022967595,2255.6449999999995,2161.409
2631,2014-02-07,TCS,2190.0,2195.0,2131.0,2144.4,2175.25,995456,2147728856.45,2157.53,59579.0,-1.4182277899092015,2248.82,2164.21
2632,2014-02-10,TCS,2144.0,2144.0,2085.1,2093.55,2144.4,2009635,4231876293.6,2105.79,97216.0,-2.3712926692781156,2235.0600000000004,2165.8030000000003
2575,2014-02-10,TCS,2144.0,2144.0,2085.1,2093.55,2144.4,2009635,4231876293.6,2105.79,97216.0,-2.3712926692781156,2223.4,2167.258
2576,2014-02-11,TCS,2100.0,2126.5,2096.0,2101.7,2093.55,1784393,3767467654.45,2111.34,74292.0,0.3892909173413406,2210.805,2169.291
2577,2014-02-12,TCS,2118.0,2123.6,2095.0,2105.45,2101.7,1537174,3246170087.7,2111.78,66032.0,0.17842698767664272,2198.5625,2171.657
2578,2014-02-13,TCS,2107.0,2138.4,2096.5,2133.75,2105.45,1047175,2225023029.3,2124.79,57108.0,1.3441307083996383,2194.5975,2174.326
2579,2014-02-14,TCS,2137.9,2184.75,2128.1,2167.9,2133.75,955031,2066292460.05,2163.59,60246.0,1.6004686584651477,2186.0825,2177.587
2580,2014-02-17,TCS,2160.0,2186.0,2147.2,2165.4,2167.9,835197,1810153378.3,2167.34,51337.0,-0.11531897227731906,2180.3375,2179.2400000000002
2581,2014-02-18,TCS,2165.0,2191.0,2155.85,2166.0,2165.4,763458,1661258480.2,2175.97,32619.0,0.02770850651149483,2174.9350000000004,2181.3990000000003
2582,2014-02-19,TCS,2170.0,2215.0,2162.25,2197.95,2166.0,536459,1171950133.8,2184.6,31535.0,1.475069252077554,2172.21,2184.78
2583,2014-02-20,TCS,2206.0,2222.0,2182.8,2189.35,2197.95,793962,1749999183.45,2204.13,41964.0,-0.3912736868445556,2169.2425,2188.531
2584,2014-02-21,TCS,2198.0,2213.0,2190.75,2205.7,2189.35,858930,1893581908.3,2204.58,40864.0,0.7467969945417549,2168.0475,2192.262
2585,2014-02-24,TCS,2204.0,2205.25,2170.1,2177.9,2205.7,1225212,2668490675.6,2177.98,56310.0,-1.2603708573241932,2166.325,2194.913
2586,2014-02-25,TCS,2189.0,2199.5,2180.0,2188.9,2177.9,1652687,3621772652.95,2191.44,57752.0,0.5050736948436567,2165.2799999999997,2197.575
2587,2014-02-26,TCS,2194.0,2195.0,2177.15,2182.15,2188.9,1929856,4213822325.45,2183.49,56611.0,-0.30837406916716154,2163.5075,2199.588
2588,2014-02-28,TCS,2161.0,2280.0,2160.15,2275.75,2182.15,1994096,4492354811.15,2252.83,97485.0,4.289347661709778,2165.2425,2202.692
2589,2014-03-03,TCS,2271.8,2299.0,2228.0,2240.05,2275.75,803039,1812339944.3,2256.85,63157.0,-1.5687136108974982,2167.5225,2205.312
2590,2014-03-04,TCS,2233.2,2254.0,2224.0,2240.65,2240.05,1015166,2274368030.8,2240.39,103475.0,0.02678511640364764,2171.9875,2207.911
2591,2014-03-05,TCS,2254.85,2286.25,2242.55,2251.9,2240.65,1151003,2601189683.2,2259.93,68806.0,0.5020864481288911,2174.8625,2210.9429999999998
2592,2014-03-06,TCS,2252.85,2260.0,2232.15,2240.75,2251.9,657281,1473380335.1,2241.63,63025.0,-0.4951374394955411,2178.1375,2212.545
2593,2014-03-07,TCS,2245.5,2250.05,2152.8,2228.5,2240.75,2349236,5164907275.4,2198.55,147864.0,-0.5466919558183644,2182.3424999999997,2213.902
2594,2014-03-10,TCS,2228.1,2228.5,2135.0,2142.65,2228.5,1914884,4138581439.5,2161.27,106548.0,-3.8523670630468883,2184.7974999999997,2213.634
2595,2014-03-11,TCS,2155.0,2177.65,2122.0,2151.65,2142.65,1275127,2744313231.95,2152.19,83897.0,0.42004060392504605,2187.7025000000003,2213.226
2596,2014-03-12,TCS,2153.0,2189.75,2153.0,2179.45,2151.65,834894,1816341022.25,2175.53,56238.0,1.2920316966049183,2191.5899999999997,2213.749
2597,2014-03-13,TCS,2148.05,2202.0,2136.85,2149.55,2179.45,1009942,2193524895.05,2171.93,49204.0,-1.371905756039351,2193.795,2213.4
2598,2014-03-14,TCS,2141.0,2160.5,2124.3,2139.55,2149.55,1080623,2314322925.1,2141.66,92521.0,-0.4652136493684724,2194.085,2211.7470000000003
2599,2014-03-18,TCS,2135.5,2151.8,2104.25,2122.0,2139.55,1282921,2729722548.95,2127.74,93915.0,-0.8202659437732318,2191.79,2209.395
2600,2014-03-19,TCS,2075.0,2075.0,2013.05,2039.4,2122.0,4326331,8798431307.95,2033.69,222327.0,-3.8925541941564523,2185.4900000000002,2206.06
2601,2014-03-20,TCS,2038.0,2122.9,2011.4,2108.2,2039.4,2864478,5958117383.65,2080.0,141643.0,3.3735412376188942,2182.6,2203.571
2602,2014-03-21,TCS,2125.0,2145.0,2085.0,2127.0,2108.2,2340388,4956237177.1,2117.7,125422.0,0.8917560003794794,2179.0525000000002,2201.272
2550,2014-03-22,TCS,2125.0,2141.9,2115.45,2128.25,2127.0,94751,201964530.7,2131.53,5439.0,0.058768218147625756,2175.9975000000004,2198.219
2603,2014-03-22,TCS,2125.0,2141.9,2115.45,2128.25,2127.0,94751,201964530.7,2131.53,5439.0,0.058768218147625756,2172.125,2193.409
2551,2014-03-24,TCS,2136.95,2157.95,2126.15,2152.6,2128.25,1091507,2339590566.65,2143.45,78333.0,1.1441325032303493,2170.8599999999997,2189.926
2552,2014-03-25,TCS,2144.0,2172.0,2130.0,2146.65,2152.6,1124984,2418436038.6,2149.75,57258.0,-0.27640992288394584,2168.7475000000004,2185.7870000000003
2553,2014-03-26,TCS,2148.05,2158.5,2087.55,2093.5,2146.65,1596175,3371223189.95,2112.06,95062.0,-2.475950900239913,2164.315,2180.651
2554,2014-03-27,TCS,2100.95,2115.0,2065.05,2094.25,2093.5,2506238,5231589901.85,2087.43,97717.0,0.03582517315500359,2155.2400000000002,2178.275
2555,2014-03-28,TCS,2097.0,2122.85,2080.05,2102.1,2094.25,1485581,3120906521.0,2100.8,100066.0,0.37483586009310776,2148.3424999999997,2173.553
2556,2014-03-31,TCS,2104.0,2144.95,2082.0,2133.15,2102.1,1341634,2834117482.85,2112.44,80904.0,1.4770943342372,2142.9674999999997,2170.61
2557,2014-04-01,TCS,2145.0,2185.0,2144.9,2176.7,2133.15,1377966,2993966591.5,2172.74,66536.0,2.0415816984271955,2139.2075,2168.663
2558,2014-04-02,TCS,2190.0,2202.0,2161.05,2172.25,2176.7,1881508,4110002324.45,2184.42,150867.0,-0.20443791059860422,2135.7825000000003,2167.0589999999997
2559,2014-04-03,TCS,2172.85,2182.0,2147.6,2166.5,2172.25,790597,1709471688.15,2162.25,66632.0,-0.26470249741051904,2132.6825,2165.415
2560,2014-04-04,TCS,2172.0,2187.0,2130.0,2138.85,2166.5,847328,1827357399.3,2156.61,50443.0,-1.2762520193861109,2132.4925,2163.6
2561,2014-04-07,TCS,2130.1,2165.95,2120.7,2153.8,2138.85,1297493,2778925773.95,2141.77,102241.0,0.698973747574644,2132.6,2162.429
2562,2014-04-09,TCS,2152.0,2162.0,2105.0,2140.4,2153.8,1675250,3563251463.7,2127.0,105908.0,-0.6221561890611983,2130.6475,2161.041
2563,2014-04-10,TCS,2140.4,2148.65,2115.2,2126.15,2140.4,1076443,2291803131.0,2129.05,66534.0,-0.6657634087086526,2129.4775,2159.212
2564,2014-04-11,TCS,2118.0,2174.9,2100.0,2164.1,2126.15,1170371,2497923127.1,2134.3,57660.0,1.7849163981845033,2130.705,2157.6730000000002
2565,2014-04-15,TCS,2181.0,2258.0,2174.05,2252.75,2164.1,1798622,3993501825.9,2220.31,125731.0,4.0963911094681436,2137.2425,2158.8390000000004
2566,2014-04-16,TCS,2264.0,2264.0,2184.2,2196.3,2252.75,1737955,3838383654.1,2208.56,87315.0,-2.5058262124070496,2145.0875,2159.738
2567,2014-04-17,TCS,2220.0,2227.0,2142.7,2222.9,2196.3,3840719,8466664778.9,2204.45,146274.0,1.211127805855298,2150.8224999999998,2160.308
2568,2014-04-21,TCS,2220.0,2242.9,2211.3,2221.75,2222.9,921297,2048798979.85,2223.82,46253.0,-0.05173422106258001,2155.56,2161.2380000000003
2569,2014-04-22,TCS,2233.95,2249.9,2219.9,2221.05,2221.75,743137,1655205052.35,2227.32,51736.0,-0.031506695172716016,2160.2,2162.771
2570,2014-04-23,TCS,2231.4,2243.9,2201.1,2213.75,2221.05,969496,2150141469.9,2217.79,55240.0,-0.32867337520542905,2164.475,2165.175
2571,2014-04-25,TCS,2227.0,2235.0,2193.2,2205.25,2213.75,1580224,3482300031.4,2203.67,81051.0,-0.3839638622247318,2167.1075,2167.409
2572,2014-04-28,TCS,2205.25,2222.7,2180.1,2191.35,2205.25,1275383,2800012963.5,2195.43,81405.0,-0.6303140233533654,2169.3424999999997,2169.2019999999998
2573,2014-04-29,TCS,2186.0,2206.35,2176.9,2194.25,2191.35,923090,2026239991.8,2195.06,67577.0,0.13233851278892422,2174.38,2170.978
2574,2014-04-30,TCS,2185.1,2205.6,2181.0,2189.2,2194.25,1198689,2625799508.85,2190.56,70291.0,-0.23014697504843032,2179.1275,2172.087
2522,2014-05-02,TCS,2181.25,2219.9,2181.25,2208.45,2189.2,958889,2116625221.85,2207.37,48854.0,0.8793166453498995,2184.445,2172.898
2523,2014-05-05,TCS,2210.8,2229.0,2204.15,2213.7,2208.45,657239,1459488913.45,2220.64,50891.0,0.23772329009033488,2188.4725,2173.864
2524,2014-05-06,TCS,2213.7,2221.6,2190.0,2198.9,2213.7,480616,1056478035.2,2198.17,50253.0,-0.6685639427203202,2189.5825,2174.522
2525,2014-05-07,TCS,2191.05,2203.0,2140.1,2165.55,2198.9,2358091,5106895672.45,2165.69,81592.0,-1.5166674246213974,2189.2475000000004,2173.874
2526,2014-05-08,TCS,2165.1,2181.8,2147.65,2162.05,2165.55,1303450,2816412348.25,2160.74,57679.0,-0.16162175890651334,2189.025,2173.328
2527,2014-05-09,TCS,2152.0,2184.7,2152.0,2159.9,2162.05,899720,1953497732.9,2171.23,52488.0,-0.09944265858791844,2190.0775000000003,2172.412
2528,2014-05-12,TCS,2153.0,2166.7,2123.15,2159.35,2159.9,1443032,3098863381.25,2147.47,63790.0,-0.025464141858427793,2190.355,2172.041
2529,2014-05-13,TCS,2165.8,2239.0,2165.8,2210.95,2159.35,1273742,2804356204.3,2201.67,61340.0,2.3896079838840354,2193.8825,2172.482
2530,2014-05-14,TCS,2214.4,2237.7,2201.1,2216.1,2210.95,694614,1541069901.05,2218.6,42813.0,0.23293154526335247,2198.38,2173.161
2531,2014-05-15,TCS,2216.1,2225.0,2171.15,2193.15,2216.1,1260098,2760869467.85,2191.0,55726.0,-1.0356030865033086,2199.8325,2171.509
2532,2014-05-16,TCS,2200.05,2253.4,2100.25,2160.75,2193.15,2620899,5720986489.95,2182.83,108446.0,-1.4773271322071033,2195.2325,2169.923
2533,2014-05-19,TCS,2150.0,2160.0,1999.5,2036.7,2160.75,3258303,6634050791.6,2036.04,134136.0,-5.7410621312044405,2187.2525,2165.844
2534,2014-05-20,TCS,2028.0,2160.0,2028.0,2068.2,2036.7,2351057,4864113732.55,2068.91,102010.0,1.5466195315952165,2179.5175000000004,2162.17
2535,2014-05-21,TCS,2061.2,2089.0,2055.8,2082.85,2068.2,2058473,4272201811.7,2075.42,85447.0,0.7083454211391593,2172.5725,2159.012
2536,2014-05-22,TCS,2096.75,2124.0,2075.1,2111.95,2082.85,2108421,4445070230.1,2108.25,92965.0,1.397124132798805,2167.1175,2156.681
2537,2014-05-23,TCS,2119.0,2149.0,2096.0,2127.9,2111.95,1547390,3290139234.25,2126.25,67074.0,0.7552262127417919,2162.825,2156.386
2538,2014-05-26,TCS,2149.0,2169.6,2133.6,2154.0,2127.9,1325425,2851162923.15,2151.13,53883.0,1.2265613985619583,2160.2625,2156.433
2539,2014-05-27,TCS,2160.15,2184.6,2118.0,2131.45,2154.0,897547,1923538986.8,2143.11,53842.0,-1.0468895078923017,2157.2675,2155.473
2540,2014-05-28,TCS,2140.0,2158.75,2122.45,2150.55,2131.45,943744,2025939195.2,2146.7,67958.0,0.8961035914518457,2155.0825,2155.4930000000004
2541,2014-05-29,TCS,2145.0,2180.0,2135.2,2159.95,2150.55,1410355,3042424886.35,2157.21,90581.0,0.4370974866894346,2153.62,2155.901
2542,2014-05-30,TCS,2158.8,2167.0,2130.15,2141.35,2159.95,1292824,2768139047.25,2141.16,55989.0,-0.8611310447001046,2150.265,2156.288
2543,2014-06-02,TCS,2144.0,2157.75,2116.05,2129.85,2141.35,547579,1165088969.05,2127.71,39797.0,-0.5370443878861466,2146.0725,2158.097
2544,2014-06-03,TCS,2129.85,2138.0,2105.2,2128.6,2129.85,1242314,2644124676.35,2128.39,54006.0,-0.058689579078338855,2142.5575,2158.505
2545,2014-06-04,TCS,2130.0,2134.9,2077.0,2089.25,2128.6,1070531,2236712992.4,2089.35,66411.0,-1.8486329042563148,2138.7425,2157.75
2546,2014-06-05,TCS,2083.1,2116.4,2068.0,2104.15,2089.25,2174235,4549894562.95,2092.64,94900.0,0.7131745841809306,2135.8475000000003,2157.268
2547,2014-06-06,TCS,2100.15,2107.8,2056.0,2084.25,2104.15,1680793,3488414552.95,2075.46,91602.0,-0.9457500653470565,2132.065,2156.388
2548,2014-06-09,TCS,2087.0,2118.0,2080.0,2113.8,2084.25,1333098,2811954248.45,2109.34,78066.0,1.4177761784814769,2129.7875,2155.612
2549,2014-06-10,TCS,2115.0,2160.95,2115.0,2158.15,2113.8,1314034,2816476693.7,2143.38,80530.0,2.0981171350174996,2127.1475,2155.8419999999996
2493,2014-06-10,TCS,2115.0,2160.95,2115.0,2158.15,2113.8,1314034,2816476693.7,2143.38,80530.0,2.0981171350174996,2124.25,2157.135
2494,2014-06-11,TCS,2165.0,2214.0,2138.2,2206.95,2158.15,1772281,3876793369.3,2187.46,102815.0,2.2611959317007493,2124.9399999999996,2159.389
2495,2014-06-12,TCS,2249.0,2254.0,2183.8,2237.35,2206.95,1367169,3039147809.4,2222.95,75398.0,1.3774666394798292,2128.7699999999995,2162.094
2496,2014-06-13,TCS,2238.0,2239.0,2185.05,2213.55,2237.35,952011,2100151183.8,2206.02,69814.0,-1.0637584642545748,2137.6125,2163.7019999999998
2497,2014-06-16,TCS,2210.0,2276.95,2210.0,2269.75,2213.55,1219953,2758810366.4,2261.41,85866.0,2.5389080888165982,2147.69,2165.563
2498,2014-06-17,TCS,2284.9,2297.0,2271.0,2279.85,2269.75,959072,2189916841.4,2283.37,74343.0,0.4449829276351981,2157.54,2167.715
2499,2014-06-18,TCS,2293.0,2293.0,2221.3,2227.05,2279.85,974412,2184599541.5,2241.97,70364.0,-2.3159418382788224,2163.295,2168.926
2500,2014-06-19,TCS,2230.0,2289.0,2210.1,2276.05,2227.05,948177,2135493635.1,2252.21,57665.0,2.2002200220022,2170.7025000000003,2171.67
2501,2014-06-20,TCS,2284.9,2299.0,2262.0,2292.4,2276.05,577837,1320440082.25,2285.14,32093.0,0.7183497726324073,2177.6225,2174.442
2502,2014-06-23,TCS,2293.0,2299.9,2254.05,2268.85,2292.4,631367,1433410751.75,2270.33,40067.0,-1.0273076251963087,2184.4925000000003,2177.011
2503,2014-06-24,TCS,2269.0,2319.5,2255.0,2309.05,2268.85,739550,1693804552.15,2290.32,50209.0,1.77182272957667,2192.4175,2180.669
2504,2014-06-25,TCS,2310.0,2320.0,2293.0,2310.55,2309.05,514211,1187948513.1,2310.24,39929.0,0.06496178081895151,2199.9475,2183.598
2505,2014-06-26,TCS,2296.0,2344.15,2291.15,2307.65,2310.55,1018091,2354407356.35,2312.57,42206.0,-0.12551124191210278,2208.2625000000003,2184.696
2506,2014-06-27,TCS,2317.0,2406.9,2315.0,2399.55,2307.65,1529418,3646093805.65,2383.97,77416.0,3.9824063441163124,2221.7475,2188.761
2507,2014-06-30,TCS,2400.55,2435.0,2376.6,2425.4,2399.55,1073235,2590759835.9,2413.97,48687.0,1.0772853243316416,2236.5875,2192.811
2508,2014-07-01,TCS,2418.9,2419.0,2382.3,2390.75,2425.4,546395,1309382772.9,2396.4,33485.0,-1.4286303290178977,2251.6625,2196.1910000000003
2509,2014-07-02,TCS,2400.0,2411.75,2383.5,2401.6,2390.75,453870,1088275662.45,2397.77,32033.0,0.4538324793474813,2266.535,2199.8019999999997
2510,2014-07-03,TCS,2399.0,2445.0,2392.0,2417.9,2401.6,763381,1848264270.1,2421.16,64913.0,0.6787141905396479,2283.2174999999997,2203.885
2511,2014-07-04,TCS,2412.4,2425.5,2401.0,2410.5,2417.9,268068,646775698.15,2412.73,21597.0,-0.3060507051573717,2298.0525000000002,2207.99
2512,2014-07-07,TCS,2420.05,2498.0,2410.4,2488.55,2410.5,1102451,2726707774.9,2473.31,51992.0,3.237917444513594,2314.5725,2213.934
2513,2014-07-08,TCS,2484.95,2486.15,2433.25,2449.45,2488.55,1250294,3073534489.35,2458.25,64334.0,-1.571196078037426,2329.1375,2219.038
2514,2014-07-09,TCS,2470.0,2472.65,2381.6,2398.15,2449.45,777121,1881233878.8,2420.77,40909.0,-2.0943477107105566,2338.6975,2223.217
2515,2014-07-10,TCS,2399.55,2419.6,2335.0,2351.8,2398.15,995281,2364013918.35,2375.22,58688.0,-1.9327398202781274,2344.42,2226.084
2516,2014-07-11,TCS,2371.0,2410.0,2361.1,2394.45,2351.8,664723,1589570641.4,2391.33,47547.0,1.8135045497065923,2353.465,2229.699
2517,2014-07-14,TCS,2418.8,2439.0,2385.25,2426.25,2394.45,793962,1919834412.65,2418.04,64400.0,1.3280711645680712,2361.29,2234.246
2518,2014-07-15,TCS,2426.2,2430.0,2393.75,2399.3,2426.25,694828,1670474169.5,2404.15,38359.0,-1.1107676455435267,2367.2625,2238.9210000000003
2519,2014-07-16,TCS,2409.65,2424.0,2386.85,2401.85,2399.3,703620,1690914048.7,2403.16,35318.0,0.10628099862458745,2376.0025,2243.717
2520,2014-07-17,TCS,2410.0,2429.8,2375.0,2381.95,2401.85,895110,2144188396.45,2395.45,55365.0,-0.8285280096592249,2381.2974999999997,2248.1580000000004
2521,2014-07-18,TCS,2452.0,2485.0,2435.0,2441.2,2381.95,1753744,4316328159.45,2461.21,65241.0,2.487457755200571,2388.7375,2253.795
2466,2014-07-21,TCS,2468.0,2469.85,2443.05,2463.75,2441.2,490536,1204962509.7,2456.42,28243.0,0.9237260363755606,2398.4824999999996,2258.851
2467,2014-07-22,TCS,2465.0,2540.0,2461.9,2532.4,2463.75,1199508,2994076321.9,2496.09,60679.0,2.7864028411973654,2409.65,2265.1769999999997
2468,2014-07-23,TCS,2540.0,2596.3,2532.3,2586.15,2532.4,1032929,2658867071.8,2574.1,61631.0,2.1224924972358234,2423.43,2273.0370000000003
2469,2014-07-24,TCS,2594.9,2602.0,2567.0,2595.2,2586.15,740709,1914066543.1,2584.1,43633.0,0.34994103203602756,2437.8075,2281.726
2470,2014-07-25,TCS,2594.0,2614.35,2567.0,2605.75,2595.2,903457,2337984909.15,2587.82,52802.0,0.40651972872997,2448.1175,2293.107
2471,2014-07-28,TCS,2577.15,2599.65,2555.0,2589.3,2605.75,657461,1695994152.5,2579.61,45346.0,-0.6312961719274611,2456.3125,2303.5290000000005
2472,2014-07-30,TCS,2584.8,2610.0,2572.6,2595.05,2589.3,949626,2461486588.65,2592.06,58885.0,0.22206774031591547,2466.5275,2313.7729999999997
2473,2014-07-31,TCS,2575.1,2598.0,2569.25,2580.05,2595.05,1203605,3104812803.75,2579.59,65616.0,-0.5780235448257258,2475.45,2323.135
2474,2014-08-01,TCS,2575.0,2587.95,2510.0,2516.4,2580.05,1190941,3032860714.05,2546.61,59210.0,-2.46700645336331,2480.375,2330.905
2475,2014-08-04,TCS,2532.0,2541.9,2488.0,2526.05,2516.4,914318,2302234098.8,2517.98,49092.0,0.38348434271181414,2486.1525,2338.346
2476,2014-08-05,TCS,2544.9,2545.0,2490.1,2523.7,2526.05,702328,1770022632.3,2520.22,44849.0,-0.09303062092992473,2487.91,2346.1910000000003
2477,2014-08-06,TCS,2516.15,2534.85,2490.25,2506.65,2523.7,918781,2306877092.3,2510.8,46871.0,-0.6755953560248733,2490.77,2353.313
2478,2014-08-07,TCS,2490.0,2495.0,2459.05,2469.8,2506.65,836328,2068008431.8,2472.72,43519.0,-1.4700895617656995,2494.3525,2359.51
2479,2014-08-08,TCS,2465.0,2507.7,2465.0,2478.7,2469.8,732395,1819928917.35,2484.9,37930.0,0.36035306502549336,2500.6975,2366.257
2480,2014-08-11,TCS,2490.9,2495.55,2455.0,2468.4,2478.7,645448,1597643654.35,2475.25,37616.0,-0.4155404042441493,2504.395,2373.0280000000002
2481,2014-08-12,TCS,2489.9,2489.9,2440.2,2471.75,2468.4,492276,1210857308.45,2459.71,30316.0,0.13571544320207052,2506.67,2379.891
2482,2014-08-13,TCS,2470.0,2530.0,2470.0,2500.05,2471.75,1384189,3461956740.95,2501.07,69764.0,1.14493779710732,2511.7075,2388.107
2483,2014-08-14,TCS,2514.0,2532.0,2490.05,2499.75,2500.05,789028,1980586975.0,2510.16,59273.0,-0.011999760004807179,2516.6025,2396.019
2484,2014-08-18,TCS,2491.05,2505.0,2470.0,2487.6,2499.75,686630,1706732411.9,2485.67,73851.0,-0.4860486048604897,2521.8849999999998,2404.0860000000002
2485,2014-08-19,TCS,2500.0,2504.9,2435.0,2438.5,2487.6,1617078,3955843991.9,2446.29,98599.0,-1.9737899983920209,2521.75,2410.58
2486,2014-08-20,TCS,2444.5,2455.05,2430.05,2436.2,2438.5,1028379,2508895255.85,2439.66,39277.0,-0.09432027885996234,2520.3725000000004,2416.141
2487,2014-08-21,TCS,2447.0,2460.0,2430.0,2432.45,2436.2,1132725,2764009129.5,2440.14,64360.0,-0.15392824891224038,2515.375,2421.627
2488,2014-08-22,TCS,2444.0,2468.2,2435.8,2464.2,2432.45,1548119,3800985729.3,2455.23,83872.0,1.3052683508396885,2509.2775,2426.772
2489,2014-08-25,TCS,2470.0,2528.5,2466.9,2522.05,2464.2,1571756,3947495581.85,2511.52,50860.0,2.3476178881584437,2505.62,2432.466
2490,2014-08-26,TCS,2529.0,2550.0,2500.0,2533.8,2522.05,907745,2300851787.9,2534.69,49485.0,0.4658908427667969,2502.0225,2438.871
2491,2014-08-27,TCS,2534.0,2567.4,2514.05,2549.95,2533.8,717730,1832013110.6,2552.51,46881.0,0.6373825874180927,2500.055,2444.475
2492,2014-08-28,TCS,2547.0,2549.3,2513.0,2522.35,2549.95,883144,2233122263.7,2528.6,40308.0,-1.0823741641992946,2496.4199999999996,2449.325
2441,2014-09-01,TCS,2525.4,2560.0,2523.05,2537.15,2522.35,405074,1030647526.25,2544.34,33608.0,0.5867544155252119,2494.275,2455.527
2442,2014-09-02,TCS,2545.8,2554.8,2514.1,2537.9,2537.15,703970,1789105321.75,2541.45,37899.0,0.0295607275880417,2495.35,2460.764
2443,2014-09-03,TCS,2539.0,2616.0,2539.0,2606.4,2537.9,1530845,3977590349.5,2598.3,72768.0,2.6990819181212813,2499.3675,2467.044
2444,2014-09-04,TCS,2622.0,2627.45,2577.45,2584.75,2606.4,850799,2207573908.25,2594.71,57553.0,-0.8306476365868666,2502.42,2473.362
2445,2014-09-05,TCS,2599.9,2621.8,2583.05,2598.6,2584.75,733530,1907374591.9,2600.27,45025.0,0.5358351871554274,2507.0175,2479.1530000000002
2446,2014-09-08,TCS,2612.0,2650.0,2599.05,2642.7,2598.6,848671,2231530147.55,2629.44,41269.0,1.697067651812511,2515.6625,2485.7960000000003
2447,2014-09-09,TCS,2652.0,2667.0,2625.1,2631.25,2642.7,709049,1871629557.0,2639.63,35859.0,-0.43326900518408523,2523.29,2492.268
2448,2014-09-10,TCS,2638.0,2642.75,2591.2,2600.15,2631.25,629384,1647923415.1,2618.31,37937.0,-1.18194774346793,2529.8774999999996,2496.28
2449,2014-09-11,TCS,2610.0,2624.4,2591.5,2598.35,2600.15,537811,1400332124.35,2603.76,27555.0,-0.06922677537835055,2536.2074999999995,2499.739
2450,2014-09-12,TCS,2610.0,2624.35,2593.2,2607.6,2598.35,598105,1560503897.5,2609.08,27279.0,0.3559951507687571,2541.585,2504.0759999999996
2451,2014-09-15,TCS,2614.0,2618.6,2554.0,2558.3,2607.6,575772,1479968914.15,2570.41,33049.0,-1.8906273968399958,2544.5125,2507.21
2452,2014-09-16,TCS,2566.0,2575.0,2544.0,2550.85,2558.3,767804,1963022809.65,2556.67,40518.0,-0.29120900598054456,2547.6749999999997,2509.869
2453,2014-09-17,TCS,2561.0,2604.75,2561.0,2591.2,2550.85,828850,2143884276.25,2586.58,42962.0,1.581825665954482,2555.3100000000004,2513.4829999999997
2454,2014-09-18,TCS,2591.7,2651.8,2581.0,2642.3,2591.2,741539,1948309008.4,2627.39,54613.0,1.9720592775548151,2565.615,2516.558
2455,2014-09-19,TCS,2643.0,2740.0,2642.0,2714.2,2642.3,1793932,4861171453.1,2709.79,73423.0,2.721114180827296,2579.7025000000003,2521.853
2456,2014-09-22,TCS,2714.0,2734.0,2676.25,2721.8,2714.2,499792,1350359104.8,2701.84,28046.0,0.2800088423845098,2592.5824999999995,2528.326
2457,2014-09-23,TCS,2724.0,2782.45,2683.3,2688.2,2721.8,1027995,2797979202.85,2721.78,60907.0,-1.2344771842163407,2600.8900000000003,2535.054
2458,2014-09-24,TCS,2693.0,2706.95,2632.75,2643.0,2688.2,1221066,3244459324.7,2657.07,64331.0,-1.681422513205856,2606.35,2540.025
2459,2014-09-25,TCS,2660.95,2725.0,2660.0,2708.6,2643.0,1236579,3339833760.95,2700.87,76112.0,2.482027998486565,2614.2825000000003,2545.672
2460,2014-09-26,TCS,2710.0,2724.9,2670.1,2684.0,2708.6,806356,2170025458.65,2691.15,65860.0,-0.9082182677397884,2622.3650000000002,2551.366
2461,2014-09-29,TCS,2695.4,2775.45,2675.3,2767.95,2684.0,1044767,2873608677.4,2750.48,54935.0,3.1277943368107235,2633.9049999999997,2558.688
2462,2014-09-30,TCS,2772.95,2776.65,2708.15,2736.6,2767.95,1394477,3819587326.25,2739.08,78318.0,-1.132607164146748,2643.84,2565.781
2463,2014-10-01,TCS,2752.0,2802.0,2737.0,2775.6,2736.6,1071011,2976671886.85,2779.31,67777.0,1.4251260688445517,2652.3,2572.469
2464,2014-10-07,TCS,2739.6,2839.7,2725.6,2731.35,2775.6,1728837,4795149568.25,2773.63,86959.0,-1.5942498919152615,2659.63,2577.821
2465,2014-10-08,TCS,2738.0,2739.95,2649.25,2683.2,2731.35,981221,2630253885.9,2680.59,66807.0,-1.7628645175462716,2663.8599999999997,2580.837
2416,2014-10-08,TCS,2738.0,2739.95,2649.25,2683.2,2731.35,981221,2630253885.9,2680.59,66807.0,-1.7628645175462716,2665.885,2582.778
2417,2014-10-09,TCS,2708.0,2723.3,2686.5,2706.05,2683.2,842588,2280292569.1,2706.3,38100.0,0.8515951103160542,2669.625,2584.995
2418,2014-10-10,TCS,2706.0,2727.45,2668.5,2678.5,2706.05,1172181,3158600895.7,2694.64,57838.0,-1.018089096653801,2673.5425,2586.45
2419,2014-10-13,TCS,2680.0,2724.8,2670.0,2716.55,2678.5,1104766,2992219608.3,2708.46,63544.0,1.420571215232413,2679.4525000000003,2588.995
2420,2014-10-14,TCS,2730.0,2735.7,2678.8,2699.2,2716.55,1184703,3196116356.8,2697.82,75961.0,-0.6386777346266538,2684.0325,2591.078
2421,2014-10-16,TCS,2730.0,2758.6,2664.25,2678.1,2699.2,1924007,5226717844.8,2716.58,103718.0,-0.7817131001778271,2690.0225,2593.0389999999998
2422,2014-10-17,TCS,2475.0,2511.35,2430.0,2441.15,2678.1,4946406,12218158512.65,2470.11,234927.0,-8.847690526866055,2684.5375,2591.534
2423,2014-10-20,TCS,2490.0,2493.6,2417.95,2423.3,2441.15,1699621,4149023854.95,2441.15,92248.0,-0.7312127480900358,2676.1425,2589.479
2424,2014-10-21,TCS,2425.85,2443.75,2415.0,2433.4,2423.3,975366,2368995534.5,2428.83,53575.0,0.4167870259563367,2665.6975,2587.673
2425,2014-10-22,TCS,2485.0,2489.0,2445.1,2451.85,2433.4,1033832,2538585460.75,2455.51,79723.0,0.7581984055231288,2652.58,2586.577
2426,2014-10-23,TCS,2465.0,2468.0,2455.0,2465.35,2451.85,156299,385056691.25,2463.59,8946.0,0.5506046454717867,2639.7575,2586.488
2427,2014-10-27,TCS,2519.0,2519.7,2444.95,2457.15,2465.35,1398604,3450727074.6,2467.27,65973.0,-0.3326099742430007,2628.205,2586.0570000000002
2428,2014-10-28,TCS,2484.9,2484.9,2453.45,2478.6,2457.15,1144979,2830184378.6,2471.82,71704.0,0.8729625785971479,2619.9849999999997,2586.261
2429,2014-10-29,TCS,2475.0,2514.0,2473.0,2506.05,2478.6,1212508,3023807654.5,2493.85,62974.0,1.1074800290486675,2609.8575,2586.9469999999997
2430,2014-10-30,TCS,2521.8,2574.9,2509.0,2558.2,2506.05,2055646,5242629684.25,2550.36,96060.0,2.080964066957947,2603.5675,2588.11
2431,2014-10-31,TCS,2561.0,2620.0,2561.0,2607.85,2558.2,1585035,4110193131.2,2593.12,76177.0,1.940817762489254,2595.5625,2590.272
2432,2014-11-03,TCS,2649.0,2649.0,2580.5,2590.35,2607.85,1270816,3309658062.8,2604.36,89320.0,-0.6710508656556168,2588.25,2592.3269999999998
2433,2014-11-05,TCS,2638.0,2638.0,2590.0,2599.5,2590.35,1155321,3004948031.5,2600.96,96379.0,0.3532341189414593,2579.4449999999997,2595.547
2434,2014-11-07,TCS,2604.8,2615.7,2557.0,2572.85,2599.5,1063370,2738767873.5,2575.55,61131.0,-1.0251971532987147,2571.52,2598.28
2435,2014-11-10,TCS,2575.1,2582.0,2551.0,2569.65,2572.85,770982,1975965166.15,2562.92,101497.0,-0.12437569232562405,2565.8425,2601.024
2436,2014-11-11,TCS,2578.0,2594.0,2555.4,2580.7,2569.65,624970,1610177813.05,2576.41,48869.0,0.4300196524818448,2560.7174999999997,2603.3540000000003
2437,2014-11-12,TCS,2580.0,2611.0,2575.0,2591.75,2580.7,660291,1716065747.95,2598.95,55902.0,0.4281784012089814,2555.0025,2604.748
2438,2014-11-13,TCS,2595.0,2604.9,2565.15,2588.45,2591.75,822770,2127631392.25,2585.94,48660.0,-0.12732709559178862,2550.5,2605.841
2439,2014-11-14,TCS,2585.2,2611.15,2575.0,2606.45,2588.45,728587,1889643562.3,2593.57,61264.0,0.6953968591241864,2544.995,2606.971
2440,2014-11-17,TCS,2595.1,2625.0,2592.25,2618.3,2606.45,785276,2049285459.4,2609.64,40229.0,0.4546413704464066,2540.95,2608.89
2387,2014-11-17,TCS,2595.1,2625.0,2592.25,2618.3,2606.45,785276,2049285459.4,2609.64,40229.0,0.4546413704464066,2537.96,2610.5130000000004
2388,2014-11-18,TCS,2620.0,2626.65,2579.75,2585.85,2618.3,733513,1905657136.75,2597.99,88497.0,-1.2393537791697007,2545.195,2611.4719999999998
2389,2014-11-19,TCS,2598.0,2598.0,2557.45,2573.75,2585.85,932873,2398305824.7,2570.88,79245.0,-0.46793124117794577,2552.7174999999997,2610.819
2390,2014-11-20,TCS,2588.0,2610.25,2560.55,2605.45,2573.75,897693,2324523396.3,2589.44,49550.0,1.2316658572122319,2561.3199999999997,2611.2329999999997
2391,2014-11-21,TCS,2608.0,2640.0,2586.65,2622.15,2605.45,1000797,2616711671.25,2614.63,79151.0,0.6409641328753295,2569.835,2611.7039999999997
2392,2014-11-24,TCS,2622.0,2665.0,2622.0,2657.7,2622.15,971383,2570442964.85,2646.17,74150.0,1.3557576797665933,2579.4525000000003,2612.004
2393,2014-11-25,TCS,2660.0,2679.4,2616.0,2636.0,2657.7,1185842,3128481896.25,2638.19,108334.0,-0.8164954660044332,2588.395,2612.099
2394,2014-11-26,TCS,2630.05,2656.35,2615.0,2627.3,2636.0,792400,2083865198.15,2629.81,64737.0,-0.33004552352047867,2595.83,2612.6420000000003
2395,2014-11-27,TCS,2627.3,2668.0,2625.3,2653.3,2627.3,866209,2288571907.1,2642.06,49902.0,0.9896091044037605,2603.1925,2613.741
2396,2014-11-28,TCS,2658.35,2691.9,2635.35,2643.0,2653.3,994884,2639698856.55,2653.27,48620.0,-0.3881958316059315,2607.4325,2614.449
2397,2014-12-01,TCS,2650.5,2700.0,2645.25,2692.95,2643.0,948177,2545619657.8,2684.75,50222.0,1.8898978433598117,2611.6875,2617.1420000000003
2398,2014-12-02,TCS,2693.0,2710.95,2649.35,2657.3,2692.95,718286,1926496920.35,2682.07,27819.0,-1.323827029837154,2615.035,2619.271
2399,2014-12-03,TCS,2671.9,2673.4,2618.5,2635.35,2657.3,1547335,4077728600.75,2635.32,60721.0,-0.8260264177925063,2616.8275,2620.154
2400,2014-12-04,TCS,2664.0,2667.0,2629.9,2637.95,2635.35,642654,1698779851.8,2643.38,47929.0,0.09865862219439199,2620.0824999999995,2620.067
2401,2014-12-05,TCS,2640.9,2649.8,2572.15,2578.95,2637.95,1179838,3055331983.55,2589.62,76304.0,-2.2365852271650337,2620.5475,2617.362
2402,2014-12-08,TCS,2595.0,2595.0,2501.65,2512.8,2578.95,1616287,4076299040.2,2522.01,83979.0,-2.564997382655718,2617.1524999999997,2613.182
2403,2014-12-09,TCS,2516.0,2559.0,2509.1,2514.85,2512.8,1243970,3150789700.2,2532.85,109440.0,0.08158229863099836,2613.3075,2609.715
2404,2014-12-10,TCS,2515.0,2531.9,2496.2,2507.9,2514.85,1043985,2622959839.65,2512.45,100215.0,-0.276358430920326,2609.2799999999997,2607.013
2405,2014-12-11,TCS,2500.6,2522.9,2487.0,2492.15,2507.9,969411,2429018330.0,2505.66,49348.0,-0.6280154711112883,2603.5649999999996,2602.6839999999997
2406,2014-12-12,TCS,2500.0,2520.0,2422.65,2450.7,2492.15,1190393,2927564128.65,2459.33,83243.0,-1.6632225187087564,2595.1850000000004,2598.018
2407,2014-12-15,TCS,2384.9,2385.0,2352.25,2358.65,2450.7,1743894,4134147758.45,2370.64,103344.0,-3.756069694373025,2582.2025,2589.832
2408,2014-12-16,TCS,2350.0,2459.25,2345.0,2443.05,2358.65,1669570,4051731094.4,2426.81,134989.0,3.5783181056960585,2575.0625,2583.9610000000002
2409,2014-12-17,TCS,2453.4,2470.0,2405.25,2444.1,2443.05,1143538,2796418557.5,2445.41,70509.0,0.0429790630564142,2568.58,2577.331
2410,2014-12-18,TCS,2455.1,2468.5,2434.8,2460.7,2444.1,740722,1817416898.5,2453.57,45590.0,0.6791866126590528,2561.3425,2571.9179999999997
2411,2014-12-19,TCS,2471.3,2523.75,2468.0,2510.55,2460.7,951565,2382141486.7,2503.39,57351.0,2.02584630389728,2555.7625,2568.465
2412,2014-12-22,TCS,2526.0,2529.0,2474.4,2513.4,2510.55,821977,2051377849.95,2495.66,75446.0,0.11352094162633322,2548.5474999999997,2565.069
2413,2014-12-23,TCS,2500.0,2536.65,2494.6,2516.7,2513.4,633238,1592111161.9,2514.24,34288.0,0.13129625208879314,2542.5824999999995,2561.2819999999997
2414,2014-12-24,TCS,2515.0,2520.85,2465.65,2479.9,2516.7,1644486,4087035867.7,2485.3,49855.0,-1.4622322883140515,2535.2125,2557.31
2415,2014-12-26,TCS,2486.0,2510.0,2465.0,2505.0,2479.9,313103,779143085.6,2488.46,18772.0,1.012137586192988,2527.7974999999997,2553.0789999999997
2384,2014-12-29,TCS,2508.0,2536.95,2507.0,2522.9,2505.0,389460,982395756.3,2522.46,27095.0,0.7145708582834367,2521.7925,2549.553
2385,2014-12-30,TCS,2525.0,2542.45,2516.0,2530.05,2522.9,350671,887256474.9,2530.17,29747.0,0.28340401918427566,2513.6475,2546.592
2386,2014-12-31,TCS,2532.7,2566.4,2525.0,2558.25,2530.05,786896,2002676444.5,2545.03,38762.0,1.1146024782118857,2508.695,2548.9339999999997
2856,2015-01-01,TCS,2567.0,2567.0,2541.0,2545.55,2558.25,183415,467434456.15,2548.51,8002.0,-0.4964331085703046,2504.205,2551.379
2857,2015-01-02,TCS,2551.0,2590.95,2550.6,2579.45,2545.55,462870,1188740109.5,2568.19,27585.0,1.3317357741941676,2501.28,2554.3
2858,2015-01-05,TCS,2581.0,2599.9,2524.65,2540.25,2579.45,877121,2248885540.95,2563.94,43234.0,-1.5197038128283091,2499.3450000000003,2556.0679999999998
2859,2015-01-06,TCS,2529.1,2529.1,2440.0,2446.6,2540.25,1211892,2989615356.45,2466.9,84503.0,-3.6866450152544075,2496.0350000000003,2555.693
2860,2015-01-07,TCS,2470.0,2479.15,2407.45,2417.7,2446.6,1318166,3208362462.05,2433.96,101741.0,-1.1812310962151595,2491.1775,2554.904
2861,2015-01-08,TCS,2442.4,2449.0,2420.55,2443.8,2417.7,782704,1905739344.95,2434.81,47699.0,1.0795384042685348,2487.9725000000003,2554.208
2862,2015-01-09,TCS,2455.0,2519.9,2450.0,2512.3,2443.8,1598821,3981082206.1,2490.01,81743.0,2.8030117030853585,2488.9800000000005,2554.333
2863,2015-01-12,TCS,2517.0,2528.0,2480.25,2509.7,2512.3,798003,1993265997.0,2497.82,58810.0,-0.10349082514032415,2491.93,2553.3630000000003
2864,2015-01-13,TCS,2520.0,2530.4,2480.1,2497.9,2509.7,734216,1842440372.8,2509.4,49993.0,-0.4701757182133215,2498.8925000000004,2551.1639999999998
2865,2015-01-14,TCS,2516.0,2531.8,2500.5,2521.95,2497.9,893548,2249546195.85,2517.54,69237.0,0.9628087593578496,2502.8375,2549.7960000000003
2866,2015-01-15,TCS,2533.0,2581.75,2523.25,2539.1,2521.95,2504960,6390076185.1,2550.97,96363.0,0.6800293423739603,2507.5875,2548.588
2867,2015-01-16,TCS,2543.7,2545.0,2484.3,2532.15,2539.1,2646915,6647444421.0,2511.39,127847.0,-0.2737190343034862,2511.16,2547.774
2868,2015-01-19,TCS,2536.0,2551.0,2503.0,2511.0,2532.15,567537,1427954312.25,2516.06,38860.0,-0.8352585747289889,2511.1825,2546.601
2869,2015-01-20,TCS,2520.0,2530.0,2483.25,2500.45,2511.0,1029283,2572121220.8,2498.94,58066.0,-0.42015133412983596,2510.535,2544.9959999999996
2870,2015-01-21,TCS,2522.0,2522.0,2488.25,2513.8,2500.45,1155240,2897054575.55,2507.75,75976.0,0.5339038972985009,2510.3900000000003,2543.437
2871,2015-01-22,TCS,2516.5,2521.25,2495.5,2513.55,2513.8,1056607,2651354602.65,2509.31,74837.0,-0.009945103031267404,2512.0725,2541.939
2872,2015-01-23,TCS,2514.0,2532.05,2496.1,2503.6,2513.55,1575190,3949529682.5,2507.34,94619.0,-0.3958544687792275,2512.0025,2539.882
2873,2015-01-27,TCS,2512.35,2515.0,2489.55,2502.05,2503.6,1369368,3426510287.6,2502.26,71406.0,-0.0619108483783243,2510.96,2537.557
2874,2015-01-28,TCS,2503.0,2544.9,2502.9,2539.6,2502.05,1560990,3948240029.2,2529.32,101994.0,1.5007693691173127,2511.4375,2535.9829999999997
2875,2015-01-29,TCS,2538.0,2568.7,2512.9,2544.65,2539.6,1867196,4727519891.7,2531.88,67497.0,0.1988502126319177,2510.7574999999997,2535.159
2876,2015-01-30,TCS,2560.7,2575.0,2470.0,2482.05,2544.65,2908701,7257025448.9,2494.94,119200.0,-2.460063269997835,2507.5825,2533.325
2877,2015-02-02,TCS,2482.0,2521.45,2462.05,2514.2,2482.05,1590901,3978210627.5,2500.6,89485.0,1.2953002558368942,2504.3199999999997,2531.5
2878,2015-02-03,TCS,2511.65,2565.0,2507.1,2558.25,2514.2,1172527,2973793376.9,2536.23,75106.0,1.7520483652851877,2505.22,2530.2219999999998
2879,2015-02-04,TCS,2568.0,2571.7,2502.1,2514.3,2558.25,1122709,2832686626.95,2523.08,60615.0,-1.7179712694224496,2508.605,2527.354
2880,2015-02-05,TCS,2520.0,2591.7,2519.0,2552.4,2514.3,2265084,5794386346.15,2558.13,77935.0,1.515332299248296,2515.34,2525.6820000000002
2881,2015-02-06,TCS,2553.0,2594.8,2550.85,2575.75,2552.4,1068208,2754264728.5,2578.4,82449.0,0.9148252624980374,2521.9375,2524.651
2882,2015-02-09,TCS,2561.5,2569.1,2500.0,2512.9,2575.75,1038216,2628585064.5,2531.83,72967.0,-2.440066000194115,2521.9674999999997,2521.843
2883,2015-02-10,TCS,2510.0,2526.25,2433.0,2441.15,2512.9,1899527,4699201090.95,2473.88,114773.0,-2.8552668231923275,2518.54,2517.8059999999996
2828,2015-02-10,TCS,2510.0,2526.25,2433.0,2441.15,2512.9,1899527,4699201090.95,2473.88,114773.0,-2.8552668231923275,2515.7025,2512.77
2829,2015-02-11,TCS,2455.05,2487.25,2447.25,2459.9,2441.15,1468761,3626283022.7,2468.94,115345.0,0.7680806177416382,2512.6,2508.8219999999997
2830,2015-02-12,TCS,2479.8,2479.8,2447.0,2462.15,2459.9,1553990,3826786521.05,2462.56,113845.0,0.09146713281027684,2508.7525,2505.358
2831,2015-02-13,TCS,2470.0,2547.75,2460.25,2538.75,2462.15,2079163,5215563169.75,2508.49,132132.0,3.1111020855756113,2509.0825,2503.3740000000003
2832,2015-02-16,TCS,2560.0,2595.0,2555.0,2584.8,2538.75,1182196,3046491822.15,2576.98,82111.0,1.8138847858198006,2512.7725,2503.491
2833,2015-02-18,TCS,2585.05,2643.0,2565.25,2635.65,2584.8,1330007,3464715998.0,2605.04,70475.0,1.9672701949860687,2519.5325000000003,2505.9480000000003
2834,2015-02-19,TCS,2636.0,2687.3,2635.0,2681.05,2635.65,1309001,3482564216.15,2660.47,80730.0,1.722535237986838,2527.895,2509.272
2835,2015-02-20,TCS,2698.8,2698.8,2642.25,2675.55,2681.05,900794,2407423105.4,2672.56,43830.0,-0.20514350720799687,2535.995,2512.6250000000005
2836,2015-02-23,TCS,2671.0,2722.0,2671.0,2696.65,2675.55,807446,2181659977.3,2701.93,47641.0,0.7886228999644899,2545.6475,2516.715
2837,2015-02-24,TCS,2694.0,2730.0,2679.0,2704.75,2696.65,1099961,2980186374.15,2709.36,46480.0,0.3003726846272193,2555.7825,2521.7960000000003
2838,2015-02-25,TCS,2710.0,2722.0,2667.85,2672.2,2704.75,883997,2381629633.95,2694.16,43048.0,-1.2034383954154795,2562.4125,2528.067
2839,2015-02-26,TCS,2679.0,2692.75,2625.35,2656.45,2672.2,995997,2644680139.0,2655.31,56829.0,-0.589401990868947,2568.0025,2532.335
2840,2015-02-27,TCS,2659.45,2675.75,2616.3,2662.35,2656.45,1438688,3809421137.3,2647.84,74413.0,0.2221009241657133,2577.0175,2536.7
2841,2015-02-28,TCS,2677.0,2687.1,2643.0,2675.25,2662.35,589498,1572848976.85,2668.12,30189.0,0.48453433996281825,2585.0699999999997,2540.991
2842,2015-03-02,TCS,2679.7,2708.95,2652.55,2669.4,2675.25,1088019,2899536306.85,2664.97,64343.0,-0.21867115222876024,2590.6274999999996,2544.1679999999997
2843,2015-03-03,TCS,2682.0,2790.0,2676.15,2776.0,2669.4,1712154,4705576546.9,2748.34,74770.0,3.9934067580729717,2603.7125,2549.42
2844,2015-03-04,TCS,2788.0,2812.1,2715.65,2746.0,2776.0,1931497,5336806165.4,2763.04,71983.0,-1.080691642651297,2613.3925,2554.006
2845,2015-03-05,TCS,2750.0,2770.7,2681.05,2696.45,2746.0,1086757,2949013378.05,2713.59,45126.0,-1.8044428259286303,2619.4275000000002,2558.337
2846,2015-03-09,TCS,2640.0,2679.8,2610.0,2646.8,2696.45,1441587,3816922360.75,2647.72,64488.0,-1.8413098703851227,2626.1225,2561.173
2847,2015-03-10,TCS,2648.9,2678.25,2595.25,2642.7,2646.8,1518526,3997941404.6,2632.78,89030.0,-0.15490403506121972,2636.2,2563.5690000000004
2848,2015-03-11,TCS,2642.0,2659.95,2597.8,2606.55,2642.7,1120100,2937908675.55,2622.9,52147.0,-1.367919173572469,2644.4700000000003,2565.099
2849,2015-03-12,TCS,2623.9,2624.9,2590.1,2619.05,2606.55,913818,2382100177.6,2606.76,62767.0,0.47956110567608523,2652.4275000000002,2566.315
2850,2015-03-13,TCS,2638.0,2639.95,2575.0,2582.35,2619.05,793419,2058721256.8,2594.75,67541.0,-1.4012714533895982,2658.4375,2567.051
2851,2015-03-16,TCS,2585.2,2610.0,2552.0,2562.3,2582.35,778148,2007532252.95,2579.88,44209.0,-0.7764245745154502,2659.6150000000002,2566.708
2852,2015-03-17,TCS,2582.5,2606.7,2557.75,2583.7,2562.3,633659,1636526939.25,2582.66,56639.0,0.8351871365569853,2659.56,2567.577
2853,2015-03-18,TCS,2590.95,2599.45,2551.7,2559.35,2583.7,627585,1607785038.9,2561.86,38991.0,-0.9424468785075631,2655.745,2569.832
2854,2015-03-19,TCS,2576.0,2605.85,2568.1,2596.25,2559.35,1224482,3179303472.45,2596.45,71701.0,1.4417723250043992,2651.505,2573.403
2855,2015-03-20,TCS,2596.0,2618.0,2578.85,2610.95,2596.25,981954,2561422702.35,2608.5,74415.0,0.5662012518054818,2648.275,2576.7459999999996
2802,2015-03-23,TCS,2616.0,2631.0,2606.0,2617.15,2610.95,783304,2049695322.0,2616.73,59518.0,0.23746146038799185,2644.3,2578.8430000000003
2803,2015-03-24,TCS,2630.0,2637.0,2582.1,2591.3,2617.15,1197439,3134409333.1,2617.59,58016.0,-0.9877156448808784,2638.6275,2580.475
2804,2015-03-25,TCS,2591.4,2614.0,2545.2,2573.75,2591.3,1112429,2864826904.4,2575.29,75792.0,-0.6772662370238945,2633.705,2581.992
2805,2015-03-26,TCS,2553.3,2586.7,2501.0,2513.1,2573.75,1545821,3919665456.65,2535.65,82115.0,-2.3564837299660066,2626.5375,2581.815
2806,2015-03-27,TCS,2531.0,2571.9,2504.1,2514.8,2513.1,1375888,3490257167.9,2536.73,76990.0,0.06764553738411813,2619.1600000000003,2581.3289999999997
2807,2015-03-30,TCS,2525.0,2569.9,2520.0,2564.15,2514.8,669503,1704674647.9,2546.18,64141.0,1.962382694448859,2613.6050000000005,2581.969
2808,2015-03-31,TCS,2569.45,2569.45,2521.0,2553.95,2564.15,1213514,3092215331.6,2548.15,88908.0,-0.3977926408361552,2607.8325,2582.828
2809,2015-04-01,TCS,2558.0,2563.6,2522.25,2542.65,2553.95,1037879,2634981317.45,2538.81,54078.0,-0.44245188825152126,2596.165,2583.672
2810,2015-04-06,TCS,2558.0,2562.9,2500.1,2547.3,2542.65,784271,1985404796.8,2531.53,45408.0,0.18288006607280163,2586.2300000000005,2584.342
2811,2015-04-07,TCS,2562.45,2599.0,2544.0,2585.0,2547.3,943461,2426111369.05,2571.5,77106.0,1.4799984297098816,2580.6575,2585.771
2812,2015-04-08,TCS,2594.0,2656.5,2590.85,2641.4,2585.0,826067,2174208279.4,2632.0,61358.0,2.1818181818181857,2580.3875,2588.527
2813,2015-04-09,TCS,2659.0,2687.45,2635.15,2664.55,2641.4,1272225,3382017714.75,2658.35,62583.0,0.8764291663511808,2581.48,2591.777
2814,2015-04-10,TCS,2648.5,2670.8,2628.0,2653.75,2664.55,907772,2404135142.8,2648.39,63471.0,-0.4053217241185259,2583.84,2594.06
2815,2015-04-13,TCS,2664.0,2665.0,2628.0,2655.5,2653.75,654321,1734011442.1,2650.09,54293.0,0.06594441827602449,2585.6625,2596.277
2816,2015-04-15,TCS,2654.7,2713.9,2609.4,2627.75,2655.5,1456967,3855513024.7,2646.26,74856.0,-1.0450009414422896,2587.9325,2599.1910000000003
2817,2015-04-16,TCS,2626.95,2627.0,2571.35,2582.8,2627.75,1608785,4166416079.2,2589.79,71768.0,-1.7105889068594737,2588.9575,2600.563
2818,2015-04-17,TCS,2557.1,2560.0,2470.0,2474.85,2582.8,4834371,12064349822.95,2495.54,167402.0,-4.179572556914986,2583.5150000000003,2598.8950000000004
2819,2015-04-20,TCS,2480.05,2483.9,2424.85,2428.8,2474.85,1445361,3525902673.95,2439.46,84591.0,-1.860718831444319,2576.9875,2597.185
2820,2015-04-21,TCS,2428.8,2452.0,2401.0,2427.05,2428.8,1273016,3094465305.15,2430.81,83843.0,-0.07205204216073781,2568.5275,2594.678
2821,2015-04-22,TCS,2431.5,2473.0,2407.55,2445.1,2427.05,2093406,5083342117.0,2428.26,101821.0,0.7437012010465266,2560.2349999999997,2592.065
2822,2015-04-23,TCS,2472.0,2479.8,2431.7,2457.25,2445.1,2171495,5343637553.6,2460.81,80541.0,0.4969121917304033,2552.2400000000002,2590.952
2823,2015-04-24,TCS,2455.3,2514.0,2447.55,2493.05,2457.25,1812579,4510146387.85,2488.25,130453.0,1.456913215993496,2547.3275000000003,2591.9900000000002
2824,2015-04-27,TCS,2499.5,2520.0,2486.0,2500.2,2493.05,1366526,3418280027.9,2501.44,81966.0,0.28679729648421154,2543.65,2593.1710000000003
2825,2015-04-28,TCS,2510.0,2510.0,2455.1,2495.0,2500.2,1544149,3825105916.3,2477.16,128979.0,-0.20798336133108627,2542.745,2593.873
2826,2015-04-29,TCS,2484.0,2495.0,2451.05,2487.3,2495.0,1009810,2496559484.65,2472.31,100184.0,-0.3086172344689306,2541.37,2594.376
2827,2015-04-30,TCS,2480.0,2490.0,2427.1,2463.7,2487.3,1869027,4599778448.7,2461.06,101021.0,-0.9488200056286079,2536.3475,2592.875
2775,2015-05-04,TCS,2491.0,2504.8,2457.2,2481.55,2463.7,945315,2340736972.15,2476.14,83359.0,0.7245200308479265,2532.7275,2590.8100000000004
2776,2015-05-05,TCS,2501.0,2536.45,2500.0,2517.85,2481.55,1627535,4099661485.45,2518.94,69702.0,1.4627954302754216,2531.4875,2588.4539999999997
2777,2015-05-06,TCS,2515.0,2515.0,2455.8,2463.05,2517.85,1697203,4189477161.7,2468.46,97392.0,-2.176460075064032,2527.275,2584.094
2778,2015-05-07,TCS,2464.9,2553.75,2453.7,2545.25,2463.05,1602514,4042557510.35,2522.63,63417.0,3.337325673453637,2525.2875,2581.488
2779,2015-05-08,TCS,2560.0,2588.0,2516.3,2527.25,2545.25,1501832,3832785394.5,2552.07,53709.0,-0.7071996856890286,2519.5800000000004,2578.1
2780,2015-05-11,TCS,2535.0,2563.05,2525.0,2556.0,2527.25,1286541,3280765489.15,2550.07,73023.0,1.1376001582748045,2514.1525,2575.125
2781,2015-05-12,TCS,2560.0,2565.0,2513.0,2522.9,2556.0,1233693,3114957842.5,2524.91,71964.0,-1.294992175273862,2507.6099999999997,2572.139
2782,2015-05-14,TCS,2520.0,2520.0,2485.0,2499.25,2515.4,654525,1633096280.8,2495.09,40174.0,-0.6420450027828613,2499.7974999999997,2568.995
2783,2015-05-15,TCS,2515.0,2532.4,2501.0,2511.15,2499.25,730727,1835713056.6,2512.17,32934.0,0.4761428428528595,2493.9674999999997,2565.971
2784,2015-05-18,TCS,2514.1,2525.25,2497.1,2520.4,2511.15,2253876,5646890602.55,2505.41,50845.0,0.36835712721263164,2490.8475,2562.874
2785,2015-05-19,TCS,2519.4,2530.0,2496.75,2512.7,2520.4,978861,2458873706.45,2511.97,37527.0,-0.30550706237106307,2492.74,2559.74
2786,2015-05-20,TCS,2520.0,2569.9,2516.9,2557.05,2512.7,948907,2419790057.75,2550.08,41995.0,1.7650336291638622,2499.1525,2555.361
2787,2015-05-21,TCS,2557.0,2580.0,2548.15,2555.5,2557.05,789789,2026463607.9,2565.83,40459.0,-0.06061672630571095,2505.575,2551.551
2788,2015-05-22,TCS,2550.0,2628.75,2539.25,2617.9,2555.5,1345816,3491905915.45,2594.64,52428.0,2.4417922128741965,2514.215,2549.9800000000005
2789,2015-05-25,TCS,2620.0,2636.9,2585.7,2601.0,2617.9,491489,1280833581.8,2606.03,30375.0,-0.6455555979983991,2521.4025,2549.0640000000003
2790,2015-05-26,TCS,2605.0,2623.25,2588.9,2608.85,2601.0,980870,2560241038.1,2610.17,34315.0,0.3018069973087239,2527.1925,2548.3869999999997
2791,2015-05-27,TCS,2608.0,2633.15,2592.0,2615.25,2608.85,810345,2119662471.05,2615.75,50501.0,0.2453188186365675,2532.945,2548.561
2792,2015-05-28,TCS,2603.9,2623.0,2582.25,2609.5,2615.25,1381804,3601809691.7,2606.6,52267.0,-0.21986425771914733,2538.67,2548.37
2793,2015-05-29,TCS,2617.0,2648.6,2597.25,2610.3,2609.5,2211766,5782695514.75,2614.52,83932.0,0.030657214025682385,2544.82,2548.929
2794,2015-06-01,TCS,2609.45,2647.1,2608.35,2617.75,2610.3,441132,1156839898.0,2622.43,35794.0,0.28540780753169437,2552.5225,2550.038
2795,2015-06-02,TCS,2616.0,2630.0,2590.5,2599.9,2617.75,1967910,5127471871.1,2605.54,54815.0,-0.6818832967242826,2558.44,2550.3619999999996
2796,2015-06-03,TCS,2604.0,2625.6,2590.5,2610.9,2599.9,902342,2356551996.6,2611.6,41440.0,0.4230931958921497,2563.0924999999997,2551.393
2797,2015-06-04,TCS,2617.1,2622.8,2588.5,2605.65,2610.9,2065734,5384974459.95,2606.81,44653.0,-0.20108008732620933,2570.2225,2551.581
2798,2015-06-05,TCS,2592.0,2609.0,2570.0,2575.85,2605.65,1154267,2982066457.6,2583.52,52168.0,-1.1436685663845942,2571.7524999999996,2550.8790000000004
2799,2015-06-08,TCS,2590.0,2590.0,2561.65,2577.45,2575.85,785160,2022788959.2,2576.28,62168.0,0.062115418211460646,2574.2625,2550.085
2800,2015-06-09,TCS,2585.0,2590.0,2551.0,2561.65,2577.45,1289457,3319735632.7,2574.52,63744.0,-0.6130089817455131,2574.5449999999996,2549.4919999999997
2801,2015-06-10,TCS,2566.0,2610.0,2563.8,2600.75,2561.65,1381675,3573803308.3,2586.57,42817.0,1.5263599633048974,2578.4375,2550.0319999999997
2746,2015-06-10,TCS,2566.0,2610.0,2563.8,2600.75,2561.65,1381675,3573803308.3,2586.57,42817.0,1.5263599633048974,2583.5125,2551.785
2747,2015-06-11,TCS,2605.5,2613.0,2556.75,2571.3,2600.75,923668,2387698129.7,2585.02,37803.0,-1.1323656637508341,2586.52,2552.915
2748,2015-06-12,TCS,2571.9,2588.95,2476.8,2505.8,2571.3,1285728,3248652193.85,2526.7,80056.0,-2.547349589701707,2585.79,2551.748
2749,2015-06-15,TCS,2505.3,2520.45,2481.0,2504.8,2505.8,1262588,3160335340.25,2503.06,57691.0,-0.039907414797669405,2585.395,2550.765
2750,2015-06-16,TCS,2500.0,2519.3,2494.45,2512.0,2504.8,633698,1591026187.1,2510.7,41162.0,0.28744809964866724,2583.1425,2550.152
2751,2015-06-17,TCS,2521.0,2529.15,2501.8,2513.8,2512.0,987860,2485504053.1,2516.05,88734.0,0.07165605095542125,2581.0575,2549.482
2752,2015-06-18,TCS,2515.0,2546.3,2508.0,2530.05,2513.8,1082523,2742123536.1,2533.09,83019.0,0.6464316970323812,2576.665,2548.383
2753,2015-06-19,TCS,2535.0,2555.0,2527.1,2549.55,2530.05,999805,2546296337.65,2546.79,50051.0,0.7707357562103515,2574.0924999999997,2546.5460000000003
2754,2015-06-22,TCS,2547.0,2600.0,2547.0,2591.5,2549.55,551001,1425494777.35,2587.1,43692.0,1.6453884018748335,2573.225,2545.085
2755,2015-06-23,TCS,2600.0,2608.0,2567.2,2574.6,2591.5,449159,1159740003.65,2582.03,30619.0,-0.6521319699016049,2571.1925,2543.502
2756,2015-06-24,TCS,2580.0,2587.9,2558.85,2570.3,2574.6,585123,1505651661.5,2573.22,39464.0,-0.16701623553172248,2569.2325,2541.7980000000002
2757,2015-06-25,TCS,2562.0,2573.0,2544.15,2550.0,2570.3,965496,2465682192.55,2553.8,36543.0,-0.7897910749718002,2566.2174999999997,2540.2430000000004
2758,2015-06-26,TCS,2550.2,2596.35,2550.2,2592.8,2550.0,645051,1664112381.55,2579.82,34240.0,1.6784313725490267,2564.9700000000003,2540.443
2759,2015-06-29,TCS,2572.0,2604.0,2543.4,2592.9,2592.8,686378,1763768234.7,2569.67,35008.0,0.0038568343103945173,2564.62,2542.804
2760,2015-06-30,TCS,2585.0,2588.75,2540.0,2550.95,2592.9,774976,1981634326.05,2557.03,34960.0,-1.6178795942766893,2561.6225000000004,2545.2470000000003
2761,2015-07-01,TCS,2563.9,2608.0,2556.75,2593.1,2550.95,639854,1653643739.5,2584.41,50229.0,1.6523256041866792,2560.995,2548.568
2762,2015-07-02,TCS,2600.0,2602.95,2571.05,2577.75,2593.1,722940,1867939583.95,2583.81,63066.0,-0.591955574409005,2561.09,2551.221
2763,2015-07-03,TCS,2573.05,2610.0,2570.0,2603.9,2577.75,481735,1250190067.6,2595.18,34612.0,1.014450586752016,2562.4125,2554.154
2764,2015-07-06,TCS,2580.3,2645.0,2580.3,2633.3,2603.9,591169,1544998843.4,2613.46,31304.0,1.1290756173432195,2565.9950000000003,2556.959
2765,2015-07-07,TCS,2632.75,2646.9,2603.0,2616.25,2633.3,821418,2158510413.05,2627.79,51719.0,-0.6474765503360871,2566.7700000000004,2559.28
2766,2015-07-08,TCS,2597.95,2621.7,2580.5,2595.1,2616.25,1333925,3463745328.6,2596.66,85552.0,-0.8084089823220293,2566.4875,2561.282
2767,2015-07-09,TCS,2595.0,2598.25,2506.65,2522.5,2595.1,1967061,4997069436.9,2540.37,142048.0,-2.797580054718505,2564.0475,2561.986
2768,2015-07-10,TCS,2559.0,2559.0,2455.0,2474.35,2522.5,4131827,10285990404.9,2489.45,211247.0,-1.9088206144697757,2562.475,2562.199
2769,2015-07-13,TCS,2475.4,2518.6,2475.4,2509.55,2474.35,1140154,2852946095.45,2502.25,53024.0,1.4225958332491473,2562.7125,2562.759
2770,2015-07-14,TCS,2511.0,2515.0,2490.0,2499.5,2509.55,851637,2128767355.85,2499.62,49611.0,-0.40047020382140947,2562.0875,2562.3920000000003
2771,2015-07-15,TCS,2501.0,2549.95,2500.0,2545.75,2499.5,1001830,2539169259.65,2534.53,76369.0,1.850370074014803,2563.685,2564.0460000000003
2772,2015-07-16,TCS,2543.7,2558.85,2526.6,2540.2,2545.75,728304,1852469301.05,2543.54,58974.0,-0.21801040950604664,2564.1925,2563.945
2773,2015-07-17,TCS,2546.8,2570.1,2543.3,2564.4,2540.2,535263,1369212462.55,2558.02,39534.0,0.9526808912684148,2564.9350000000004,2564.688
2717,2015-07-20,TCS,2564.0,2583.9,2551.9,2579.15,2564.4,426893,1097773967.55,2571.54,38037.0,0.5751832787396662,2564.3175,2565.151
2774,2015-07-20,TCS,2564.0,2583.9,2551.9,2579.15,2564.4,426893,1097773967.55,2571.54,38037.0,0.5751832787396662,2564.545,2566.276
2718,2015-07-21,TCS,2576.0,2600.35,2555.1,2561.4,2579.15,637250,1640874811.8,2574.93,52304.0,-0.6882112323827617,2564.1,2567.5190000000002
2719,2015-07-22,TCS,2561.0,2569.0,2521.05,2528.05,2561.4,660314,1672180248.4,2532.4,44395.0,-1.3020223315374369,2563.0025,2567.857
2720,2015-07-23,TCS,2517.5,2537.85,2483.0,2488.6,2528.05,748390,1874916485.4,2505.27,34659.0,-1.5604912877514396,2557.7925,2567.221
2721,2015-07-24,TCS,2497.5,2516.5,2492.1,2505.15,2488.6,787486,1973508444.6,2506.09,38528.0,0.6650325484208062,2553.4049999999997,2567.07
2722,2015-07-27,TCS,2488.0,2505.0,2481.15,2497.05,2505.15,1001869,2501578423.65,2496.91,65507.0,-0.32333393209987066,2550.71,2565.87
2723,2015-07-28,TCS,2499.5,2519.0,2492.15,2502.05,2497.05,945594,2372947975.75,2509.48,48484.0,0.20023627880899458,2546.1575000000003,2564.801
2724,2015-07-29,TCS,2511.0,2515.05,2483.5,2506.75,2502.05,1206659,3018671545.3,2501.68,85826.0,0.18784596630762046,2542.6075,2562.578
2725,2015-07-30,TCS,2516.05,2516.8,2472.8,2480.65,2506.75,1385287,3449782850.45,2490.3,77684.0,-1.0411887902662775,2536.445,2560.1710000000003
2726,2015-07-31,TCS,2489.9,2519.0,2487.0,2510.75,2480.65,981888,2456907019.8,2502.23,67496.0,1.2133916513816905,2530.3175,2558.2090000000003
2727,2015-08-03,TCS,2503.4,2525.0,2500.9,2509.6,2510.75,589662,1482492014.75,2514.14,50976.0,-0.04580304689834077,2524.985,2556.096
2728,2015-08-04,TCS,2510.4,2523.0,2486.0,2508.9,2509.6,1171346,2928737113.8,2500.32,82052.0,-0.02789289129741067,2520.675,2554.0840000000003
2729,2015-08-06,TCS,2565.0,2583.0,2550.1,2573.3,2547.15,1105683,2837460973.7,2566.25,67097.0,1.0266376145888578,2523.2149999999997,2553.344
2730,2015-08-07,TCS,2573.0,2573.0,2547.0,2552.05,2573.3,594253,1520457968.1,2558.6,51065.0,-0.8257878988069792,2527.1,2552.03
2731,2015-08-10,TCS,2572.0,2589.0,2556.6,2572.1,2552.05,715591,1843701542.65,2576.47,45499.0,0.785642914519689,2530.2275,2551.474
2732,2015-08-11,TCS,2578.0,2610.0,2542.1,2604.2,2572.1,1100153,2855526876.9,2595.57,60746.0,1.2480074647175425,2535.4625000000005,2551.34
2733,2015-08-12,TCS,2603.1,2691.4,2602.0,2671.7,2604.2,1739892,4625460143.15,2658.48,116770.0,2.591966822824668,2541.7599999999998,2552.661
2734,2015-08-13,TCS,2670.0,2684.0,2556.0,2635.6,2671.7,703213,1865057138.1,2652.19,47820.0,-1.3511996107347348,2546.5299999999997,2553.856
2735,2015-08-14,TCS,2638.0,2719.35,2637.1,2703.2,2635.6,1146982,3084016067.4,2688.81,82195.0,2.564880862042795,2553.4700000000003,2556.371
2736,2015-08-17,TCS,2690.1,2696.8,2655.0,2684.75,2703.2,386822,1034207797.2,2673.6,30502.0,-0.68252441550754,2558.75,2558.833
2737,2015-08-18,TCS,2706.9,2749.9,2690.0,2740.9,2684.75,958463,2622984632.55,2736.66,100314.0,2.091442406183074,2566.8375,2561.636
2738,2015-08-19,TCS,2750.0,2752.85,2721.9,2733.6,2740.9,845035,2314600373.5,2739.06,90389.0,-0.2663358750775359,2575.4475,2564.293
2739,2015-08-20,TCS,2745.0,2745.0,2672.0,2686.85,2733.6,1174649,3174771771.2,2702.74,105196.0,-1.7101990049751246,2583.3875,2566.6040000000003
2740,2015-08-21,TCS,2712.0,2729.9,2655.1,2676.15,2686.85,1768040,4745943361.3,2684.3,113746.0,-0.3982358523921997,2592.7650000000003,2570.011
2741,2015-08-24,TCS,2639.0,2645.0,2569.1,2578.65,2676.15,2346172,6099928317.6,2599.95,98288.0,-3.643293537357771,2596.4399999999996,2571.488
2742,2015-08-25,TCS,2587.9,2622.0,2535.5,2567.15,2578.65,1962900,5053751284.75,2574.64,90437.0,-0.4459697903941985,2599.945,2572.591
2743,2015-08-26,TCS,2558.05,2639.0,2511.95,2576.75,2567.15,1608079,4168033295.3,2591.93,92978.0,0.37395555382427625,2603.68,2573.85
2744,2015-08-27,TCS,2614.9,2614.9,2545.8,2574.65,2576.75,2632399,6772916405.9,2572.91,126702.0,-0.08149801106044083,2607.075,2574.742
2745,2015-08-28,TCS,2609.0,2609.0,2557.7,2570.85,2574.65,1372076,3542585118.95,2581.92,102566.0,-0.1475928767016947,2611.585,2575.168
2691,2015-08-31,TCS,2590.0,2590.0,2531.05,2564.05,2570.85,1846022,4736944518.7,2566.03,109961.0,-0.2645039578349467,2614.25,2574.619
2692,2015-09-01,TCS,2556.0,2611.2,2530.0,2537.4,2564.05,1493801,3845789530.5,2574.5,96695.0,-1.0393713071117991,2615.6400000000003,2573.875
2693,2015-09-02,TCS,2559.7,2620.45,2548.0,2591.8,2537.4,1882975,4886522945.45,2595.11,114103.0,2.14392685426027,2619.785,2574.305
2694,2015-09-03,TCS,2596.1,2615.0,2576.25,2605.6,2591.8,1132537,2938659690.2,2594.76,91703.0,0.5324484913959305,2621.4,2575.417
2695,2015-09-04,TCS,2611.4,2614.9,2539.15,2547.45,2605.6,1213198,3116651985.35,2568.96,124154.0,-2.2317316548971484,2621.17,2574.51
2696,2015-09-07,TCS,2553.0,2559.95,2532.7,2539.75,2547.45,879592,2239883159.8,2546.5,73248.0,-0.30226304736107945,2619.5525000000002,2573.447
2697,2015-09-08,TCS,2545.0,2564.1,2523.5,2540.3,2539.75,893873,2270899930.95,2540.52,64944.0,0.021655674771146053,2616.3574999999996,2573.234
2698,2015-09-09,TCS,2562.95,2574.0,2544.0,2549.75,2540.3,1022538,2615692014.25,2558.04,62654.0,0.3720033066960523,2610.2599999999998,2572.3669999999997
2699,2015-09-10,TCS,2542.0,2578.5,2527.0,2545.4,2549.75,1332909,3404019638.1,2553.83,96715.0,-0.17060496127070923,2605.75,2571.72
2700,2015-09-11,TCS,2546.5,2568.4,2540.6,2552.0,2545.4,796336,2033516637.85,2553.59,60997.0,0.259291270527222,2598.1899999999996,2570.6820000000002
2701,2015-09-14,TCS,2565.0,2565.0,2543.0,2551.65,2552.0,794659,2028750151.55,2552.98,57713.0,-0.013714733542316185,2591.535,2569.049
2702,2015-09-15,TCS,2551.65,2558.9,2536.0,2547.6,2551.65,689950,1758583961.95,2548.86,64604.0,-0.1587208276997308,2581.87,2567.676
2703,2015-09-16,TCS,2555.0,2565.0,2541.05,2550.35,2547.6,878408,2243276051.65,2553.8,69451.0,0.1079447322970639,2572.7074999999995,2566.781
2704,2015-09-18,TCS,2565.0,2586.0,2539.0,2551.25,2550.35,1227647,3149141305.85,2565.18,70579.0,0.035289274021216344,2565.9275,2567.3559999999998
2705,2015-09-21,TCS,2550.0,2557.1,2533.2,2551.05,2551.25,554420,1411429757.4,2545.78,59635.0,-0.007839294463491155,2559.6724999999997,2568.89
2706,2015-09-22,TCS,2557.5,2572.4,2490.0,2526.8,2551.05,1040623,2648536284.15,2545.14,72612.0,-0.9505889731679111,2557.0800000000004,2569.235
2707,2015-09-23,TCS,2534.3,2557.75,2512.6,2532.65,2526.8,614176,1555931596.75,2533.36,37626.0,0.23151812569257196,2555.3550000000005,2569.8979999999997
2708,2015-09-24,TCS,2535.5,2590.0,2529.9,2580.4,2532.65,1177127,3015562644.85,2561.8,71506.0,1.8853769766845003,2555.5375,2570.591
2709,2015-09-28,TCS,2594.0,2619.0,2579.5,2593.7,2580.4,1183406,3080820833.95,2603.35,77392.0,0.5154239652766907,2556.4900000000002,2571.661
2710,2015-09-29,TCS,2583.35,2634.0,2569.85,2588.25,2593.7,1662976,4329946170.65,2603.73,103754.0,-0.21012453252110186,2557.36,2572.138
2711,2015-09-30,TCS,2643.7,2643.7,2570.95,2588.05,2588.25,1684168,4355227068.05,2585.98,81073.0,-0.0077272288225564804,2558.56,2572.3160000000003
2712,2015-10-01,TCS,2599.0,2649.95,2592.2,2644.6,2588.05,1417204,3727914114.8,2630.47,94874.0,2.1850427928362945,2563.9199999999996,2573.625
2713,2015-10-05,TCS,2652.7,2770.0,2652.7,2711.65,2644.6,2403653,6517248343.2,2711.39,146358.0,2.535355063147553,2569.9125,2576.63
2714,2015-10-06,TCS,2725.0,2726.0,2684.0,2700.0,2711.65,1989795,5382189365.2,2704.9,96553.0,-0.42962771744141354,2574.6325,2580.069
2715,2015-10-07,TCS,2693.95,2717.0,2646.95,2653.95,2700.0,1032765,2765730773.4,2677.99,102318.0,-1.7055555555555622,2579.9575,2583.376
2716,2015-10-08,TCS,2670.0,2678.35,2620.0,2633.8,2653.95,1178775,3115049441.3,2642.62,102041.0,-0.7592456527063297,2584.66,2585.949
2664,2015-10-08,TCS,2670.0,2678.35,2620.0,2633.8,2653.95,1178775,3115049441.3,2642.62,102041.0,-0.7592456527063297,2589.335,2588.684
2665,2015-10-09,TCS,2650.5,2650.6,2608.0,2629.65,2633.8,1124862,2957073345.25,2628.83,68120.0,-0.15756701344065954,2593.3300000000004,2591.236
2666,2015-10-12,TCS,2655.0,2660.35,2587.0,2592.6,2629.65,1227956,3207625454.35,2612.17,84883.0,-1.4089327477040738,2595.69,2592.953
2667,2015-10-13,TCS,2602.8,2612.0,2567.6,2598.55,2592.6,3089856,8001535877.6,2589.61,129714.0,0.22949934428759827,2598.0175000000004,2595.3109999999997
2668,2015-10-14,TCS,2548.0,2548.0,2480.0,2483.7,2598.55,4168564,10432220480.3,2502.59,175646.0,-4.419772565469217,2594.62,2594.77
2669,2015-10-15,TCS,2490.0,2503.5,2465.0,2467.75,2483.7,1607855,3984511866.85,2478.15,107563.0,-0.6421870596287724,2590.6275,2593.933
2670,2015-10-16,TCS,2480.9,2492.0,2470.0,2473.75,2467.75,1166914,2891451710.1,2477.86,68190.0,0.24313646033836492,2586.7975,2593.23
2671,2015-10-19,TCS,2490.0,2494.95,2455.85,2488.75,2473.75,1565321,3872449831.1,2473.9,55224.0,0.6063668519454269,2583.6725,2591.539
2672,2015-10-20,TCS,2496.25,2530.0,2495.6,2526.75,2488.75,1347542,3397089855.45,2520.95,60572.0,1.5268709191361125,2582.4575,2591.0330000000004
2673,2015-10-21,TCS,2535.0,2542.0,2522.25,2530.0,2526.75,964844,2443449158.55,2532.48,80004.0,0.12862372613040468,2582.6175,2590.1910000000003
2674,2015-10-23,TCS,2548.0,2548.0,2527.3,2537.15,2530.0,1167699,2959713465.9,2534.65,39962.0,0.2826086956521775,2582.8424999999997,2588.85
2675,2015-10-26,TCS,2549.0,2549.0,2515.1,2536.55,2537.15,707315,1789621755.3,2530.16,58521.0,-0.023648582070429774,2580.65,2586.147
2676,2015-10-27,TCS,2530.05,2544.9,2520.35,2531.1,2536.55,765210,1937067442.75,2531.42,47064.0,-0.21485876485779,2577.52,2584.057
2677,2015-10-28,TCS,2510.05,2533.55,2510.05,2529.1,2531.1,627671,1584311787.8,2524.11,43535.0,-0.07901702816957054,2574.5625,2580.575
2678,2015-10-29,TCS,2533.55,2535.4,2490.05,2495.35,2529.1,1565158,3912986455.6,2500.06,61541.0,-1.334466806373809,2569.9275000000002,2576.7870000000003
2679,2015-10-30,TCS,2500.0,2511.9,2485.0,2495.2,2495.35,758348,1892786967.45,2495.93,41071.0,-0.006011180796284728,2562.4574999999995,2571.873
2680,2015-11-02,TCS,2500.0,2522.8,2487.55,2517.35,2495.2,659647,1654368762.9,2507.96,48056.0,0.8877043924334759,2552.7425000000003,2567.548
2681,2015-11-03,TCS,2528.0,2547.8,2518.5,2543.45,2517.35,682453,1731302984.55,2536.88,39895.0,1.0368045762408846,2544.915,2564.68
2682,2015-11-04,TCS,2545.0,2547.2,2520.0,2533.8,2543.45,495717,1255289591.1,2532.27,41282.0,-0.3794059250230843,2538.9075,2561.833
2683,2015-11-05,TCS,2530.8,2534.95,2480.0,2482.65,2533.8,798049,1992676741.45,2496.94,38722.0,-2.01870708027469,2531.35,2559.913
2684,2015-11-06,TCS,2492.0,2518.25,2483.45,2505.75,2482.65,454012,1138452606.05,2507.54,26028.0,0.9304573741767831,2524.9474999999998,2558.685
2685,2015-11-09,TCS,2495.0,2502.75,2468.6,2471.35,2505.75,1010778,2504589508.5,2477.88,42927.0,-1.3728424623366293,2517.0325,2556.5769999999998
2686,2015-11-10,TCS,2472.95,2477.0,2450.0,2458.15,2471.35,680960,1677407795.95,2463.3,53282.0,-0.5341210269690582,2510.31,2554.2470000000003
2687,2015-11-11,TCS,2475.0,2475.0,2450.0,2468.8,2458.15,67582,166754977.55,2467.45,5197.0,0.43325264935012475,2503.8224999999998,2552.206
2688,2015-11-13,TCS,2438.05,2438.05,2386.55,2397.4,2468.8,1371616,3299155303.45,2405.31,77174.0,-2.8920933246921616,2499.5075,2548.873
2689,2015-11-16,TCS,2390.0,2390.0,2356.0,2374.6,2397.4,1021764,2423237597.1,2371.62,67518.0,-0.9510302828063812,2494.85,2545.617
2690,2015-11-17,TCS,2380.5,2398.45,2375.0,2390.55,2374.6,992514,2367989027.85,2385.85,58593.0,0.6716920744546565,2490.69,2541.5919999999996
2637,2015-11-17,TCS,2380.5,2398.45,2375.0,2390.55,2374.6,992514,2367989027.85,2385.85,58593.0,0.6716920744546565,2485.7799999999997,2537.291
2638,2015-11-18,TCS,2388.9,2388.9,2346.0,2351.45,2390.55,760176,1792717016.0,2358.29,43678.0,-1.635606868712236,2477.0150000000003,2533.3709999999996
2639,2015-11-19,TCS,2365.35,2381.6,2352.0,2362.55,2351.45,933453,2208680749.55,2366.14,55764.0,0.47204916115589807,2468.6425,2529.8269999999998
2640,2015-11-20,TCS,2366.5,2423.55,2361.95,2398.35,2362.55,1006063,2417790418.4,2403.22,60130.0,1.5153118452519407,2461.7025,2526.9880000000003
2641,2015-11-23,TCS,2405.3,2413.4,2382.25,2391.05,2398.35,544041,1304405391.85,2397.62,42359.0,-0.304375925115172,2454.4275000000002,2523.8140000000003
2642,2015-11-24,TCS,2380.05,2392.45,2365.5,2367.95,2391.05,499320,1187694596.1,2378.62,35776.0,-0.9661027582024785,2446.2699999999995,2520.265
2643,2015-11-26,TCS,2377.9,2382.4,2337.85,2345.55,2367.95,1457646,3433508896.1,2355.52,77452.0,-0.945965919888496,2437.0924999999997,2516.136
2644,2015-11-27,TCS,2348.0,2359.45,2332.5,2353.35,2345.55,868603,2040086163.75,2348.7,62719.0,0.3325446057427779,2429.9925,2512.17
2645,2015-11-30,TCS,2365.0,2391.25,2350.15,2364.7,2353.35,2050024,4848744782.2,2365.21,85439.0,0.48229120190366537,2423.4675,2508.5119999999997
2646,2015-12-01,TCS,2362.9,2378.05,2357.05,2361.9,2364.7,860997,2035267110.0,2363.85,51511.0,-0.11840825474689082,2415.6949999999997,2504.7430000000004
2647,2015-12-02,TCS,2378.0,2378.1,2346.5,2365.2,2361.9,820148,1937896039.75,2362.86,38694.0,0.13971802362503608,2406.7825000000003,2501.022
2648,2015-12-03,TCS,2360.0,2373.0,2347.0,2350.75,2365.2,1141679,2690467598.75,2356.59,41715.0,-0.6109419922205234,2397.63,2497.016
2649,2015-12-04,TCS,2340.0,2347.3,2321.1,2328.4,2350.75,623046,1451747348.45,2330.08,32999.0,-0.9507603956184157,2389.9175000000005,2493.048
2650,2015-12-07,TCS,2332.2,2343.9,2315.25,2319.8,2328.4,691302,1605390412.1,2322.27,52150.0,-0.3693523449579071,2380.62,2488.791
2651,2015-12-08,TCS,2319.4,2349.0,2317.3,2329.0,2319.8,569982,1329739195.55,2332.95,47957.0,0.3965859125786627,2373.5025,2483.763
2652,2015-12-09,TCS,2337.9,2372.8,2320.0,2367.65,2329.0,2641403,6236953830.25,2361.23,59592.0,1.6595105195362856,2368.9775,2479.242
2653,2015-12-10,TCS,2369.0,2391.2,2352.0,2384.55,2367.65,861994,2047084266.5,2374.82,52429.0,0.7137879331826955,2364.7650000000003,2475.1679999999997
2654,2015-12-11,TCS,2383.0,2391.95,2363.25,2386.0,2384.55,826189,1969745818.2,2384.13,53651.0,0.060808118932285674,2364.195,2471.127
2655,2015-12-14,TCS,2335.2,2387.0,2330.6,2378.45,2386.0,1359266,3214443353.75,2364.84,58637.0,-0.31642917015926997,2364.3875,2465.804
2656,2015-12-15,TCS,2378.45,2385.0,2363.05,2375.85,2378.45,567934,1348859151.3,2375.03,52585.0,-0.10931488994933294,2363.6524999999997,2459.0879999999997
2657,2015-12-16,TCS,2384.0,2414.5,2384.0,2408.4,2375.85,717967,1724609355.8,2402.07,48074.0,1.3700359871204069,2364.545,2453.256
2658,2015-12-17,TCS,2415.0,2445.0,2393.35,2439.75,2408.4,809422,1957647078.25,2418.57,46818.0,1.301694070752363,2368.96,2448.972
2659,2015-12-18,TCS,2420.0,2434.2,2400.65,2416.8,2439.75,1512485,3654197886.25,2416.02,47644.0,-0.9406701506301801,2371.6725,2444.632
2660,2015-12-21,TCS,2419.95,2450.0,2406.85,2446.4,2416.8,805052,1954988970.35,2428.4,41004.0,1.2247600132406449,2374.075,2440.884
2661,2015-12-22,TCS,2440.0,2440.0,2400.0,2405.05,2446.4,780429,1883430362.6,2413.33,30995.0,-1.6902387181164122,2374.775,2436.3920000000003
2662,2015-12-23,TCS,2415.0,2435.0,2410.55,2425.8,2405.05,424917,1030449350.6,2425.06,31057.0,0.8627679258227479,2377.6675000000005,2433.056
2663,2015-12-24,TCS,2421.0,2438.2,2404.0,2434.25,2425.8,421580,1021924014.25,2424.03,21932.0,0.3483386923901318,2382.1025,2429.7700000000004
2633,2015-12-28,TCS,2428.0,2466.4,2420.2,2462.7,2434.25,1852099,4546895664.0,2455.0,43390.0,1.1687378042518155,2387.57,2429.35
2634,2015-12-29,TCS,2458.35,2465.3,2445.75,2455.8,2462.7,854262,2094875086.5,2452.26,26975.0,-0.28018028992567656,2392.125,2429.111
2635,2015-12-30,TCS,2453.05,2459.0,2412.3,2418.3,2455.8,802881,1960681996.9,2442.06,49464.0,-1.5269973124847298,2394.945,2428.002
2636,2015-12-31,TCS,2415.75,2448.5,2407.5,2436.85,2418.3,620159,1506302587.2,2428.9,42600.0,0.7670677748831711,2398.5275,2426.964
3110,2016-01-01,TCS,2439.0,2439.0,2412.25,2416.4,2436.85,356131,863164899.2,2423.73,15545.0,-0.8391981451463906,2401.81,2424.7569999999996
3111,2016-01-04,TCS,2410.15,2414.0,2366.05,2369.6,2416.4,935092,2227161314.65,2381.76,72341.0,-1.9367654361860693,2403.87,2421.549
3112,2016-01-05,TCS,2385.0,2386.6,2341.0,2348.95,2369.6,1339010,3151408770.3,2353.54,97799.0,-0.8714550979068236,2405.3275000000003,2417.785
3113,2016-01-06,TCS,2350.2,2386.15,2350.2,2381.6,2348.95,1326614,3149626909.4,2374.18,43208.0,1.3899827582536919,2407.9575,2414.686
3114,2016-01-07,TCS,2370.0,2382.9,2360.0,2371.25,2381.6,1599790,3787836766.95,2367.71,29836.0,-0.4345817937520956,2408.1375,2411.489
3115,2016-01-08,TCS,2385.0,2407.35,2372.5,2397.6,2371.25,953772,2285313566.6,2396.08,29435.0,1.1112282551396906,2408.79,2408.859
3116,2016-01-11,TCS,2382.5,2384.0,2348.85,2362.35,2397.6,1465114,3460058884.1,2361.63,52084.0,-1.4702202202202201,2407.6074999999996,2406.199
3117,2016-01-12,TCS,2362.7,2365.0,2301.6,2327.05,2362.35,1741297,4049698909.45,2325.68,78442.0,-1.494274768768376,2405.0375,2402.8360000000002
3118,2016-01-13,TCS,2317.0,2327.0,2255.1,2279.2,2327.05,2373046,5419974451.55,2283.97,110813.0,-2.0562514771921685,2400.205,2398.0730000000003
3119,2016-01-14,TCS,2273.0,2298.9,2250.0,2278.8,2279.2,1371026,3126231079.5,2280.21,68867.0,-0.01755001755000159,2393.725,2392.78
3120,2016-01-15,TCS,2288.85,2291.7,2255.0,2261.1,2278.8,1634704,3707078050.3,2267.74,59507.0,-0.7767245918904806,2384.7925,2387.326
3121,2016-01-18,TCS,2262.0,2291.9,2260.0,2277.65,2261.1,1106961,2525514822.0,2281.48,36247.0,0.7319446287205423,2377.835,2383.226
3122,2016-01-19,TCS,2277.0,2300.0,2268.3,2279.3,2277.65,483955,1102090046.45,2277.26,37877.0,0.07244308827080943,2369.4800000000005,2378.697
3123,2016-01-20,TCS,2273.8,2285.0,2243.0,2280.1,2279.3,807977,1832751651.5,2268.32,47824.0,0.035098495152008385,2363.2325,2374.8720000000003
3124,2016-01-21,TCS,2285.0,2289.9,2245.75,2254.5,2280.1,1337768,3021715595.6,2258.77,48506.0,-1.1227577737818477,2354.6675,2370.799
3125,2016-01-22,TCS,2273.0,2302.05,2260.0,2295.75,2254.5,671589,1538122117.0,2290.27,65671.0,1.8296739853626083,2347.7425,2367.3379999999997
3126,2016-01-25,TCS,2301.9,2339.0,2291.5,2304.65,2295.75,698780,1619518169.25,2317.64,63300.0,0.3876728737885262,2339.84,2365.483
3127,2016-01-27,TCS,2302.0,2329.95,2281.9,2319.75,2304.65,813493,1884648891.5,2316.74,37894.0,0.6551971015121563,2333.0375,2364.386
3128,2016-01-28,TCS,2315.5,2348.9,2308.05,2331.2,2319.75,1553330,3625794748.85,2334.21,52219.0,0.49358767108523843,2328.6825,2363.199
3129,2016-01-29,TCS,2358.7,2400.0,2335.05,2391.3,2331.2,1117872,2652057899.65,2372.42,51641.0,2.5780713795470303,2326.405,2363.2140000000004
3130,2016-02-01,TCS,2391.1,2412.95,2359.0,2402.7,2391.3,747637,1796523763.2,2402.94,65836.0,0.476728139505693,2325.7200000000003,2364.239
3131,2016-02-02,TCS,2409.0,2433.0,2379.7,2398.1,2402.7,737794,1782175428.5,2415.55,50764.0,-0.19145128397219416,2327.145,2364.95
3132,2016-02-03,TCS,2387.5,2429.9,2360.3,2416.3,2398.1,654346,1571995829.55,2402.39,35587.0,0.7589341562070087,2330.5125,2365.3089999999997
3133,2016-02-04,TCS,2421.9,2440.0,2402.0,2420.05,2416.3,625023,1512552462.75,2419.99,42532.0,0.1551959607664611,2332.435,2365.889
3134,2016-02-05,TCS,2408.1,2439.95,2408.1,2421.95,2420.05,701498,1701826384.1,2425.99,80411.0,0.0785107745707583,2334.9700000000003,2366.969
3135,2016-02-08,TCS,2400.0,2412.05,2347.0,2362.95,2421.95,531829,1268416646.8,2385.01,29355.0,-2.43605359317905,2333.2375,2367.317
3136,2016-02-09,TCS,2333.6,2333.6,2255.6,2281.4,2362.95,1244805,2833977865.55,2276.64,74469.0,-3.451194481474417,2329.19,2365.878
3082,2016-02-10,TCS,2275.0,2289.9,2258.1,2268.8,2281.4,945366,2147378289.9,2271.48,65549.0,-0.552292452003152,2326.2775,2363.9600000000005
3137,2016-02-10,TCS,2275.0,2289.9,2258.1,2268.8,2281.4,945366,2147378289.9,2271.48,65549.0,-0.552292452003152,2325.7575,2362.098
3083,2016-02-11,TCS,2280.0,2289.0,2171.65,2197.95,2268.8,981204,2189332214.9,2231.27,73416.0,-3.1227961918194795,2321.715,2358.753
3084,2016-02-12,TCS,2200.0,2243.4,2164.0,2226.6,2197.95,1086284,2405540712.65,2214.47,85740.0,1.3034873404763572,2319.9900000000002,2356.27
3085,2016-02-15,TCS,2250.0,2306.85,2240.0,2269.15,2226.6,1239856,2824480330.05,2278.07,62877.0,1.9109853588430874,2319.565,2355.0850000000005
3086,2016-02-16,TCS,2266.0,2282.0,2243.0,2265.55,2269.15,794351,1795456148.95,2260.28,40886.0,-0.15864971465085645,2318.8774999999996,2354.0
3087,2016-02-17,TCS,2265.0,2279.65,2246.4,2275.55,2265.55,792589,1795454857.9,2265.3,36080.0,0.44139392200569394,2318.65,2352.931
3088,2016-02-18,TCS,2285.0,2319.75,2278.0,2315.85,2275.55,764570,1759338646.95,2301.08,31762.0,1.7710004174814757,2321.7174999999997,2351.895
3089,2016-02-19,TCS,2307.35,2327.0,2305.45,2319.65,2315.85,439506,1018533549.05,2317.45,60217.0,0.16408662046333666,2322.9125,2350.597
3090,2016-02-22,TCS,2320.25,2343.0,2305.0,2315.9,2319.65,662442,1543532713.85,2330.06,49580.0,-0.16166231974651346,2323.475,2349.195
3091,2016-02-23,TCS,2310.25,2319.9,2256.75,2264.0,2315.9,653426,1488024069.4,2277.26,42218.0,-2.2410294054147455,2320.6875,2346.906
3092,2016-02-24,TCS,2262.45,2262.45,2201.2,2210.95,2264.0,829664,1850451615.05,2230.36,38290.0,-2.3431978798586655,2314.675,2343.608
3093,2016-02-25,TCS,2219.8,2228.0,2185.65,2212.85,2210.95,915278,2018048988.1,2204.85,45678.0,0.085935909902987,2305.7524999999996,2339.6969999999997
3094,2016-02-26,TCS,2229.7,2256.9,2199.6,2210.5,2212.85,768768,1705153693.5,2218.03,37353.0,-0.10619788959938131,2296.1425,2335.1119999999996
3095,2016-02-29,TCS,2237.0,2237.0,2115.0,2176.8,2210.5,1095859,2394398681.65,2184.95,47672.0,-1.524541958832835,2285.0775000000003,2330.312
3096,2016-03-01,TCS,2193.0,2285.1,2162.0,2276.65,2176.8,999880,2257516902.5,2257.79,50318.0,4.587008452774711,2278.0950000000003,2326.917
3097,2016-03-02,TCS,2305.0,2330.0,2256.25,2318.85,2276.65,763743,1748081932.1,2288.84,42118.0,1.8536006852173068,2273.0350000000003,2325.1929999999998
3098,2016-03-03,TCS,2336.0,2391.0,2301.0,2373.15,2318.85,1324142,3120109870.55,2356.33,61441.0,2.341677986933186,2270.5950000000003,2324.14
3099,2016-03-04,TCS,2380.0,2380.0,2349.55,2357.55,2373.15,756483,1787209075.4,2362.52,32716.0,-0.6573541495480651,2270.325,2322.6059999999998
3100,2016-03-08,TCS,2342.1,2367.0,2304.2,2354.3,2357.55,634076,1485546744.9,2342.85,33078.0,-0.13785497656465398,2273.9700000000003,2320.438
3101,2016-03-09,TCS,2341.0,2369.4,2295.15,2357.25,2354.3,1008892,2347365913.2,2326.68,45459.0,0.12530263772670508,2278.3925,2318.4669999999996
3102,2016-03-10,TCS,2356.05,2359.85,2314.95,2348.3,2357.25,830833,1935228919.75,2329.26,47391.0,-0.37967971152825614,2282.3675000000003,2317.067
3103,2016-03-11,TCS,2340.0,2390.85,2335.0,2365.25,2348.3,765264,1813160612.1,2369.33,60976.0,0.7217987480304823,2290.7325,2315.635
3104,2016-03-14,TCS,2362.0,2398.0,2340.0,2355.0,2365.25,818371,1932483561.6,2361.38,50401.0,-0.4333579959835112,2297.1525,2314.407
3105,2016-03-15,TCS,2349.05,2363.5,2320.1,2329.9,2355.0,811678,1893864662.9,2333.27,34040.0,-1.0658174097664503,2300.1899999999996,2313.613
3106,2016-03-16,TCS,2315.0,2332.0,2306.9,2327.05,2329.9,959123,2225314511.3,2320.16,47662.0,-0.1223228464740937,2303.2650000000003,2313.175
3107,2016-03-17,TCS,2334.0,2361.8,2332.0,2352.05,2327.05,1110544,2607391322.65,2347.85,51558.0,1.0743215659311145,2307.09,2312.584
3108,2016-03-18,TCS,2360.0,2430.0,2360.0,2425.85,2352.05,1602035,3858668680.5,2408.6,102942.0,3.1376883994812914,2312.59,2313.676
3109,2016-03-21,TCS,2426.0,2454.95,2420.0,2446.25,2425.85,1168491,2844918942.2,2434.69,68915.0,0.8409423501040909,2318.92,2314.6490000000003
3057,2016-03-21,TCS,2426.0,2454.95,2420.0,2446.25,2425.85,1168491,2844918942.2,2434.69,68915.0,0.8409423501040909,2325.4375,2316.327
3058,2016-03-22,TCS,2442.0,2485.0,2436.5,2473.1,2446.25,975992,2397240026.25,2456.21,63517.0,1.0975983648441454,2335.8925,2319.248
3059,2016-03-23,TCS,2487.9,2487.9,2457.3,2473.8,2473.1,1139217,2817311940.5,2473.02,55908.0,0.02830455703369346,2349.0350000000003,2323.14
3060,2016-03-28,TCS,2491.0,2517.15,2461.55,2473.4,2473.8,1660441,4114582547.1,2478.01,82490.0,-0.016169455897812716,2362.0625,2327.0319999999997
3061,2016-03-29,TCS,2478.0,2486.95,2455.0,2469.4,2473.4,919398,2273205293.65,2472.49,32196.0,-0.16172070833670252,2375.0075,2331.1980000000003
3062,2016-03-30,TCS,2470.9,2505.0,2460.0,2489.5,2469.4,1068252,2660138879.55,2490.18,66443.0,0.8139629059690576,2390.6425,2335.435
3063,2016-03-31,TCS,2478.3,2550.0,2472.15,2520.3,2489.5,2181982,5477752815.8,2510.45,76600.0,1.2371962241414012,2402.825,2340.255
3064,2016-04-01,TCS,2505.0,2520.85,2434.1,2453.9,2520.3,1520700,3753029123.65,2467.96,86567.0,-2.634606991231206,2409.5775000000003,2343.731
3065,2016-04-04,TCS,2456.0,2488.0,2447.0,2471.25,2453.9,876176,2157634013.4,2462.56,56839.0,0.7070377766005097,2414.4825,2348.0660000000003
3066,2016-04-05,TCS,2470.8,2484.9,2442.05,2462.75,2471.25,745897,1834699992.8,2459.72,39144.0,-0.343955488113303,2419.7425000000003,2351.406
3067,2016-04-06,TCS,2470.0,2489.0,2459.35,2481.9,2462.75,881575,2184255309.75,2477.67,48213.0,0.7775860318749402,2426.1225000000004,2354.9509999999996
3068,2016-04-07,TCS,2480.0,2484.7,2457.0,2470.8,2481.9,1195471,2953639685.55,2470.69,50556.0,-0.44723800314274986,2431.8,2357.9719999999998
3069,2016-04-08,TCS,2466.0,2473.7,2427.0,2432.05,2470.8,699750,1706355354.15,2438.52,51781.0,-1.5683179536992067,2435.9875,2359.989
3070,2016-04-11,TCS,2433.0,2517.0,2413.0,2506.65,2432.05,1200324,2948846493.4,2456.71,56962.0,3.0673711477971217,2443.0575,2362.296
3071,2016-04-12,TCS,2498.0,2525.0,2488.1,2518.15,2506.65,651814,1631314698.85,2502.73,41843.0,0.4587796461412642,2451.2149999999997,2364.605
3072,2016-04-13,TCS,2530.0,2545.0,2512.5,2526.2,2518.15,800734,2021736752.75,2524.85,51204.0,0.3196791295196762,2461.03,2367.167
3073,2016-04-18,TCS,2453.0,2553.5,2440.0,2519.75,2526.2,3560752,8886759956.75,2495.75,185897.0,-0.2553242023592676,2470.665,2369.236
3074,2016-04-20,TCS,2534.9,2534.9,2440.0,2450.35,2519.75,3202512,7916958058.35,2472.11,118381.0,-2.754241492211533,2475.58,2369.842
3075,2016-04-21,TCS,2451.0,2467.4,2412.2,2424.4,2450.35,1262862,3081673106.25,2440.23,64118.0,-1.0590323831289332,2475.5075,2369.891
3076,2016-04-22,TCS,2419.0,2435.4,2404.2,2417.05,2424.4,982063,2376831048.35,2420.24,54414.0,-0.3031677940933802,2474.0474999999997,2370.973
3077,2016-04-25,TCS,2402.3,2457.05,2402.3,2451.25,2417.05,1133827,2768388615.85,2441.63,56820.0,1.4149479737696704,2474.2974999999997,2374.37
3078,2016-04-26,TCS,2449.0,2493.5,2442.0,2489.8,2451.25,1277184,3159254631.3,2473.61,76806.0,1.5726670066292783,2475.1325,2378.79
3079,2016-04-27,TCS,2480.0,2514.6,2475.9,2511.1,2489.8,924335,2312980759.75,2502.32,58165.0,0.8554904008353974,2476.9975,2383.636
3080,2016-04-28,TCS,2501.3,2540.0,2498.1,2527.75,2511.1,2496372,6306021297.4,2526.07,93432.0,0.6630560312213808,2479.715,2390.232
3081,2016-04-29,TCS,2517.0,2542.0,2510.0,2535.5,2527.75,1186089,2999874438.9,2529.22,78355.0,0.3065967757887449,2483.02,2396.41
3028,2016-05-02,TCS,2529.0,2530.0,2500.0,2526.7,2535.5,558346,1404946984.4,2516.27,33410.0,-0.34707158351410694,2484.88,2401.5609999999997
3029,2016-05-03,TCS,2525.0,2530.0,2472.0,2478.1,2526.7,1076559,2687283771.8,2496.18,46517.0,-1.9234574741757988,2482.77,2405.812
3030,2016-05-04,TCS,2473.9,2494.05,2457.0,2478.0,2478.1,682446,1687276873.0,2472.4,32957.0,-0.004035349663044634,2483.975,2409.861
3031,2016-05-05,TCS,2478.0,2489.95,2463.55,2470.3,2478.0,623283,1541048678.15,2472.47,34994.0,-0.3107344632768288,2483.9275,2412.95
3032,2016-05-06,TCS,2465.0,2484.3,2431.0,2473.4,2470.3,442799,1087778645.55,2456.6,29141.0,0.12549083107314532,2484.46,2416.025
3033,2016-05-09,TCS,2473.4,2518.0,2456.4,2512.55,2473.4,910638,2275885334.45,2499.22,50476.0,1.5828414328454794,2485.9925,2419.958
3034,2016-05-10,TCS,2515.0,2533.95,2496.0,2522.9,2512.55,579267,1457224317.35,2515.63,47846.0,0.41193210085371074,2488.5975000000003,2425.136
3035,2016-05-11,TCS,2500.0,2525.6,2490.0,2518.3,2522.9,799358,2009648151.9,2514.08,37888.0,-0.18232985849617142,2492.91,2431.283
3036,2016-05-12,TCS,2520.55,2569.9,2520.55,2566.2,2518.3,756541,1932590566.45,2554.51,52202.0,1.902076797839798,2495.8875,2438.3500000000004
3037,2016-05-13,TCS,2565.0,2566.0,2510.15,2523.4,2566.2,810865,2051718778.45,2530.28,36862.0,-1.6678357103888912,2496.15,2444.608
3038,2016-05-16,TCS,2538.0,2564.8,2522.5,2551.15,2523.4,555763,1413523384.3,2543.39,38211.0,1.099706744868035,2497.3975,2452.095
3039,2016-05-17,TCS,2564.2,2591.25,2552.0,2570.2,2551.15,878349,2259857856.8,2572.85,75704.0,0.7467220665190101,2499.92,2457.966
3040,2016-05-18,TCS,2565.85,2565.85,2526.05,2551.1,2570.2,750370,1908411835.35,2543.29,48191.0,-0.7431328301299475,2504.9575,2462.611
3041,2016-05-19,TCS,2555.0,2560.0,2526.1,2556.95,2551.1,519396,1323692275.05,2548.52,38811.0,0.22931284543921873,2511.585,2466.287
3042,2016-05-20,TCS,2542.3,2565.8,2522.8,2529.3,2556.95,615459,1565057535.9,2542.91,43356.0,-1.0813664717729967,2517.1975,2469.722
3043,2016-05-23,TCS,2544.0,2545.9,2480.2,2491.45,2529.3,766508,1924036943.55,2510.13,27319.0,-1.4964614715534084,2519.2075,2472.465
3044,2016-05-24,TCS,2484.0,2488.25,2459.6,2467.7,2491.45,669579,1652275660.35,2467.63,30007.0,-0.9532601497120152,2518.1025,2474.6740000000004
3045,2016-05-25,TCS,2481.0,2532.95,2481.0,2526.45,2467.7,774339,1946783700.2,2514.12,26986.0,2.3807594115978445,2518.87,2478.237
3046,2016-05-26,TCS,2530.0,2564.9,2505.1,2548.7,2526.45,971624,2465202922.3,2537.2,59703.0,0.8806823804152072,2519.9175,2481.906
3047,2016-05-27,TCS,2553.15,2579.85,2550.6,2572.65,2548.7,552338,1417814940.4,2566.93,44676.0,0.9396947463412828,2521.775,2486.259
3048,2016-05-30,TCS,2583.0,2641.95,2582.0,2636.4,2572.65,674732,1766111536.45,2617.5,46344.0,2.477989621596408,2527.2599999999998,2492.389
3049,2016-05-31,TCS,2640.0,2647.0,2562.0,2569.4,2636.4,1861304,4804709389.7,2581.37,84299.0,-2.541344257320589,2531.825,2497.236
3050,2016-06-01,TCS,2571.2,2645.0,2571.0,2633.55,2569.4,955971,2509470849.2,2625.05,67647.0,2.496691834669576,2539.6025,2502.866
3051,2016-06-02,TCS,2600.0,2654.3,2600.0,2650.15,2633.55,704378,1856699431.4,2635.94,57624.0,0.63032788441457,2548.5950000000003,2507.352
3052,2016-06-03,TCS,2651.4,2658.0,2620.5,2629.55,2650.15,777461,2046178881.75,2631.87,59436.0,-0.7773144916325456,2556.4025,2511.018
3053,2016-06-06,TCS,2620.5,2639.0,2603.2,2612.5,2629.55,661013,1730919629.55,2618.59,35241.0,-0.6483999163355015,2561.4,2514.343
3054,2016-06-07,TCS,2614.0,2639.0,2613.0,2631.15,2612.5,601097,1580055394.9,2628.62,43777.0,0.7138755980861279,2566.8125,2517.5040000000004
3055,2016-06-08,TCS,2617.25,2628.55,2605.5,2613.1,2631.15,469133,1227142241.65,2615.77,26407.0,-0.6860118199266549,2571.5525000000002,2520.29
3056,2016-06-09,TCS,2622.4,2622.4,2555.2,2577.25,2613.1,781069,2016042632.05,2581.13,51060.0,-1.3719337185718077,2572.105,2522.367
3000,2016-06-09,TCS,2622.4,2622.4,2555.2,2577.25,2613.1,781069,2016042632.05,2581.13,51060.0,-1.3719337185718077,2574.7974999999997,2524.524
3001,2016-06-10,TCS,2566.0,2603.25,2553.2,2555.75,2577.25,698416,1796098182.05,2571.67,46466.0,-0.8342225240081482,2575.0275,2525.849
3002,2016-06-13,TCS,2540.0,2553.35,2518.0,2547.0,2555.75,514989,1307170875.45,2538.25,32894.0,-0.34236525481756824,2573.8675,2526.383
3003,2016-06-14,TCS,2558.95,2558.95,2518.25,2534.85,2547.0,488785,1237344284.0,2531.47,55026.0,-0.47703180212014495,2573.055,2528.002
3004,2016-06-15,TCS,2530.0,2564.9,2522.0,2556.85,2534.85,635422,1614492174.2,2540.82,52990.0,0.867901453734935,2573.05,2529.714
3005,2016-06-16,TCS,2545.55,2564.7,2516.45,2558.3,2556.85,572535,1454113954.05,2539.78,59808.0,0.056710405381632585,2574.5,2531.625
3006,2016-06-17,TCS,2559.0,2610.0,2559.0,2602.6,2558.3,939494,2433336684.35,2590.05,46942.0,1.7316186530117548,2580.0575,2534.039
3007,2016-06-20,TCS,2602.6,2668.0,2591.8,2659.3,2602.6,936419,2478779488.85,2647.08,50886.0,2.178590640129112,2589.6375,2537.809
3008,2016-06-21,TCS,2663.5,2665.0,2641.4,2651.2,2659.3,513845,1361728432.6,2650.08,28193.0,-0.3045914338359855,2595.875,2542.192
3009,2016-06-22,TCS,2650.0,2677.7,2631.75,2667.65,2651.2,880856,2343205233.4,2660.15,44125.0,0.6204737477368841,2601.8225,2545.4120000000003
3010,2016-06-23,TCS,2655.0,2659.5,2625.3,2645.35,2667.65,698507,1846002543.75,2642.78,54736.0,-0.8359417464809918,2605.4575,2547.956
3011,2016-06-24,TCS,2565.15,2593.2,2514.15,2573.95,2645.35,1883293,4819631293.95,2559.15,62715.0,-2.6990757366700096,2602.335,2548.911
3012,2016-06-27,TCS,2547.0,2547.0,2482.65,2495.85,2573.95,2136283,5338993014.8,2499.2,138232.0,-3.0342469744944505,2598.6575000000003,2548.433
3013,2016-06-28,TCS,2495.85,2502.9,2458.4,2463.95,2495.85,2249762,5577424971.25,2479.12,114662.0,-1.2781216819921106,2590.1775000000002,2548.705
3014,2016-06-29,TCS,2475.0,2512.5,2465.3,2502.9,2463.95,1265632,3150311553.8,2489.12,64129.0,1.5807950648349305,2582.815,2550.275
3015,2016-06-30,TCS,2522.0,2562.9,2500.35,2553.1,2502.9,2560906,6486314138.05,2532.82,103449.0,2.005673418834145,2578.9925,2552.996
3016,2016-07-01,TCS,2562.0,2564.6,2494.35,2500.85,2553.1,1098648,2775910959.0,2526.66,55236.0,-2.046531667384748,2573.41,2553.988
3017,2016-07-04,TCS,2516.0,2525.85,2482.0,2494.2,2500.85,941742,2361812587.55,2507.92,50480.0,-0.2659095907391523,2566.5625,2554.0759999999996
3018,2016-07-05,TCS,2494.2,2497.05,2477.15,2485.3,2494.2,779874,1938717442.15,2485.94,41404.0,-0.3568278405901546,2560.1724999999997,2553.56
3019,2016-07-07,TCS,2487.7,2491.85,2425.0,2429.8,2485.3,1658400,4066588669.55,2452.12,99668.0,-2.233130809157848,2552.8,2551.601
3020,2016-07-08,TCS,2435.0,2442.05,2403.5,2426.6,2429.8,1228178,2979419611.15,2425.89,68484.0,-0.13169808214668996,2545.2675,2549.4230000000002
3021,2016-07-11,TCS,2430.0,2471.8,2427.0,2464.15,2426.6,771816,1894940180.8,2455.17,55531.0,1.547432621775331,2540.6875,2548.172
3022,2016-07-12,TCS,2471.7,2475.0,2435.85,2464.95,2464.15,732768,1800249503.05,2456.78,45288.0,0.03246555607409156,2536.585,2547.909
3023,2016-07-13,TCS,2478.0,2499.25,2451.25,2493.1,2464.95,1051150,2612735736.35,2485.6,45710.0,1.1420109941378158,2534.4975,2548.2110000000002
3024,2016-07-14,TCS,2486.0,2529.0,2471.0,2521.9,2493.1,1349994,3383702712.4,2506.46,66642.0,1.1551883197625519,2532.75,2549.243
3025,2016-07-15,TCS,2517.0,2527.8,2426.55,2445.35,2521.9,4168183,10271219349.75,2464.2,156804.0,-3.035409810063848,2527.1025,2548.6820000000002
3026,2016-07-18,TCS,2447.0,2469.0,2430.6,2433.45,2445.35,1299425,3176641794.85,2444.65,66016.0,-0.48663790459443806,2518.645,2547.1
3027,2016-07-19,TCS,2427.5,2472.8,2427.5,2466.2,2433.45,1181448,2897373190.6,2452.39,77753.0,1.3458258850603053,2508.99,2545.966
2972,2016-07-19,TCS,2427.5,2472.8,2427.5,2466.2,2433.45,1181448,2897373190.6,2452.39,77753.0,1.3458258850603053,2499.7400000000002,2544.924
2973,2016-07-20,TCS,2450.0,2502.5,2448.15,2494.95,2466.2,1407626,3502708967.45,2488.38,95969.0,1.1657610899359339,2491.105,2543.499
2974,2016-07-21,TCS,2489.5,2519.5,2464.45,2506.05,2494.95,1263574,3148924110.4,2492.08,91340.0,0.4448986953646512,2484.1400000000003,2543.152
2975,2016-07-22,TCS,2498.9,2524.0,2492.0,2515.1,2506.05,758608,1904487472.6,2510.5,65567.0,0.3611260748987341,2481.1975,2542.431
2976,2016-07-25,TCS,2512.0,2563.2,2505.8,2558.95,2515.1,844398,2144638636.5,2539.84,84598.0,1.7434694445548848,2484.3525,2542.2059999999997
2977,2016-07-26,TCS,2558.95,2568.0,2533.0,2552.6,2558.95,1155645,2944362581.65,2547.81,97504.0,-0.24814865472165964,2488.785,2542.236
2978,2016-07-27,TCS,2555.0,2580.4,2545.0,2577.55,2552.6,875255,2249514103.75,2570.12,72548.0,0.9774347723889475,2492.5175,2542.648
2979,2016-07-28,TCS,2580.5,2629.55,2577.05,2619.25,2577.55,2316040,6025726969.7,2601.74,96943.0,1.6178153673061555,2495.825,2544.447
2980,2016-07-29,TCS,2614.0,2634.9,2599.0,2619.3,2619.25,1244042,3257901003.85,2618.8,79709.0,0.0019089433998351396,2501.7475,2547.004
2981,2016-08-01,TCS,2632.0,2725.0,2632.0,2708.25,2619.3,1980852,5341716553.35,2696.68,88196.0,3.3959454816172183,2512.45,2551.815
2982,2016-08-02,TCS,2702.9,2715.7,2689.8,2699.2,2708.25,1289081,3483935382.2,2702.65,101312.0,-0.334164128127026,2523.145,2555.27
2983,2016-08-03,TCS,2686.0,2699.0,2649.05,2656.3,2699.2,1147351,3059356734.7,2666.45,86554.0,-1.589359810314154,2534.47,2557.422
2984,2016-08-04,TCS,2670.0,2682.95,2636.25,2652.0,2656.3,707708,1879761561.65,2656.13,47274.0,-0.1618793058013094,2545.7400000000002,2559.009
2985,2016-08-05,TCS,2673.9,2684.3,2632.0,2649.1,2652.0,934242,2482521653.0,2657.26,62736.0,-0.10935143288084807,2554.9875,2559.263
2986,2016-08-08,TCS,2640.0,2668.0,2629.05,2649.5,2649.1,1029122,2729060314.25,2651.83,65630.0,0.015099467743765466,2564.215,2560.865
2987,2016-08-09,TCS,2658.0,2659.8,2578.85,2650.2,2649.5,1130957,2992303331.2,2645.82,133349.0,0.026420079260230916,2572.07,2561.198
2988,2016-08-10,TCS,2651.0,2682.0,2648.0,2675.4,2650.2,1031039,2754807946.1,2671.88,61590.0,0.950871632329646,2579.745,2561.703
2989,2016-08-11,TCS,2665.55,2715.0,2665.55,2709.9,2675.4,1116569,3017506737.25,2702.48,72571.0,1.2895267997308815,2592.9725000000003,2563.31
2990,2016-08-12,TCS,2705.0,2744.8,2702.05,2738.45,2709.9,1163679,3180176255.45,2732.86,85247.0,1.0535444112328767,2608.2225,2565.8289999999997
2991,2016-08-16,TCS,2738.0,2740.0,2673.85,2691.7,2738.45,1591877,4312775600.65,2709.24,116813.0,-1.7071701144808196,2619.4975,2567.0399999999995
2992,2016-08-17,TCS,2699.0,2699.0,2618.0,2624.55,2691.7,924283,2441537139.85,2641.55,68405.0,-2.4947059479139444,2627.415,2567.269
2993,2016-08-18,TCS,2635.0,2657.55,2630.1,2638.55,2624.55,646032,1711106603.1,2648.64,47877.0,0.5334247775809187,2634.5950000000003,2568.495
2994,2016-08-19,TCS,2640.0,2646.45,2600.0,2603.5,2638.55,1208122,3154028235.45,2610.69,59756.0,-1.3283811184173193,2639.4675,2569.02
2995,2016-08-22,TCS,2588.0,2594.45,2536.3,2548.7,2603.5,1132637,2901977850.05,2562.14,92781.0,-2.104858843864036,2641.1475,2568.879
2996,2016-08-23,TCS,2544.95,2604.95,2540.2,2601.05,2548.7,751687,1949428824.75,2593.41,46115.0,2.053988307764757,2643.2525,2569.96
2997,2016-08-24,TCS,2589.8,2602.0,2569.05,2572.05,2601.05,558439,1440592513.95,2579.68,38751.0,-1.11493435343419,2644.225,2570.7039999999997
2998,2016-08-25,TCS,2580.0,2589.7,2526.0,2551.05,2572.05,969845,2473028891.15,2549.92,56688.0,-0.8164693532396338,2642.9,2570.588
2999,2016-08-26,TCS,2559.8,2572.55,2517.2,2524.95,2551.05,625157,1585906361.05,2536.81,44995.0,-1.0231081319456836,2638.185,2569.9210000000003
2944,2016-08-29,TCS,2534.95,2534.95,2466.75,2500.55,2524.95,744364,1853092003.05,2489.5,63254.0,-0.9663557694211624,2632.2475,2567.88
2945,2016-08-30,TCS,2510.0,2549.8,2501.25,2544.15,2500.55,722013,1824166805.6,2526.5,47160.0,1.7436164043910303,2624.0425,2565.5769999999998
2946,2016-08-31,TCS,2550.0,2550.0,2500.85,2511.3,2544.15,1615834,4072374254.55,2520.29,99253.0,-1.2911974529803631,2614.6475,2562.779
2947,2016-09-01,TCS,2524.9,2534.95,2487.05,2507.5,2511.3,672868,1687104609.05,2507.33,44078.0,-0.15131605144746474,2607.2074999999995,2559.576
2948,2016-09-02,TCS,2512.0,2519.4,2496.05,2514.8,2507.5,871165,2186618832.5,2509.99,54628.0,0.2911266201395885,2600.3475,2556.965
2949,2016-09-06,TCS,2519.9,2520.15,2480.0,2484.05,2514.8,1119533,2789923411.35,2492.04,82530.0,-1.2227612533799903,2592.0950000000003,2555.167
2950,2016-09-07,TCS,2499.7,2499.7,2423.0,2440.55,2484.05,1927020,4747759131.5,2463.78,69195.0,-1.751172480425112,2581.6475,2554.0609999999997
2951,2016-09-08,TCS,2360.0,2360.0,2284.75,2322.1,2440.55,3510758,8120773685.25,2313.11,171363.0,-4.853414189424526,2565.2425,2551.224
2952,2016-09-09,TCS,2329.7,2366.65,2320.05,2352.45,2322.1,1371219,3219369765.3,2347.82,85766.0,1.307006588863525,2549.0950000000003,2548.215
2953,2016-09-12,TCS,2337.0,2363.95,2324.0,2359.05,2352.45,1012227,2383780254.5,2354.99,64982.0,0.28055856660079337,2531.5525,2544.334
2954,2016-09-14,TCS,2362.0,2377.6,2310.0,2328.45,2359.05,1034929,2412058421.05,2330.65,67854.0,-1.2971323202136607,2511.0525000000002,2540.886
2955,2016-09-15,TCS,2339.95,2342.1,2316.75,2326.95,2328.45,1409482,3279895507.6,2327.02,97602.0,-0.06442053726728081,2492.815,2537.541
2956,2016-09-16,TCS,2336.7,2376.0,2320.0,2361.7,2326.95,2179002,5112089805.15,2346.07,78997.0,1.493371151077591,2479.6725,2535.069
2957,2016-09-19,TCS,2365.0,2427.0,2350.0,2411.45,2361.7,1401273,3371514510.4,2406.04,71497.0,2.1065334293093962,2468.3175,2534.702
2958,2016-09-20,TCS,2411.0,2416.9,2385.4,2406.5,2411.45,592276,1420897288.85,2399.05,43740.0,-0.20527068776046853,2458.4674999999997,2534.3
2959,2016-09-21,TCS,2407.7,2424.0,2400.7,2413.4,2406.5,839010,2024341871.1,2412.77,59572.0,0.28672345730314114,2451.7025000000003,2533.285
2960,2016-09-22,TCS,2425.25,2428.0,2371.1,2378.0,2413.4,1428787,3417931996.8,2392.19,81643.0,-1.4668103091074869,2440.55,2531.5460000000003
2961,2016-09-23,TCS,2382.0,2403.85,2371.15,2398.1,2378.0,900363,2155662160.2,2394.21,50857.0,0.8452481076534865,2431.8525,2529.646
2962,2016-09-26,TCS,2401.1,2419.1,2395.0,2401.1,2398.1,876738,2110951261.7,2407.73,43717.0,0.12509903673741712,2424.355,2527.23
2963,2016-09-27,TCS,2401.1,2448.0,2401.1,2436.1,2401.1,1019396,2481814595.75,2434.59,48249.0,1.4576652367664822,2419.9125,2527.045
2964,2016-09-28,TCS,2431.0,2437.5,2415.2,2423.05,2436.1,865664,2098266539.35,2423.88,31602.0,-0.535692295061768,2416.0375,2526.837
2965,2016-09-29,TCS,2435.0,2456.5,2419.6,2437.8,2423.05,1801979,4389480394.65,2435.92,59697.0,0.6087369224737418,2410.7200000000003,2526.269
2966,2016-09-30,TCS,2437.05,2449.8,2423.1,2430.8,2437.8,1087682,2645841762.55,2432.55,53121.0,-0.28714414636147345,2406.695,2525.561
2967,2016-10-03,TCS,2450.0,2457.65,2401.1,2411.7,2430.8,909440,2198220216.8,2417.11,50401.0,-0.7857495474740974,2401.905,2523.8959999999997
2968,2016-10-04,TCS,2420.0,2425.05,2398.0,2405.15,2411.7,890359,2144293642.5,2408.35,41266.0,-0.2715926524857871,2396.4224999999997,2521.878
2969,2016-10-05,TCS,2408.0,2415.4,2376.1,2386.35,2405.15,588177,1405442480.2,2389.49,41205.0,-0.7816560297694606,2391.5375,2519.303
2970,2016-10-06,TCS,2395.0,2402.4,2372.75,2388.75,2386.35,1133786,2704390889.2,2385.27,46955.0,0.10057200326859392,2388.9475,2515.899
2971,2016-10-07,TCS,2388.0,2388.0,2358.2,2367.8,2388.75,908256,2150080123.7,2367.26,45358.0,-0.8770277341705837,2391.2325,2512.203
2918,2016-10-07,TCS,2388.0,2388.0,2358.2,2367.8,2388.75,908256,2150080123.7,2367.26,45358.0,-0.8770277341705837,2392.0,2508.008
2919,2016-10-10,TCS,2369.9,2386.9,2355.05,2380.3,2367.8,601071,1425781482.25,2372.07,36640.0,0.5279162091392854,2393.0625,2503.229
2920,2016-10-13,TCS,2363.3,2369.9,2320.9,2328.9,2380.3,2586667,6046674509.35,2337.63,123215.0,-2.1593916733184932,2393.085,2497.4210000000003
2921,2016-10-14,TCS,2315.0,2387.0,2291.0,2366.2,2328.9,3870607,9072767281.5,2344.02,128774.0,1.6016144961140333,2395.0475,2490.58
2922,2016-10-17,TCS,2368.9,2375.8,2344.4,2362.45,2366.2,1364173,3221632238.65,2361.6,58695.0,-0.15848195418814978,2395.085,2483.845
2923,2016-10-18,TCS,2376.0,2415.7,2354.8,2400.2,2362.45,1064316,2532375052.65,2379.35,53519.0,1.5979174162416139,2394.5225,2478.723
2924,2016-10-19,TCS,2401.0,2410.0,2370.3,2395.1,2400.2,992529,2370039179.6,2387.88,42017.0,-0.21248229314223438,2393.9525000000003,2473.585
2925,2016-10-20,TCS,2396.9,2409.35,2386.0,2401.15,2395.1,632927,1518311799.5,2398.87,37213.0,0.2525990564068382,2393.3399999999997,2468.626
2926,2016-10-21,TCS,2400.0,2431.9,2398.25,2428.65,2401.15,629830,1524192231.7,2420.01,39667.0,1.1452845511525727,2395.8725,2464.209
2927,2016-10-24,TCS,2428.2,2434.9,2402.55,2427.7,2428.65,626595,1516351095.1,2419.99,27061.0,-0.03911638152884412,2397.3525,2459.759
2928,2016-10-25,TCS,2405.0,2414.6,2381.0,2398.45,2427.7,886233,2127866314.35,2401.02,40428.0,-1.2048440911150473,2397.2200000000003,2454.22
2929,2016-10-26,TCS,2398.6,2402.75,2372.5,2396.25,2398.45,718565,1715789228.9,2387.8,43564.0,-0.09172590631448721,2395.2275,2447.947
2930,2016-10-27,TCS,2379.7,2429.5,2365.5,2418.1,2396.25,1470801,3526810416.5,2397.88,61880.0,0.9118414188836685,2394.98,2441.54
2931,2016-10-28,TCS,2410.0,2415.1,2388.0,2398.7,2418.1,876051,2102643083.3,2400.14,54342.0,-0.8022827840039739,2393.025,2435.68
2932,2016-10-30,TCS,2398.7,2408.95,2382.0,2391.05,2398.7,42676,102155144.1,2393.74,3032.0,-0.31892274982280555,2391.0375,2431.01
2933,2016-11-01,TCS,2399.7,2399.7,2334.15,2350.0,2391.05,1467388,3480153065.05,2371.67,70133.0,-1.7168189707450776,2387.9525,2425.239
2934,2016-11-02,TCS,2341.0,2344.0,2295.0,2304.05,2350.0,1162538,2691331051.7,2315.05,42121.0,-1.9553191489361625,2382.8975,2419.25
2935,2016-11-03,TCS,2294.0,2335.0,2284.5,2319.45,2304.05,731655,1693891972.55,2315.15,48066.0,0.6683882728239247,2379.5525,2414.665
2936,2016-11-04,TCS,2320.0,2336.15,2294.0,2330.55,2319.45,591876,1369086822.2,2313.13,34571.0,0.47856172799587676,2376.6425,2409.255
2937,2016-11-07,TCS,2337.9,2344.9,2260.05,2277.05,2330.55,1024026,2351595556.3,2296.42,40066.0,-2.295595460299071,2372.105,2403.355
2938,2016-11-08,TCS,2280.45,2307.0,2260.0,2283.2,2277.05,966817,2205847975.25,2281.56,39458.0,0.27008629586524824,2367.875,2397.998
2939,2016-11-09,TCS,2180.0,2275.0,2142.85,2169.85,2283.2,2250113,4924884520.0,2188.73,74439.0,-4.964523475823402,2357.3525,2390.896
2940,2016-11-10,TCS,2204.8,2217.5,2140.8,2155.45,2169.85,1086213,2374745077.5,2186.26,55736.0,-0.6636403438025712,2348.68,2383.994
2941,2016-11-11,TCS,2147.05,2147.05,2086.2,2101.15,2155.45,1199212,2530623362.35,2110.24,71253.0,-2.5191955276160307,2335.4275,2375.134
2942,2016-11-15,TCS,2116.9,2157.55,2051.9,2121.3,2101.15,3145162,6658267757.5,2116.99,143796.0,0.9589986435999377,2323.37,2367.334
2943,2016-11-16,TCS,2145.1,2208.9,2138.0,2189.6,2121.3,2009979,4400863101.35,2189.51,143193.0,3.219723754301594,2312.84,2360.976
2889,2016-11-16,TCS,2145.1,2208.9,2138.0,2189.6,2121.3,2009979,4400863101.35,2189.51,143193.0,3.219723754301594,2302.5649999999996,2354.4719999999998
2890,2016-11-17,TCS,2185.0,2208.6,2130.15,2137.2,2189.6,1252344,2709490979.85,2163.54,74605.0,-2.3931311655096863,2289.3675000000003,2347.535
2891,2016-11-18,TCS,2142.0,2150.0,2104.2,2125.1,2137.2,1070267,2272215358.95,2123.04,71737.0,-0.566161332584686,2274.19,2341.226
2892,2016-11-21,TCS,2126.2,2140.0,2105.0,2132.9,2125.1,896683,1908655294.55,2128.57,63995.0,0.3670415509858445,2259.45,2337.442
2893,2016-11-22,TCS,2132.0,2177.45,2122.05,2135.0,2132.9,659430,1416183728.1,2147.59,38866.0,0.09845749917951657,2246.2775,2333.093
2894,2016-11-23,TCS,2149.0,2162.95,2127.2,2156.35,2135.0,637904,1372012697.1,2150.81,40612.0,0.9999999999999957,2234.2825000000003,2329.0389999999998
2895,2016-11-24,TCS,2154.9,2207.6,2137.0,2188.45,2156.35,1513117,3306774108.05,2185.41,47769.0,1.488626614417878,2222.8,2326.239
2896,2016-11-25,TCS,2212.0,2307.25,2192.2,2300.35,2188.45,2138074,4858238273.15,2272.25,125651.0,5.11320797824945,2217.8825,2325.7070000000003
2897,2016-11-28,TCS,2294.0,2319.45,2251.9,2282.6,2300.35,962148,2197133328.7,2283.57,69327.0,-0.7716217097398222,2212.46,2324.125
2898,2016-11-29,TCS,2275.0,2292.0,2252.55,2259.85,2282.6,721148,1638001868.35,2271.38,60419.0,-0.9966704635065277,2207.9525000000003,2321.093
2899,2016-11-30,TCS,2265.0,2294.75,2242.3,2276.05,2259.85,1722916,3914748236.95,2272.16,88801.0,0.7168617386109819,2206.5525,2318.484
2900,2016-12-01,TCS,2277.0,2290.0,2254.05,2263.45,2276.05,561526,1275100690.75,2270.78,48664.0,-0.5535906504690302,2203.7525,2315.485
2901,2016-12-02,TCS,2258.0,2270.8,2205.2,2221.85,2263.45,999016,2231366449.1,2233.56,70395.0,-1.8379023172590474,2198.3175,2312.362
2902,2016-12-05,TCS,2229.0,2237.85,2170.0,2186.0,2221.85,1124763,2463216081.3,2189.99,65000.0,-1.613520264644324,2193.7650000000003,2308.12
2903,2016-12-06,TCS,2190.0,2203.95,2169.9,2182.35,2186.0,796722,1744452270.15,2189.54,50293.0,-0.1669716376944232,2188.7225,2303.745
2904,2016-12-07,TCS,2182.2,2184.45,2145.65,2154.55,2182.35,1032853,2235417459.15,2164.31,63105.0,-1.273856164226624,2187.9575,2298.114
2905,2016-12-08,TCS,2160.5,2199.0,2160.0,2195.75,2154.55,1619773,3540454899.45,2185.77,74988.0,1.9122322526745636,2189.9725000000003,2293.5679999999998
2906,2016-12-09,TCS,2205.0,2219.9,2173.3,2195.25,2195.75,794359,1746968957.4,2199.22,53949.0,-0.022771262666514858,2194.6775000000002,2288.717
2907,2016-12-12,TCS,2194.8,2217.6,2163.0,2208.2,2195.25,655879,1441837926.9,2198.33,43775.0,0.589910033025843,2199.0225,2284.265
2908,2016-12-13,TCS,2218.0,2218.0,2183.0,2200.3,2208.2,1073767,2361901050.2,2199.64,58059.0,-0.35775744950636884,2199.5575,2280.0370000000003
2909,2016-12-14,TCS,2214.0,2224.7,2189.0,2207.6,2200.3,935183,2064158980.5,2207.22,46920.0,0.3317729400536166,2200.4575,2276.0860000000002
2910,2016-12-15,TCS,2202.0,2272.1,2202.0,2259.3,2207.6,2147705,4848414375.65,2257.49,74707.0,2.3419097662620163,2206.5624999999995,2273.545
2911,2016-12-16,TCS,2277.0,2290.0,2252.0,2282.65,2259.3,993615,2261229516.9,2275.76,55542.0,1.0335059531713322,2214.4399999999996,2271.4230000000002
2912,2016-12-19,TCS,2280.0,2297.7,2261.3,2288.9,2282.65,667105,1517399676.45,2274.6,44317.0,0.2738045692506516,2222.24,2269.845
2913,2016-12-20,TCS,2292.0,2345.0,2287.05,2339.3,2288.9,1461380,3394333566.75,2322.69,49014.0,2.201931058587098,2232.4550000000004,2269.275
2914,2016-12-21,TCS,2343.8,2343.8,2305.6,2313.6,2339.3,1017451,2358959165.9,2318.5,85491.0,-1.098619245073324,2240.3175,2267.9410000000003
2915,2016-12-22,TCS,2306.0,2325.0,2286.2,2307.7,2313.6,934150,2154160084.7,2306.01,47737.0,-0.2550138312586485,2246.2799999999997,2267.5170000000003
2916,2016-12-23,TCS,2300.0,2317.75,2278.8,2288.1,2307.7,559477,1284126905.25,2295.23,42554.0,-0.8493305022316553,2245.6675,2265.955
2917,2016-12-26,TCS,2266.0,2301.6,2266.0,2293.1,2288.1,448704,1027802299.8,2290.6,29524.0,0.21852191774835017,2246.1925,2264.5679999999998
2884,2016-12-26,TCS,2266.0,2301.6,2266.0,2293.1,2288.1,448704,1027802299.8,2290.6,29524.0,0.21852191774835017,2247.855,2262.426
2885,2016-12-27,TCS,2281.5,2330.0,2281.5,2323.4,2293.1,647346,1500410953.8,2317.79,42719.0,1.3213553704592116,2250.2225000000003,2260.992
2886,2016-12-28,TCS,2326.7,2349.9,2303.15,2313.4,2323.4,675209,1577193933.9,2335.86,65267.0,-0.43040371868812943,2252.72,2259.2369999999996
2887,2016-12-29,TCS,2303.0,2359.9,2303.0,2351.7,2313.4,981758,2303445318.55,2346.25,64945.0,1.655571885536428,2259.2125,2257.6980000000003
2888,2016-12-30,TCS,2354.9,2378.6,2345.65,2365.55,2351.7,702874,1663448119.2,2366.64,44979.0,0.5889356635625448,2268.1899999999996,2256.455
3363,2017-01-02,TCS,2366.6,2375.1,2352.4,2361.35,2365.55,411566,973627182.9,2365.66,22525.0,-0.17754856164529487,2277.1400000000003,2255.7129999999997
3364,2017-01-03,TCS,2361.25,2371.7,2343.3,2368.25,2361.35,737662,1739431574.75,2358.03,42941.0,0.2922057297732268,2287.825,2255.153
3365,2017-01-04,TCS,2369.7,2388.85,2358.3,2379.5,2368.25,710033,1685774752.1,2374.22,42460.0,0.475034308033358,2297.0125,2254.381
3366,2017-01-05,TCS,2384.0,2389.95,2320.4,2334.4,2379.5,1108202,2605873965.6,2351.44,86774.0,-1.8953561672620258,2303.97,2253.095
3367,2017-01-06,TCS,2321.0,2329.35,2257.1,2281.4,2334.4,1504948,3442588742.75,2287.51,61868.0,-2.2703906785469496,2307.63,2250.902
3368,2017-01-09,TCS,2275.0,2311.3,2257.0,2303.7,2281.4,927289,2118304268.1,2284.41,46261.0,0.9774699745770021,2312.8,2249.976
3369,2017-01-10,TCS,2304.0,2329.8,2291.5,2315.35,2303.7,766957,1774098363.6,2313.17,66699.0,0.5057082085341013,2318.1875,2250.202
3370,2017-01-11,TCS,2315.0,2329.6,2280.2,2324.4,2315.35,965648,2229226689.9,2308.53,40140.0,0.39086963094133426,2321.4425,2250.301
3371,2017-01-12,TCS,2324.4,2360.0,2304.0,2344.35,2324.4,1285187,3000496260.3,2334.68,77928.0,0.8582860092927129,2324.5275,2250.577
3372,2017-01-13,TCS,2348.0,2357.95,2237.85,2249.3,2344.35,5117790,11651776941.35,2276.72,205696.0,-4.05442873291103,2322.5474999999997,2250.022
3373,2017-01-16,TCS,2250.0,2273.9,2228.0,2258.55,2249.3,1682404,3795428583.6,2255.96,89968.0,0.41123905214955764,2318.5099999999998,2249.529
3374,2017-01-17,TCS,2254.9,2287.8,2252.8,2278.75,2258.55,1504978,3427002356.95,2277.11,74755.0,0.8943791370569532,2316.7675,2251.707
3375,2017-01-18,TCS,2278.0,2298.0,2265.45,2295.1,2278.75,1568287,3579301575.3,2282.3,84460.0,0.7174986286341156,2316.1375,2254.5
3376,2017-01-19,TCS,2295.0,2295.15,2282.95,2291.0,2295.1,1125838,2577400927.3,2289.32,49523.0,-0.1786414535314326,2316.2825000000003,2258.297
3377,2017-01-20,TCS,2287.0,2300.0,2265.0,2285.35,2291.0,1018623,2325591791.1,2283.07,51349.0,-0.24661719773025276,2315.8949999999995,2261.578
3378,2017-01-23,TCS,2265.0,2313.5,2259.8,2306.7,2285.35,1159273,2664065599.25,2298.05,79718.0,0.9342113899402679,2316.575,2263.92
3379,2017-01-24,TCS,2304.0,2323.0,2290.0,2318.35,2306.7,1141319,2636671177.1,2310.2,105986.0,0.505050505050509,2316.3224999999998,2266.495
3380,2017-01-25,TCS,2322.6,2360.0,2318.05,2353.0,2318.35,2055824,4815099961.1,2342.18,97383.0,1.4945974507731832,2318.3025000000002,2270.811
3381,2017-01-27,TCS,2345.05,2378.75,2345.05,2357.8,2353.0,1435829,3395067791.25,2364.53,92758.0,0.20399490012750454,2318.6075,2275.465
3382,2017-01-30,TCS,2341.0,2351.95,2318.15,2332.9,2357.8,1288978,3006538347.5,2332.5,69978.0,-1.056069217066761,2316.975,2279.465
3383,2017-01-31,TCS,2320.0,2332.05,2200.05,2229.8,2332.9,2333402,5230322456.45,2241.5,110541.0,-4.419392172832094,2310.3975,2281.361
3384,2017-02-01,TCS,2220.0,2239.95,2155.55,2167.9,2229.8,2432076,5291712358.55,2175.8,132666.0,-2.7760337249977614,2300.38,2281.592
3385,2017-02-02,TCS,2170.05,2219.0,2153.0,2207.65,2167.9,3004741,6553591202.1,2181.08,144956.0,1.833571659209373,2291.7875,2281.976
3386,2017-02-03,TCS,2209.7,2243.0,2191.0,2232.55,2207.65,1076686,2391954120.75,2221.59,54554.0,1.1278961791950757,2286.695,2280.62
3387,2017-02-06,TCS,2258.0,2258.5,2214.95,2240.75,2232.55,1204455,2690866087.95,2234.09,64627.0,0.367293005755742,2284.6625,2279.7830000000004
3388,2017-02-07,TCS,2244.0,2252.6,2226.0,2244.6,2240.75,907319,2035275817.5,2243.18,34002.0,0.17181747182862475,2281.7074999999995,2279.478
3389,2017-02-08,TCS,2244.9,2282.6,2244.05,2270.95,2244.6,1106292,2511976963.5,2270.63,58066.0,1.173928539606162,2279.4875,2279.376
3390,2017-02-09,TCS,2275.0,2328.0,2270.2,2317.3,2270.95,2016601,4653944449.75,2307.82,112590.0,2.0409960589180898,2279.1324999999997,2280.453
3391,2017-02-10,TCS,2311.0,2424.45,2311.0,2397.95,2317.3,2891080,6833046948.55,2363.49,145483.0,3.4803435032149324,2281.8125,2283.975
3336,2017-02-10,TCS,2311.0,2424.45,2311.0,2397.95,2317.3,2891080,6833046948.55,2363.49,145483.0,3.4803435032149324,2289.245,2288.214
3337,2017-02-13,TCS,2396.0,2429.0,2382.35,2414.25,2397.95,1909906,4603667356.8,2410.42,104603.0,0.6797472841385427,2297.0299999999997,2292.8520000000003
3338,2017-02-14,TCS,2419.65,2419.65,2398.0,2406.25,2414.25,1016664,2450097017.95,2409.94,76040.0,-0.33136584860722795,2303.4049999999997,2297.886
3339,2017-02-15,TCS,2397.0,2428.0,2375.1,2413.7,2406.25,962486,2315327647.2,2405.57,57071.0,0.30961038961038206,2309.335,2302.245
3340,2017-02-16,TCS,2460.0,2478.0,2435.6,2447.75,2413.7,2087840,5120936862.5,2452.74,99962.0,1.410697269751841,2317.1725,2307.295
3341,2017-02-17,TCS,2472.0,2475.6,2402.0,2407.9,2447.75,1361662,3296953905.5,2421.27,64946.0,-1.6280257379225782,2323.3,2311.2889999999998
3342,2017-02-20,TCS,2425.0,2555.0,2408.1,2502.2,2407.9,1986974,4925531623.15,2478.91,84695.0,3.916275592840223,2333.075,2317.327
3343,2017-02-21,TCS,2514.0,2525.9,2455.15,2465.35,2502.2,2750556,6849804248.2,2490.33,102552.0,-1.47270402046199,2340.425,2322.482
3344,2017-02-22,TCS,2465.9,2470.0,2400.15,2411.5,2465.35,2252748,5461797325.1,2424.5,101642.0,-2.184274038169019,2343.35,2325.526
3345,2017-02-23,TCS,2415.0,2493.25,2415.0,2481.8,2411.5,2426676,5988140300.35,2467.63,120055.0,2.9151980095376397,2349.55,2329.509
3346,2017-02-27,TCS,2479.1,2502.0,2470.05,2489.85,2481.8,1069946,2663332100.2,2489.22,44416.0,0.32436135063259436,2357.3975,2333.5280000000002
3347,2017-02-28,TCS,2489.5,2490.0,2450.0,2466.25,2489.85,1177414,2903153878.2,2465.7,58003.0,-0.94784826395164,2369.2200000000003,2336.067
3348,2017-03-01,TCS,2479.9,2501.9,2470.0,2479.55,2466.25,565187,1405135909.7,2486.14,36305.0,0.5392802838317357,2384.8025,2339.386
3349,2017-03-02,TCS,2486.7,2510.0,2470.05,2501.45,2479.55,772471,1929438451.65,2497.75,44956.0,0.8832247786896669,2399.4925,2343.261
3350,2017-03-03,TCS,2492.0,2499.7,2475.4,2494.05,2501.45,506985,1261617129.0,2488.47,33930.0,-0.2958284195166658,2412.5675,2347.38
3351,2017-03-06,TCS,2480.0,2484.0,2454.55,2472.5,2494.05,700347,1728171968.7,2467.59,31798.0,-0.8640564543613872,2424.1549999999997,2350.968
3352,2017-03-07,TCS,2482.9,2505.0,2475.05,2499.8,2472.5,755836,1885463741.35,2494.54,40150.0,1.104145601617803,2436.915,2355.102
3353,2017-03-08,TCS,2502.0,2520.0,2492.2,2512.2,2499.8,895755,2244966605.4,2506.23,58118.0,0.49603968317463937,2448.9775,2358.8779999999997
3354,2017-03-09,TCS,2514.15,2524.0,2504.05,2519.75,2512.2,429234,1080198640.5,2516.57,34781.0,0.30053339702253734,2459.1,2363.005
3355,2017-03-10,TCS,2519.6,2549.55,2513.95,2542.25,2519.75,585710,1486590387.2,2538.1,40437.0,0.8929457287429308,2466.3149999999996,2366.816
3356,2017-03-14,TCS,2556.8,2587.15,2551.05,2567.5,2542.25,1701147,4372097613.2,2570.09,79617.0,0.9932146720424819,2474.7925,2370.855
3357,2017-03-15,TCS,2572.0,2572.15,2493.85,2498.3,2567.5,1511248,3797287201.5,2512.68,80366.0,-2.695228821811093,2478.995,2373.594
3358,2017-03-16,TCS,2506.0,2527.0,2506.0,2520.9,2498.3,785909,1979564854.1,2518.82,38597.0,0.9046151382940362,2484.7275,2376.647
3359,2017-03-17,TCS,2546.0,2546.0,2509.75,2525.75,2520.9,1296576,3275280167.25,2526.1,68693.0,0.19239160617239515,2490.33,2379.572
3360,2017-03-20,TCS,2525.95,2525.95,2466.0,2480.0,2525.75,1743770,4331887420.05,2484.21,53873.0,-1.811343165396417,2491.9425,2382.4840000000004
3361,2017-03-21,TCS,2482.0,2492.0,2465.0,2486.7,2480.0,1686850,4184219726.5,2480.49,35144.0,0.27016129032257336,2495.8825,2386.59
3362,2017-03-22,TCS,2480.15,2496.0,2469.95,2478.95,2486.7,944358,2342413605.15,2480.43,33906.0,-0.31165802066996423,2494.7200000000003,2390.095
3310,2017-03-22,TCS,2480.15,2496.0,2469.95,2478.95,2486.7,944358,2342413605.15,2480.43,33906.0,-0.31165802066996423,2495.4,2393.3669999999997
3311,2017-03-23,TCS,2482.0,2485.05,2447.2,2460.35,2478.95,1310319,3223394959.05,2460.01,44174.0,-0.7503176748219976,2497.8424999999997,2396.0860000000002
3312,2017-03-24,TCS,2469.8,2469.8,2423.3,2427.2,2460.35,2549907,6216581145.75,2437.96,53320.0,-1.3473692767289245,2495.1125,2397.743
3313,2017-03-27,TCS,2426.95,2440.0,2406.0,2412.05,2427.2,1090635,2637809010.95,2418.6,52262.0,-0.6241760052735513,2491.2225,2400.998
3314,2017-03-28,TCS,2410.0,2443.4,2410.0,2429.95,2412.05,576579,1402176401.25,2431.89,35869.0,0.7421073360833994,2489.4075000000003,2404.426
3315,2017-03-29,TCS,2436.0,2450.8,2425.6,2444.6,2429.95,858882,2095657290.0,2439.98,58433.0,0.6028930636432887,2487.6600000000003,2407.7430000000004
3316,2017-03-30,TCS,2444.9,2465.0,2435.0,2441.0,2444.6,1493043,3655700075.95,2448.49,63889.0,-0.14726335596825285,2484.6375,2410.661
3317,2017-03-31,TCS,2438.4,2440.85,2415.0,2431.8,2441.0,933522,2265321422.25,2426.64,43625.0,-0.37689471528061524,2481.525,2413.477
3318,2017-04-03,TCS,2435.0,2435.0,2408.2,2411.7,2431.8,598444,1447037676.5,2418.0,29133.0,-0.8265482358746755,2478.485,2416.0040000000004
3319,2017-04-05,TCS,2419.9,2419.9,2395.0,2401.25,2411.7,1452784,3489032404.05,2401.62,96591.0,-0.4333043081643579,2473.5575,2417.895
3320,2017-04-06,TCS,2400.0,2410.0,2392.55,2400.05,2401.25,860352,2064532792.95,2399.64,35993.0,-0.049973971889633234,2467.95,2419.529
3321,2017-04-07,TCS,2394.9,2433.25,2392.15,2429.05,2400.05,1138506,2753948935.3,2418.91,70769.0,1.2083081602466614,2463.415,2421.05
3322,2017-04-10,TCS,2432.0,2449.0,2405.0,2422.25,2429.05,1271632,3096272696.2,2434.88,47017.0,-0.27994483440028745,2457.415,2422.339
3323,2017-04-11,TCS,2417.3,2443.1,2406.0,2419.3,2422.25,778892,1892359268.15,2429.55,36564.0,-0.12178759417895833,2450.005,2424.067
3324,2017-04-12,TCS,2422.5,2428.0,2383.0,2393.25,2419.3,525269,1262434613.7,2403.41,36629.0,-1.0767577398421107,2444.7525,2427.3360000000002
3325,2017-04-13,TCS,2400.0,2409.0,2321.05,2328.65,2393.25,1250236,2926458638.75,2340.72,94763.0,-2.699258330721818,2435.14,2430.551
3326,2017-04-17,TCS,2330.4,2332.9,2295.15,2314.85,2328.65,1135441,2622515682.0,2309.69,30523.0,-0.5926180404955739,2424.5950000000003,2432.695
3327,2017-04-18,TCS,2330.0,2334.2,2302.05,2308.8,2314.85,865310,2007051615.65,2319.46,32093.0,-0.26135602738837194,2416.035,2434.22
3328,2017-04-19,TCS,2263.5,2348.7,2252.8,2299.15,2308.8,2813406,6463724125.8,2297.47,118781.0,-0.4179660429660469,2406.6575000000003,2435.388
3329,2017-04-20,TCS,2305.3,2332.0,2290.95,2325.5,2299.15,634421,1465051937.2,2309.27,58222.0,1.1460757236369923,2398.9849999999997,2437.006
3330,2017-04-21,TCS,2329.1,2335.65,2301.0,2310.8,2325.5,580577,1343353656.6,2313.83,29955.0,-0.6321221242743418,2390.5775000000003,2437.803
3331,2017-04-24,TCS,2300.0,2339.65,2282.5,2328.1,2310.8,1000010,2317273548.35,2317.25,48463.0,0.7486584732560033,2383.965,2438.0190000000002
3332,2017-04-25,TCS,2328.0,2344.45,2302.7,2311.5,2328.1,1574355,3641606876.45,2313.08,83159.0,-0.7130277909024487,2378.18,2436.29
3333,2017-04-26,TCS,2340.0,2343.95,2303.05,2310.35,2311.5,1093719,2529562499.45,2312.81,47332.0,-0.04975124378109846,2373.0950000000003,2434.538
3334,2017-04-27,TCS,2306.05,2327.8,2277.65,2302.65,2310.35,2886593,6659993493.2,2307.22,90044.0,-0.33328283593394153,2366.73,2432.306
3335,2017-04-28,TCS,2294.0,2298.75,2268.0,2273.15,2302.65,1270255,2898077017.4,2281.49,71376.0,-1.2811326080819925,2358.1575000000003,2429.644
3281,2017-05-02,TCS,2294.0,2302.0,2280.0,2289.9,2273.15,1191348,2729841238.2,2291.39,84453.0,0.7368629434925104,2350.6025,2427.1679999999997
3282,2017-05-03,TCS,2295.0,2345.0,2268.5,2337.3,2289.9,1757203,4079634981.5,2321.66,90354.0,2.0699593868727932,2345.8775,2424.959
3283,2017-05-04,TCS,2349.95,2350.0,2308.8,2330.1,2337.3,1354104,3150690119.85,2326.77,64467.0,-0.3080477474008588,2341.7974999999997,2423.4030000000002
3284,2017-05-05,TCS,2308.0,2332.5,2302.5,2320.5,2330.1,841237,1951289536.65,2319.55,44152.0,-0.4119994850006399,2337.7599999999998,2419.769
3285,2017-05-08,TCS,2321.0,2347.4,2317.7,2342.45,2320.5,535891,1252684796.2,2337.57,40124.0,0.9459168282697615,2334.88,2417.311
3286,2017-05-09,TCS,2343.95,2361.0,2332.55,2352.55,2342.45,895135,2103094502.8,2349.47,56506.0,0.4311724903413249,2331.055,2416.132
3287,2017-05-10,TCS,2355.0,2356.15,2316.0,2332.45,2352.55,603194,1405627272.25,2330.31,50299.0,-0.8543920426771104,2326.565,2413.145
3288,2017-05-11,TCS,2347.3,2360.0,2322.75,2349.45,2332.45,1035651,2421728800.85,2338.36,48951.0,0.7288473493536839,2323.0724999999998,2410.337
3289,2017-05-12,TCS,2343.3,2369.9,2320.05,2360.65,2349.45,1157223,2720590465.7,2350.96,43095.0,0.4767073144778681,2321.4425,2408.225
3290,2017-05-15,TCS,2375.1,2377.95,2341.6,2365.1,2360.65,908802,2138043383.0,2352.6,30047.0,0.18850740262215143,2323.2650000000003,2405.936
3291,2017-05-16,TCS,2380.0,2435.0,2373.45,2429.15,2365.1,1800513,4339703206.25,2410.26,58476.0,2.7081307344298415,2328.98,2404.49
3292,2017-05-17,TCS,2433.5,2460.75,2423.0,2455.35,2429.15,1438099,3513728629.8,2443.31,86412.0,1.0785665767861112,2336.3075,2403.716
3293,2017-05-18,TCS,2450.0,2572.0,2442.25,2536.2,2455.35,2569297,6489478324.85,2525.78,111566.0,3.2928095790824083,2348.16,2404.99
3294,2017-05-19,TCS,2536.2,2540.55,2486.0,2507.15,2536.2,893022,2238429862.6,2506.58,63112.0,-1.1454143994952972,2357.2425,2405.137
3295,2017-05-22,TCS,2510.0,2553.75,2510.0,2531.35,2507.15,831970,2105461143.45,2530.69,53261.0,0.9652394152723138,2368.2699999999995,2405.52
3296,2017-05-23,TCS,2533.2,2564.15,2514.0,2521.7,2531.35,1374298,3477645339.05,2530.49,88749.0,-0.38121950737748994,2377.95,2405.559
3297,2017-05-24,TCS,2534.8,2570.0,2529.65,2559.15,2521.7,1267274,3225227837.35,2545.01,58716.0,1.485109251695296,2390.3325,2405.897
3298,2017-05-25,TCS,2577.0,2637.55,2568.0,2624.6,2559.15,2047047,5333377224.3,2605.4,87147.0,2.5574897915323374,2406.045,2407.039
3299,2017-05-26,TCS,2625.0,2626.85,2564.65,2578.25,2624.6,681275,1766542910.7,2593.0,32170.0,-1.7659833879448263,2419.825,2408.6380000000004
3300,2017-05-29,TCS,2579.0,2596.5,2564.0,2572.85,2578.25,874645,2254524743.95,2577.65,41767.0,-0.20944439057500597,2434.81,2409.6769999999997
3301,2017-05-30,TCS,2560.0,2575.95,2525.0,2551.1,2572.85,463817,1184932112.45,2554.74,26766.0,-0.845366033775774,2447.87,2410.1839999999997
3302,2017-05-31,TCS,2533.0,2572.5,2528.0,2546.6,2551.1,1251365,3190589291.1,2549.69,103176.0,-0.17639449649170946,2458.335,2411.5159999999996
3303,2017-06-01,TCS,2530.0,2564.0,2530.0,2553.6,2546.6,540032,1378618493.35,2552.85,38315.0,0.2748763056624519,2469.51,2412.854
3304,2017-06-02,TCS,2556.25,2591.85,2552.5,2564.9,2553.6,677824,1741220234.05,2568.84,43736.0,0.44251253132832796,2481.73,2414.573
3305,2017-06-05,TCS,2565.0,2619.9,2560.15,2603.95,2564.9,750094,1933140402.5,2577.2,39041.0,1.5224765098054398,2494.805,2417.0730000000003
3306,2017-06-06,TCS,2631.0,2708.95,2630.0,2696.0,2603.95,2973360,8007780799.0,2693.18,132494.0,3.535014113174223,2511.9775,2421.786
3307,2017-06-07,TCS,2697.0,2700.0,2576.55,2615.25,2696.0,2463888,6467588528.8,2624.95,109104.0,-2.995178041543027,2526.1175,2425.547
3308,2017-06-08,TCS,2598.0,2604.95,2515.5,2521.6,2615.25,1665357,4235730503.25,2543.44,80468.0,-3.5809196061562028,2534.725,2427.738
3309,2017-06-09,TCS,2520.0,2547.4,2486.0,2507.0,2521.6,1574017,3955950265.4,2513.28,83931.0,-0.5789974619289304,2542.0425,2429.279
3253,2017-06-12,TCS,2497.0,2512.9,2470.4,2487.2,2507.0,813253,2022948074.3,2487.48,44849.0,-0.789788591942568,2548.1475,2430.131
3254,2017-06-13,TCS,2465.0,2481.1,2447.0,2451.55,2487.2,587707,1448635342.35,2464.89,52410.0,-1.4333386941138484,2549.2675,2430.3419999999996
3255,2017-06-14,TCS,2455.0,2476.0,2455.0,2470.2,2451.55,744571,1838650964.0,2469.41,42987.0,0.7607432032795429,2550.0099999999998,2431.11
3256,2017-06-15,TCS,2469.0,2469.7,2405.0,2411.2,2470.2,1498599,3638509043.15,2427.94,65157.0,-2.3884705691846815,2543.76,2431.1
3257,2017-06-16,TCS,2414.95,2435.0,2386.5,2399.7,2411.2,1225213,2944142144.4,2402.96,72001.0,-0.4769409422694095,2538.3875,2431.069
3258,2017-06-19,TCS,2416.9,2446.35,2405.15,2431.7,2399.7,822371,1998776222.2,2430.5,53034.0,1.333500020835938,2533.4049999999997,2431.702
3259,2017-06-20,TCS,2431.0,2449.0,2380.3,2445.0,2431.7,835479,2027828499.2,2427.14,56385.0,0.5469424682321086,2529.5699999999997,2432.021
3260,2017-06-21,TCS,2440.0,2442.15,2397.2,2406.3,2445.0,828909,1999530130.0,2412.24,60134.0,-1.5828220858895632,2521.9275,2431.702
3261,2017-06-22,TCS,2409.0,2431.0,2385.0,2394.85,2406.3,2887941,6939787421.1,2403.02,51314.0,-0.4758342683788502,2510.4399999999996,2431.2129999999997
3262,2017-06-23,TCS,2399.4,2413.95,2354.0,2361.7,2394.85,712378,1701711236.3,2388.78,52090.0,-1.384220306073453,2499.6125,2430.5820000000003
3263,2017-06-27,TCS,2350.6,2384.7,2331.6,2342.85,2361.7,987165,2327075044.5,2357.33,61242.0,-0.7981538722106919,2488.1125,2430.866
3264,2017-06-28,TCS,2349.9,2358.0,2335.0,2350.05,2342.85,894863,2099251693.65,2345.89,46724.0,0.30731801011589616,2478.06,2431.57
3265,2017-06-29,TCS,2359.0,2372.05,2323.1,2333.25,2350.05,1235913,2895151088.6,2342.52,41555.0,-0.7148784068424152,2467.3925,2432.0589999999997
3266,2017-06-30,TCS,2324.4,2377.0,2323.1,2362.35,2333.25,876924,2070428287.85,2361.01,45339.0,1.24718739954998,2457.83,2433.323
3267,2017-07-03,TCS,2357.4,2383.05,2343.1,2373.6,2362.35,737978,1747872336.05,2368.46,39614.0,0.4762207124261858,2448.2650000000003,2434.285
3268,2017-07-04,TCS,2373.3,2380.45,2350.05,2366.85,2373.6,607567,1438053124.65,2366.9,24611.0,-0.28437815975733066,2436.41,2435.406
3269,2017-07-05,TCS,2360.8,2365.0,2345.0,2356.0,2366.85,407928,960433302.45,2354.42,22153.0,-0.4584151931892561,2419.41,2435.964
3270,2017-07-06,TCS,2359.0,2361.9,2340.1,2347.55,2356.0,513394,1205834807.35,2348.75,26826.0,-0.358658743633269,2406.025,2436.685
3271,2017-07-07,TCS,2350.0,2356.45,2325.5,2331.95,2347.55,616045,1443697742.7,2343.49,52731.0,-0.6645225873783461,2396.5425,2437.117
3272,2017-07-10,TCS,2341.0,2444.9,2341.0,2434.95,2331.95,398392,966714360.85,2426.54,12486.0,4.416904307553764,2392.9399999999996,2439.763
3273,2017-07-11,TCS,2426.0,2514.8,2426.0,2475.8,2434.95,1768752,4383194952.65,2478.13,96054.0,1.677652518532223,2392.37,2443.8160000000003
3274,2017-07-12,TCS,2482.5,2483.3,2430.1,2439.45,2475.8,1323225,3246316255.3,2453.34,62259.0,-1.468212295015767,2391.765,2446.8070000000002
3275,2017-07-13,TCS,2445.0,2472.0,2426.6,2446.4,2439.45,1565980,3835873018.25,2449.5,64700.0,0.2849002849002961,2390.575,2448.989
3276,2017-07-14,TCS,2383.0,2425.0,2375.0,2397.45,2446.4,2254216,5401499336.35,2396.18,95561.0,-2.0008992805755508,2389.8875,2450.336
3277,2017-07-17,TCS,2397.7,2422.1,2382.2,2395.45,2397.45,1105911,2657095372.05,2402.63,49251.0,-0.0834219691755824,2389.675,2451.835
3278,2017-07-18,TCS,2396.15,2443.0,2396.15,2408.35,2395.45,954001,2306823902.8,2418.05,67981.0,0.5385209459600531,2388.5075,2453.153
3279,2017-07-19,TCS,2415.5,2460.0,2415.1,2449.6,2408.35,1957788,4780943652.55,2442.01,87419.0,1.7127909149417653,2388.7375,2455.094
3280,2017-07-20,TCS,2449.25,2456.9,2430.5,2444.7,2449.6,591252,1443393893.9,2441.25,23307.0,-0.20003265839321077,2390.6575000000003,2457.339
3226,2017-07-20,TCS,2449.25,2456.9,2430.5,2444.7,2449.6,591252,1443393893.9,2441.25,23307.0,-0.20003265839321077,2393.15,2459.244
3227,2017-07-21,TCS,2434.9,2500.0,2434.55,2491.2,2444.7,1074208,2656704863.2,2473.18,64460.0,1.902073874094981,2399.6249999999995,2461.8549999999996
3228,2017-07-24,TCS,2482.0,2540.0,2482.0,2530.7,2491.2,1135701,2861364170.3,2519.47,68968.0,1.5855812459858702,2409.0175,2465.167
3229,2017-07-25,TCS,2525.75,2580.0,2518.4,2571.5,2530.7,1339416,3418736144.5,2552.41,93466.0,1.6122021575058358,2420.09,2468.014
3230,2017-07-26,TCS,2560.0,2575.0,2547.0,2556.0,2571.5,729913,1868329653.3,2559.66,38234.0,-0.6027610344157106,2431.2275,2470.027
3231,2017-07-27,TCS,2542.2,2584.8,2466.5,2481.7,2556.0,2127652,5318805858.45,2499.85,58582.0,-2.9068857589984423,2437.1949999999997,2468.937
3232,2017-07-28,TCS,2481.0,2493.05,2442.0,2484.3,2481.7,691376,1705908234.75,2467.41,55534.0,0.1047668936616176,2442.73,2468.48
3233,2017-07-31,TCS,2471.0,2519.0,2463.0,2491.8,2484.3,1009831,2514510450.4,2490.03,59801.0,0.30189590629151064,2448.9775,2467.689
3234,2017-08-01,TCS,2500.0,2520.75,2491.0,2501.65,2491.8,873730,2186195097.35,2502.14,42188.0,0.3952965727586447,2456.2599999999998,2467.288
3235,2017-08-02,TCS,2500.0,2508.0,2462.0,2473.8,2501.65,625512,1554089626.75,2484.51,44731.0,-1.1132652449383371,2462.5724999999998,2465.581
3236,2017-08-03,TCS,2480.0,2502.0,2466.45,2489.45,2473.8,941274,2340709563.5,2486.75,39294.0,0.6326299620017639,2470.4474999999998,2462.8779999999997
3237,2017-08-04,TCS,2490.8,2528.3,2488.0,2522.8,2489.45,693945,1742396091.9,2510.86,31371.0,1.3396533370825028,2474.84,2461.769
3238,2017-08-07,TCS,2516.5,2520.0,2481.2,2503.45,2522.8,942760,2348682444.05,2491.28,29848.0,-0.767004915173631,2476.2225,2460.381
3239,2017-08-08,TCS,2512.0,2528.6,2496.3,2503.05,2503.45,536979,1346550397.15,2507.64,24609.0,-0.015977950428394266,2479.4025,2459.42
3240,2017-08-09,TCS,2500.0,2522.85,2493.3,2512.0,2503.05,496473,1246803081.55,2511.32,33860.0,0.35756377219791124,2482.6825,2458.728
3241,2017-08-10,TCS,2509.0,2520.6,2486.35,2511.45,2512.0,763086,1907116797.3,2499.22,37900.0,-0.021894904458605965,2488.3824999999997,2457.885
3242,2017-08-11,TCS,2499.9,2535.0,2483.0,2496.05,2511.45,697368,1746060388.35,2503.79,41945.0,-0.6131915825518978,2493.4125,2456.5080000000003
3243,2017-08-14,TCS,2503.0,2509.9,2463.0,2469.4,2496.05,393252,978120247.85,2487.26,29766.0,-1.0676869453736941,2496.465,2453.817
3244,2017-08-16,TCS,2484.0,2543.8,2465.2,2492.35,2469.4,686670,1708202481.35,2487.66,44396.0,0.9293755568154134,2498.6025,2449.744
3245,2017-08-17,TCS,2500.7,2505.0,2462.1,2485.65,2492.35,876187,2172977684.8,2480.04,40452.0,-0.26882259714726336,2500.65,2447.152
3246,2017-08-18,TCS,2474.0,2549.9,2471.4,2513.8,2485.65,1418678,3576281721.8,2520.86,77980.0,1.1325005531752295,2504.105,2446.996
3247,2017-08-21,TCS,2505.5,2549.0,2494.3,2528.8,2513.8,1152417,2920941547.7,2534.62,54265.0,0.5967061818760442,2505.985,2447.4320000000002
3248,2017-08-22,TCS,2523.0,2539.5,2492.0,2497.55,2528.8,565663,1423251637.7,2516.08,35029.0,-1.2357639987345777,2504.3275000000003,2447.639
3249,2017-08-23,TCS,2505.0,2516.8,2473.15,2489.45,2497.55,781136,1943093967.15,2487.52,39129.0,-0.3243178314748599,2500.225,2448.397
3250,2017-08-24,TCS,2497.7,2517.95,2486.15,2496.6,2489.45,811954,2026487435.65,2495.82,42614.0,0.28721203478680396,2497.255,2448.925
3251,2017-08-28,TCS,2504.6,2505.4,2461.0,2487.3,2496.6,1018398,2525378754.95,2479.76,54931.0,-0.3725066089882131,2497.5350000000003,2450.4469999999997
3198,2017-08-29,TCS,2482.0,2496.0,2463.95,2470.85,2487.3,656301,1623010550.65,2472.97,23498.0,-0.6613597073131617,2496.8625,2451.87
3252,2017-08-29,TCS,2482.0,2496.0,2463.95,2470.85,2487.3,656301,1623010550.65,2472.97,23498.0,-0.6613597073131617,2495.815,2452.653
3199,2017-08-30,TCS,2481.0,2490.0,2460.1,2484.55,2470.85,485391,1203020937.15,2478.46,24262.0,0.5544650626302801,2494.96,2453.444
3200,2017-08-31,TCS,2485.0,2504.4,2466.65,2496.35,2484.55,892332,2221830190.8,2489.91,47192.0,0.4749350989112606,2496.0875,2455.245
3201,2017-09-01,TCS,2480.0,2498.05,2436.55,2456.45,2496.35,851165,2087770465.35,2452.84,40185.0,-1.5983335670078351,2494.4375,2456.4770000000003
3202,2017-09-04,TCS,2453.1,2461.0,2438.0,2456.2,2456.45,531272,1302711213.65,2452.06,29763.0,-0.010177288363288487,2491.1075,2458.3669999999997
3203,2017-09-05,TCS,2460.0,2490.0,2437.05,2484.35,2456.2,582997,1435996999.1,2463.13,27861.0,1.1460793095024875,2490.1525,2461.197
3204,2017-09-06,TCS,2468.15,2474.85,2450.0,2453.2,2484.35,614382,1508166251.5,2454.77,37430.0,-1.2538490953368122,2487.66,2463.26
3205,2017-09-07,TCS,2458.0,2468.4,2451.05,2460.1,2453.2,435318,1070273154.6,2458.6,35496.0,0.2812652861568601,2485.0649999999996,2465.797
3206,2017-09-08,TCS,2453.75,2474.0,2452.55,2470.6,2460.1,510567,1259126114.1,2466.13,26980.0,0.4268119182147067,2483.0225,2467.962
3207,2017-09-11,TCS,2471.2,2482.95,2450.0,2454.45,2470.6,366382,902539941.4,2463.39,17519.0,-0.6536873633935114,2480.9425,2469.5789999999997
3208,2017-09-12,TCS,2473.9,2497.0,2457.0,2488.45,2454.45,698230,1724359523.25,2469.62,25758.0,1.3852390555929028,2481.8949999999995,2472.011
3209,2017-09-13,TCS,2500.0,2531.65,2475.2,2489.2,2488.45,639490,1601590314.25,2504.48,32185.0,0.030139243304064783,2481.7375,2474.675
3210,2017-09-14,TCS,2482.0,2497.6,2471.9,2486.95,2489.2,540755,1343342208.35,2484.2,38222.0,-0.09039048690342279,2481.8025,2477.463
3211,2017-09-15,TCS,2499.0,2517.0,2485.0,2506.05,2486.95,1472036,3685085664.3,2503.39,57885.0,0.7680090070166414,2481.415,2480.945
3212,2017-09-18,TCS,2504.95,2518.95,2489.25,2499.05,2506.05,363300,909233455.5,2502.71,34868.0,-0.27932403583328347,2479.9275,2482.227
3213,2017-09-19,TCS,2505.0,2505.0,2491.5,2498.25,2499.05,391377,977092538.35,2496.55,14036.0,-0.03201216462256384,2479.9624999999996,2482.676
3214,2017-09-20,TCS,2514.0,2514.0,2474.3,2493.55,2498.25,667321,1658884673.5,2485.89,21548.0,-0.1881316921845219,2480.1675,2483.758
3215,2017-09-21,TCS,2491.05,2541.0,2480.0,2524.9,2493.55,1219370,3060544846.35,2509.94,44213.0,1.2572436887168859,2481.5825,2485.328
3216,2017-09-22,TCS,2519.9,2526.9,2492.0,2503.6,2524.9,1217698,3054249815.6,2508.22,47174.0,-0.8435977662481754,2482.3975,2487.451
3217,2017-09-25,TCS,2496.55,2534.0,2492.75,2510.75,2503.6,799779,2011528454.3,2515.11,50797.0,0.2855887521968402,2484.3925,2489.7569999999996
3218,2017-09-26,TCS,2510.0,2526.4,2466.0,2474.65,2510.75,724615,1801238877.8,2485.79,30740.0,-1.4378173852434495,2484.5825,2491.083
3219,2017-09-27,TCS,2490.0,2512.2,2473.75,2495.0,2474.65,1005178,2508634483.15,2495.71,37197.0,0.8223385125169178,2485.105,2491.991
3220,2017-09-28,TCS,2494.7,2514.0,2452.0,2476.45,2495.0,2166433,5373819970.55,2480.49,89294.0,-0.7434869739479031,2484.1099999999997,2492.626
3221,2017-09-29,TCS,2479.0,2484.0,2421.5,2435.95,2476.45,992507,2437024636.75,2455.42,60239.0,-1.6354055199983848,2483.085,2492.451
3222,2017-10-03,TCS,2440.0,2454.3,2427.05,2448.45,2435.95,961503,2346905981.25,2440.87,57917.0,0.5131468215685873,2482.6974999999998,2491.596
3223,2017-10-04,TCS,2449.6,2454.0,2425.0,2442.3,2448.45,650389,1587250045.75,2440.46,31490.0,-0.25117931752740047,2480.5950000000003,2489.828
3224,2017-10-05,TCS,2441.0,2443.45,2424.4,2429.6,2442.3,842343,2051077540.9,2434.97,21566.0,-0.5200016378004452,2479.415,2486.99
3225,2017-10-06,TCS,2430.0,2455.0,2428.05,2446.65,2429.6,694594,1697239802.7,2443.5,31692.0,0.7017616068488716,2478.7425000000003,2484.803
3169,2017-10-09,TCS,2441.05,2467.95,2441.05,2454.1,2446.65,886808,2179528945.15,2457.72,30973.0,0.304497987043501,2477.9175,2484.251
3170,2017-10-10,TCS,2455.0,2469.95,2451.25,2459.25,2454.1,611005,1502919509.2,2459.75,32806.0,0.20985289922986397,2478.1575000000003,2483.75
3171,2017-10-11,TCS,2460.0,2514.45,2456.75,2500.35,2459.25,763873,1905365312.25,2494.35,39551.0,1.6712412320829484,2478.7525,2483.9210000000003
3172,2017-10-12,TCS,2513.0,2555.0,2507.0,2548.2,2500.35,2503178,6331734420.6,2529.48,55773.0,1.9137320775091453,2481.7025,2484.852
3173,2017-10-13,TCS,2548.2,2608.95,2523.0,2558.6,2548.2,2033160,5209287767.45,2562.16,83968.0,0.4081312298877675,2485.285,2486.548
3174,2017-10-16,TCS,2555.05,2590.0,2555.05,2584.4,2558.6,609295,1570677294.85,2577.86,50285.0,1.0083639490346354,2489.2025,2488.4469999999997
3175,2017-10-17,TCS,2585.0,2614.95,2577.55,2594.55,2584.4,721508,1874743480.55,2598.37,33284.0,0.3927410617551498,2493.9775,2489.8819999999996
3176,2017-10-18,TCS,2595.0,2613.65,2580.0,2586.6,2594.55,757072,1959481782.4,2588.24,27424.0,-0.30641151644794945,2498.395,2491.545
3177,2017-10-19,TCS,2592.0,2595.8,2571.0,2583.9,2586.6,43411,112085629.85,2581.96,2351.0,-0.10438413361168399,2502.9125,2493.162
3178,2017-10-23,TCS,2584.0,2629.0,2547.45,2587.9,2583.9,943044,2451028659.0,2599.06,58735.0,0.15480475250590195,2506.0625,2494.68
3179,2017-10-24,TCS,2620.0,2620.9,2569.05,2578.4,2587.9,669510,1728088702.65,2581.12,44454.0,-0.36709300977626647,2509.8025000000002,2496.019
3180,2017-10-25,TCS,2578.5,2614.0,2555.0,2559.9,2578.4,552553,1425951632.8,2580.66,38719.0,-0.7174992243251629,2512.2599999999998,2497.296
3181,2017-10-26,TCS,2535.1,2569.15,2517.9,2538.85,2559.9,1503776,3821328694.9,2541.16,52192.0,-0.8222977460057105,2515.4700000000003,2498.685
3182,2017-10-27,TCS,2538.0,2593.15,2530.3,2584.3,2538.85,704635,1809074619.3,2567.39,34346.0,1.7901805935758426,2519.935,2500.524
3183,2017-10-30,TCS,2586.0,2620.0,2581.7,2616.2,2584.3,568626,1482289818.2,2606.79,21542.0,1.2343768138373887,2526.9225,2503.135
3184,2017-10-31,TCS,2601.3,2640.0,2601.3,2624.0,2616.2,796317,2092579456.5,2627.82,45128.0,0.29814234385751026,2536.325,2505.339
3185,2017-11-01,TCS,2624.0,2626.85,2578.85,2602.85,2624.0,370941,962175485.8,2593.88,28138.0,-0.8060213414634181,2544.045,2506.82
3186,2017-11-02,TCS,2608.5,2674.0,2606.75,2626.15,2602.85,734211,1938158858.65,2639.78,29980.0,0.8951725992661961,2553.2375,2509.3920000000003
3187,2017-11-03,TCS,2632.4,2636.7,2602.8,2620.1,2626.15,333443,873540922.05,2619.76,29606.0,-0.2303752641699896,2562.7625,2512.005
3188,2017-11-06,TCS,2620.0,2671.8,2611.75,2665.55,2620.1,688500,1818752068.85,2641.62,61866.0,1.7346666157780342,2573.7074999999995,2515.384
3189,2017-11-07,TCS,2670.0,2768.0,2666.05,2710.05,2665.55,1348446,3665665142.25,2718.44,61294.0,1.669449081803005,2586.505,2519.839
3190,2017-11-08,TCS,2723.0,2759.0,2718.25,2735.0,2710.05,701126,1921934581.1,2741.21,48744.0,0.9206472205309797,2600.2925,2525.122
3191,2017-11-09,TCS,2750.0,2750.0,2719.3,2736.4,2735.0,576216,1574462789.6,2732.42,27786.0,0.05118829981718796,2612.0950000000003,2530.433
3192,2017-11-10,TCS,2722.2,2726.0,2693.35,2708.75,2736.4,678283,1836006500.8,2706.84,22485.0,-1.0104516883496597,2620.1225000000004,2534.917
3193,2017-11-13,TCS,2702.05,2777.4,2702.05,2758.95,2708.75,748498,2063808990.25,2757.27,44504.0,1.8532533456391258,2630.1400000000003,2540.169
3194,2017-11-14,TCS,2756.55,2756.55,2707.5,2714.6,2758.95,828626,2252715046.95,2718.61,50733.0,-1.6074956052121245,2636.65,2545.332
3195,2017-11-15,TCS,2706.0,2755.0,2701.35,2705.3,2714.6,3335417,9128129058.75,2736.73,47448.0,-0.3425919104103635,2642.1875,2550.314
3196,2017-11-16,TCS,2710.0,2763.0,2686.95,2746.65,2705.3,826741,2260313403.15,2734.0,45075.0,1.5284811296344178,2650.19,2555.56
3197,2017-11-17,TCS,2748.1,2748.1,2703.6,2707.3,2746.65,662732,1802558457.2,2719.89,34043.0,-1.4326543243587608,2656.3599999999997,2560.642
3141,2017-11-17,TCS,2748.1,2748.1,2703.6,2707.3,2746.65,662732,1802558457.2,2719.89,34043.0,-1.4326543243587608,2662.33,2565.5860000000002
3142,2017-11-20,TCS,2715.0,2726.9,2695.3,2703.45,2707.3,507249,1374632868.45,2709.98,27013.0,-0.1422081040150838,2668.5824999999995,2570.243
3143,2017-11-21,TCS,2701.0,2701.0,2666.0,2672.95,2703.45,763870,2046044818.55,2678.52,38552.0,-1.1281880560025155,2674.235,2574.6130000000003
3144,2017-11-22,TCS,2673.0,2709.7,2672.4,2680.65,2672.95,911312,2452235277.45,2690.88,67085.0,0.288071232159235,2681.325,2578.4570000000003
3145,2017-11-23,TCS,2681.0,2693.0,2669.0,2681.25,2680.65,396735,1064937717.75,2684.25,31522.0,0.02238263107827986,2686.1725,2582.298
3146,2017-11-24,TCS,2682.0,2702.9,2673.1,2688.05,2681.25,1143756,3074710398.85,2688.26,47991.0,0.2536130536130604,2689.765,2586.32
3147,2017-11-27,TCS,2688.0,2695.9,2662.2,2685.85,2688.05,928393,2486839610.35,2678.65,40042.0,-0.08184371570470314,2692.8574999999996,2589.9159999999997
3148,2017-11-28,TCS,2686.0,2702.4,2670.0,2685.3,2685.85,455858,1221342323.8,2679.22,29742.0,-0.020477688627426223,2696.98,2593.641
3149,2017-11-29,TCS,2677.5,2693.0,2650.0,2658.15,2685.3,723766,1935855717.7,2674.7,41795.0,-1.0110602167355636,2698.58,2596.8390000000004
3150,2017-11-30,TCS,2653.65,2666.95,2623.0,2637.0,2658.15,2149981,5678900013.45,2641.37,86807.0,-0.7956661587946537,2699.425,2599.708
3151,2017-12-01,TCS,2635.0,2668.0,2621.5,2629.95,2637.0,515572,1365104150.75,2647.75,37693.0,-0.26734926052332886,2697.645,2601.8089999999997
3152,2017-12-04,TCS,2622.0,2658.5,2602.95,2632.35,2629.95,629552,1655623148.7,2629.84,37609.0,0.09125648776593057,2693.7599999999998,2604.384
3153,2017-12-05,TCS,2631.0,2651.7,2628.15,2635.55,2632.35,583957,1542308264.4,2641.13,33907.0,0.12156438163619097,2688.7875,2606.88
3154,2017-12-06,TCS,2636.0,2645.0,2612.85,2633.3,2635.55,703759,1849107519.6,2627.47,61422.0,-0.08537117489708029,2683.6325,2610.053
3155,2017-12-07,TCS,2632.3,2645.95,2615.0,2617.25,2633.3,663150,1739856624.75,2623.62,52980.0,-0.6095013860935018,2679.0575,2612.498
3156,2017-12-08,TCS,2618.0,2645.0,2597.0,2601.5,2617.25,692774,1816237017.45,2621.69,67356.0,-0.6017766739898749,2671.1850000000004,2614.999
3157,2017-12-11,TCS,2608.35,2672.65,2608.35,2661.1,2601.5,504001,1328268598.35,2635.45,47999.0,2.2909859696329007,2668.51,2619.502
3158,2017-12-12,TCS,2661.0,2662.0,2607.4,2612.15,2661.1,941123,2469638199.8,2624.14,57531.0,-1.839464882943137,2663.8525,2622.7760000000003
3159,2017-12-13,TCS,2611.4,2651.45,2601.0,2628.4,2612.15,1480729,3897385719.95,2632.07,48513.0,0.6220929119690676,2657.94,2626.498
3160,2017-12-14,TCS,2632.0,2632.0,2531.1,2557.8,2628.4,2752075,7041999539.3,2558.8,118270.0,-2.686044742048391,2650.465,2629.062
3161,2017-12-15,TCS,2563.75,2584.45,2536.85,2545.6,2557.8,1359069,3469591950.6,2552.92,97835.0,-0.47697239815467485,2642.38,2631.0409999999997
3162,2017-12-18,TCS,2537.0,2588.95,2494.35,2580.5,2545.6,1090332,2778774407.9,2548.56,71724.0,1.3709930861093689,2636.2325,2633.5689999999995
3163,2017-12-19,TCS,2576.0,2597.8,2564.7,2575.3,2580.5,900976,2327386545.0,2583.18,76762.0,-0.20151133501258742,2631.35,2635.89
3164,2017-12-20,TCS,2582.0,2592.75,2550.65,2588.95,2575.3,788785,2030019887.05,2573.6,68386.0,0.5300353356890317,2626.765,2637.6620000000003
3165,2017-12-21,TCS,2587.0,2608.0,2580.05,2595.7,2588.95,646824,1678569250.7,2595.09,40095.0,0.260723459317484,2622.4875,2638.612
3166,2017-12-22,TCS,2604.0,2663.9,2590.2,2646.75,2595.7,1832832,4831948536.4,2636.33,85852.0,1.966714181145748,2620.4225,2640.375
3167,2017-12-26,TCS,2686.0,2689.75,2631.6,2649.45,2646.75,1087893,2886838516.3,2653.61,52053.0,0.10201190138848845,2618.6025,2641.6760000000004
3138,2017-12-27,TCS,2649.45,2658.5,2610.5,2619.9,2649.45,369642,972974332.2,2632.21,20483.0,-1.1153258223404756,2615.3325,2642.183
3168,2017-12-27,TCS,2649.45,2658.5,2610.5,2619.9,2649.45,369642,972974332.2,2632.21,20483.0,-1.1153258223404756,2613.42,2642.849
3139,2017-12-28,TCS,2608.8,2653.5,2605.65,2626.95,2619.9,1302544,3426257490.45,2630.44,47992.0,0.26909424023816664,2612.9175,2643.71
3140,2017-12-29,TCS,2623.1,2708.9,2618.55,2701.2,2626.95,1304771,3494069339.55,2677.92,51608.0,2.826471763832582,2616.48,2645.9759999999997
3614,2018-01-01,TCS,2682.3,2694.8,2635.0,2645.6,2701.2,675880,1794417716.9,2654.94,19464.0,-2.0583444395083634,2617.1425000000004,2647.32
3615,2018-01-02,TCS,2660.0,2669.6,2620.2,2631.2,2645.6,960145,2535800011.0,2641.06,46813.0,-0.5442999697611163,2616.925,2648.7460000000005
3616,2018-01-03,TCS,2632.0,2669.0,2631.2,2638.65,2631.2,628560,1665185619.4,2649.21,32104.0,0.2831407722712175,2617.1925,2650.742
3617,2018-01-04,TCS,2650.0,2662.0,2640.0,2657.1,2638.65,456541,1209807238.4,2649.94,32647.0,0.6992211926553282,2619.185,2652.198
3618,2018-01-05,TCS,2650.0,2699.5,2650.0,2689.2,2657.1,576853,1548821282.25,2684.95,30836.0,1.2080840013548573,2623.5699999999997,2653.658
3619,2018-01-08,TCS,2700.0,2726.85,2681.85,2714.4,2689.2,621110,1683046447.75,2709.74,43815.0,0.9370816599732366,2626.2349999999997,2655.466
3620,2018-01-09,TCS,2715.0,2721.0,2676.55,2709.0,2714.4,1074698,2905511380.05,2703.56,47403.0,-0.19893899204244367,2631.0775,2657.5889999999995
3621,2018-01-10,TCS,2711.0,2816.0,2694.65,2806.6,2709.0,1682925,4650423556.8,2763.3,70764.0,3.602805463270576,2639.9874999999997,2661.198
3622,2018-01-11,TCS,2810.0,2821.9,2782.2,2790.5,2806.6,1260524,3525161028.5,2796.58,71604.0,-0.5736478301147263,2651.6225,2664.6059999999998
3623,2018-01-12,TCS,2805.0,2805.0,2740.55,2776.35,2790.5,1680157,4644422667.9,2764.28,90884.0,-0.5070775846622502,2663.1600000000003,2666.822
3624,2018-01-15,TCS,2777.15,2808.0,2735.05,2746.1,2776.35,728607,2017014657.0,2768.32,49926.0,-1.0895600338574027,2671.44,2667.5429999999997
3625,2018-01-16,TCS,2756.0,2861.65,2750.55,2850.85,2746.1,2133876,6048464571.5,2834.5,85776.0,3.814500564436838,2685.2174999999997,2669.86
3626,2018-01-17,TCS,2870.0,2925.0,2862.15,2888.95,2850.85,2140403,6207945519.55,2900.36,94873.0,1.3364435168458497,2700.2174999999997,2672.9109999999996
3627,2018-01-18,TCS,2897.0,2933.0,2868.05,2918.2,2888.95,1104739,3199711974.1,2896.35,51786.0,1.0124785821838385,2716.3424999999997,2677.1
3628,2018-01-19,TCS,2930.55,2982.0,2903.65,2959.3,2918.2,910000,2667000913.1,2930.77,44039.0,1.4084024398602002,2731.97,2681.107
3629,2018-01-22,TCS,2961.0,3134.7,2922.0,3116.4,2959.3,2183555,6664565989.3,3052.16,97757.0,5.308687865373565,2755.3175,2689.143
3630,2018-01-23,TCS,3114.95,3142.35,3090.05,3102.0,3116.4,1619805,5040878629.55,3112.03,68887.0,-0.46207162110127364,2779.4224999999997,2697.0769999999993
3631,2018-01-24,TCS,3090.0,3259.05,3082.65,3174.6,3102.0,2810769,8965187783.2,3189.59,111512.0,2.3404255319148906,2807.1575,2705.636
3632,2018-01-25,TCS,3175.0,3179.8,3081.0,3121.05,3174.6,1916922,5986662027.05,3123.06,72537.0,-1.6868266868266781,2831.8625,2713.9110000000005
3633,2018-01-29,TCS,3131.4,3225.0,3122.0,3198.85,3121.05,1570530,5019638549.6,3196.14,94269.0,2.4927508370580322,2856.745,2723.7419999999997
3634,2018-01-30,TCS,3180.0,3203.8,3143.7,3152.85,3198.85,787379,2493202689.95,3166.46,45149.0,-1.4380167872829297,2882.1074999999996,2732.73
3635,2018-01-31,TCS,3137.0,3150.0,3098.6,3112.35,3152.85,1521607,4746105492.1,3119.14,92438.0,-1.2845520719349162,2906.165,2741.518
3636,2018-02-01,TCS,3124.0,3190.0,3088.8,3138.6,3112.35,1200315,3776473823.35,3146.24,66084.0,0.8434141404405031,2931.1625,2750.677
3637,2018-02-02,TCS,3120.0,3190.0,3103.45,3153.65,3138.6,1228245,3890162746.1,3167.25,52829.0,0.479513158733199,2955.9900000000002,2760.125
3638,2018-02-05,TCS,3110.0,3188.0,3076.85,3103.2,3153.65,1378871,4300356206.7,3118.75,75866.0,-1.5997336419704238,2976.69,2768.4280000000003
3639,2018-02-06,TCS,3010.0,3077.15,2985.0,2997.25,3103.2,1328653,4013743636.45,3020.91,53630.0,-3.414217581850987,2990.8325,2774.6560000000004
3640,2018-02-07,TCS,3027.0,3031.0,2947.45,2955.05,2997.25,1090162,3243512073.4,2975.26,55520.0,-1.4079572941863314,3003.1349999999998,2780.051
3641,2018-02-08,TCS,2979.75,3027.6,2959.0,2974.2,2955.05,1377502,4132716046.7,3000.15,63513.0,0.6480431803184256,3011.5150000000003,2786.3720000000003
3642,2018-02-09,TCS,2950.0,2994.0,2896.65,2971.7,2974.2,1051229,3091037411.75,2940.4,71919.0,-0.08405621679779438,3020.575,2793.066
3587,2018-02-12,TCS,2978.3,3023.35,2955.55,2967.3,2971.7,987281,2943408236.55,2981.33,49385.0,-0.14806339805497312,3030.1225,2799.8130000000006
3588,2018-02-14,TCS,2970.0,2974.45,2892.5,2911.8,2967.3,1423766,4185366948.8,2939.65,81932.0,-1.870387220705692,3038.4075,2805.402
3589,2018-02-15,TCS,2931.95,2943.0,2905.1,2925.85,2911.8,1232618,3605953705.8,2925.44,42920.0,0.48251940380519703,3042.1575000000003,2811.208
3590,2018-02-16,TCS,2923.0,2999.6,2923.0,2933.05,2925.85,1257878,3730256378.25,2965.52,52987.0,0.2460823350479441,3044.3625,2817.203
3591,2018-02-19,TCS,2945.0,2953.3,2895.2,2923.6,2933.05,784112,2295955130.95,2928.1,37241.0,-0.3221902115545345,3044.6324999999997,2823.33
3592,2018-02-20,TCS,2928.0,2985.05,2927.9,2944.75,2923.6,944534,2795126450.6,2959.27,60862.0,0.7234231769051885,3043.905,2830.195
3593,2018-02-21,TCS,2974.0,3062.6,2960.05,3042.3,2944.75,1544614,4658937571.85,3016.25,96721.0,3.3126750997538057,3040.2,2837.8189999999995
3594,2018-02-22,TCS,3052.0,3079.0,3022.5,3050.2,3042.3,1731505,5277341721.25,3047.84,83526.0,0.2596719587154336,3037.6099999999997,2846.58
3595,2018-02-23,TCS,3050.0,3089.0,2992.1,3075.8,3050.2,1681250,5118935937.45,3044.72,86645.0,0.8392892269359506,3032.67,2855.528
3596,2018-02-26,TCS,3075.0,3089.95,3021.2,3031.7,3075.8,681941,2075893518.85,3044.1,45004.0,-1.4337733272644633,3028.2025000000003,2865.006
3597,2018-02-27,TCS,3041.0,3078.55,3032.0,3042.35,3031.7,858900,2623442712.9,3054.42,49207.0,0.35128805620609205,3020.3775,2874.9410000000003
3598,2018-02-28,TCS,3035.0,3063.95,3021.45,3035.05,3042.35,1353432,4114652090.6,3040.16,80437.0,-0.23994609430209304,3014.4875,2884.032
3599,2018-03-01,TCS,3049.0,3061.2,3020.0,3037.7,3035.05,859062,2613481022.1,3042.25,77493.0,0.0873132238348507,3010.755,2893.28
3600,2018-03-05,TCS,3049.0,3113.65,3032.95,3105.85,3037.7,1429084,4395522746.95,3075.76,81638.0,2.243473680745304,3009.1175,2903.6180000000004
3601,2018-03-06,TCS,3122.0,3127.0,3030.15,3042.8,3105.85,953382,2943402642.6,3087.33,60270.0,-2.030040085644823,3003.575,2912.56
3602,2018-03-07,TCS,3070.0,3089.0,3018.5,3027.45,3042.8,958886,2920078406.6,3045.28,54736.0,-0.504469567503627,2999.7875,2920.1740000000004
3603,2018-03-08,TCS,3054.9,3054.9,2987.5,3003.95,3027.45,975913,2944917233.45,3017.6,43364.0,-0.7762308213182711,3000.1225,2927.2639999999997
3604,2018-03-09,TCS,3005.0,3063.2,2977.2,3034.1,3003.95,936218,2837381323.25,3030.68,53978.0,1.0036784899881852,3004.075,2935.548
3605,2018-03-12,TCS,3043.0,3083.9,3035.5,3052.15,3034.1,1045670,3200669042.95,3060.88,46166.0,0.5949045845555578,3007.9725,2944.1929999999998
3606,2018-03-13,TCS,2924.9,2939.7,2872.0,2886.8,3052.15,44033577,126836155551.95,2880.44,216131.0,-5.417492587192632,3003.7275,2949.39
3607,2018-03-14,TCS,2892.95,2923.05,2875.05,2886.9,2886.8,1834334,5318879502.8,2899.62,75794.0,0.003464043231256375,2999.7075,2953.1040000000003
3608,2018-03-15,TCS,2895.0,2902.55,2855.6,2869.7,2886.9,1174453,3378809879.5,2876.92,53254.0,-0.5957947971873038,2997.6025,2957.586
3609,2018-03-16,TCS,2868.8,2872.0,2805.0,2825.7,2869.7,3598741,10199978559.75,2834.32,151066.0,-1.5332613165139215,2992.595,2961.4759999999997
3610,2018-03-19,TCS,2829.0,2848.0,2820.0,2831.0,2825.7,1744970,4942594052.45,2832.48,93179.0,0.18756414339810248,2987.4925,2965.323
3611,2018-03-20,TCS,2820.0,2873.2,2819.0,2864.85,2831.0,2012492,5740162500.35,2852.27,79442.0,1.195690568703635,2984.5550000000003,2969.478
3612,2018-03-21,TCS,2872.5,2884.3,2850.0,2856.75,2864.85,1953839,5599239431.2,2865.76,88110.0,-0.2827373160898444,2980.155,2972.829
3561,2018-03-22,TCS,2859.95,2875.95,2822.55,2831.35,2856.75,1163047,3307211011.7,2843.57,72687.0,-0.8891222543099708,2969.6075,2975.1680000000006
3613,2018-03-22,TCS,2859.95,2875.95,2822.55,2831.35,2856.75,1163047,3307211011.7,2843.57,72687.0,-0.8891222543099708,2958.665,2977.615
3562,2018-03-23,TCS,2802.0,2834.1,2798.05,2818.15,2831.35,1827061,5146438888.6,2816.79,77575.0,-0.4662086990304914,2945.7825000000003,2977.8460000000005
3563,2018-03-26,TCS,2819.0,2827.4,2781.55,2817.0,2818.15,1482105,4168164807.6,2812.33,76911.0,-0.040806912336110245,2935.0474999999997,2978.376
3564,2018-03-27,TCS,2825.0,2863.0,2823.05,2847.7,2817.0,1247287,3549278192.6,2845.6,101404.0,1.089811856585013,2925.3149999999996,2979.803
3565,2018-03-28,TCS,2835.9,2875.0,2825.0,2849.15,2847.7,3432827,9798420780.5,2854.33,127771.0,0.05091828493170885,2916.02,2981.8639999999996
3566,2018-04-02,TCS,2840.0,2914.0,2840.0,2909.65,2849.15,831494,2402139242.2,2888.94,67851.0,2.1234403243072495,2909.6175,2983.04
3567,2018-04-03,TCS,2892.1,2929.9,2892.1,2911.25,2909.65,968645,2816742760.65,2907.92,49338.0,0.05498943171858845,2899.8875,2983.4860000000003
3568,2018-04-04,TCS,2929.45,2934.0,2892.0,2910.9,2911.25,1420910,4141824122.7,2914.91,73678.0,-0.012022327179043677,2893.2925,2983.34
3569,2018-04-05,TCS,2926.55,2963.75,2920.35,2957.95,2910.9,904712,2668499201.95,2949.56,50519.0,1.6163385894396827,2889.8175,2983.313
3570,2018-04-06,TCS,2954.0,2960.0,2926.55,2950.3,2957.95,564509,1661739852.0,2943.69,35618.0,-0.25862506127553325,2887.135,2979.9910000000004
3571,2018-04-09,TCS,2939.7,2963.5,2915.0,2923.9,2950.3,617933,1814796241.2,2936.88,61304.0,-0.8948242551604951,2881.625,2976.429
3572,2018-04-10,TCS,2925.7,2957.25,2925.7,2937.6,2923.9,592266,1743380856.55,2943.58,56834.0,0.46855227606962685,2875.8975,2971.6890000000003
3573,2018-04-11,TCS,2950.6,3025.0,2945.6,3014.15,2937.6,1562208,4667384473.9,2987.68,79572.0,2.6058687363834485,2882.265,2969.551
3574,2018-04-12,TCS,3010.0,3150.0,3007.95,3139.25,3014.15,3057180,9527046571.4,3116.29,138550.0,4.150423834248458,2894.8824999999997,2968.3590000000004
3575,2018-04-13,TCS,3150.0,3240.8,3132.1,3153.3,3139.25,4089559,13010404291.35,3181.37,147501.0,0.447559130365539,2909.0625,2968.368
3576,2018-04-16,TCS,3116.0,3199.95,3110.75,3187.65,3153.3,3135137,9936460532.7,3169.39,142448.0,1.089334982399388,2927.1600000000003,2969.8740000000003
3577,2018-04-17,TCS,3187.65,3194.95,3147.2,3166.6,3187.65,1650862,5226319906.4,3165.81,119475.0,-0.6603610810471722,2943.94,2970.4339999999997
3578,2018-04-18,TCS,3166.0,3193.45,3145.85,3159.1,3166.6,1216533,3852231610.8,3166.57,57846.0,-0.23684709151771616,2958.6524999999997,2970.5429999999997
3579,2018-04-19,TCS,3179.9,3217.2,3165.75,3191.15,3159.1,2410476,7690774760.8,3190.56,108523.0,1.0145294545915033,2975.3725,2972.3019999999997
3580,2018-04-20,TCS,3250.0,3422.35,3240.0,3402.45,3191.15,9232831,30939850872.2,3351.07,287034.0,6.621437412844891,3003.9275,2980.406
3581,2018-04-23,TCS,3424.0,3557.9,3389.55,3408.65,3402.45,7592955,26408656911.8,3478.05,296796.0,0.18222163441050634,3032.7925,2989.478
3582,2018-04-24,TCS,3410.0,3443.15,3342.5,3385.65,3408.65,4157168,14074937538.35,3385.7,191406.0,-0.6747539348422396,3061.1675,2997.7069999999994
3583,2018-04-25,TCS,3385.0,3483.0,3365.05,3470.25,3385.65,4098287,14119584532.15,3445.24,186272.0,2.498781622435866,3093.83,3007.678
3584,2018-04-26,TCS,3467.0,3560.0,3467.0,3539.25,3470.25,6067517,21411274498.95,3528.84,155107.0,1.988329371082775,3128.4075000000003,3019.1169999999997
3585,2018-04-27,TCS,3525.0,3544.0,3420.0,3451.95,3539.25,2250665,7822168277.85,3475.49,143297.0,-2.466624284806108,3158.5474999999997,3029.92
3586,2018-04-30,TCS,3451.95,3549.0,3437.6,3532.1,3451.95,1729279,6093220317.25,3523.56,109746.0,2.321876041078234,3189.67,3042.045
3533,2018-05-02,TCS,3530.5,3532.2,3471.3,3499.75,3532.1,1579023,5521825658.3,3496.99,142452.0,-0.9158857336994962,3219.0950000000003,3053.3790000000004
3534,2018-05-03,TCS,3509.8,3526.0,3470.4,3481.85,3499.75,1880775,6585681501.25,3501.58,132523.0,-0.5114651046503348,3247.6425,3064.5440000000003
3535,2018-05-04,TCS,3492.0,3497.0,3470.0,3480.75,3481.85,1173622,4090241756.4,3485.14,60186.0,-0.031592400591636885,3273.7825000000003,3075.264
3536,2018-05-07,TCS,3490.0,3490.0,3410.9,3420.95,3480.75,1742213,5990435302.85,3438.41,95521.0,-1.7180205415499588,3297.315,3082.837
3537,2018-05-08,TCS,3434.7,3486.5,3396.7,3441.2,3420.95,1496410,5159322100.45,3447.8,75803.0,0.5919408351481313,3323.1800000000003,3090.657
3538,2018-05-09,TCS,3440.2,3494.75,3440.2,3489.3,3441.2,1307525,4551423047.5,3480.95,74986.0,1.3977682203882473,3350.7650000000003,3098.927
3539,2018-05-10,TCS,3502.95,3511.15,3440.2,3451.25,3489.3,1929339,6711381185.7,3478.59,78782.0,-1.0904765998911008,3372.6200000000003,3107.3179999999998
3540,2018-05-11,TCS,3454.2,3485.0,3442.5,3456.95,3451.25,1313938,4547636850.35,3461.07,44332.0,0.1651575516117296,3388.505,3115.61
3541,2018-05-14,TCS,3457.0,3471.0,3410.8,3433.55,3456.95,1216947,4171459981.05,3427.81,67155.0,-0.676897264930058,3402.5175000000004,3123.58
3542,2018-05-15,TCS,3450.0,3495.8,3433.7,3482.4,3433.55,976445,3396047379.25,3477.97,72769.0,1.422725750316725,3417.255,3132.4739999999997
3543,2018-05-16,TCS,3479.95,3509.0,3475.25,3493.9,3482.4,824225,2880012135.0,3494.21,62359.0,0.330232023891569,3433.62,3140.235
3544,2018-05-17,TCS,3512.95,3533.15,3476.0,3491.8,3493.9,1484024,5208463595.05,3509.69,147144.0,-0.06010475399982567,3450.255,3149.215
3545,2018-05-18,TCS,3480.8,3517.7,3458.0,3502.05,3491.8,937498,3269860706.55,3487.86,71488.0,0.2935448765679592,3465.8,3158.7069999999994
3546,2018-05-21,TCS,3528.7,3592.0,3518.05,3556.75,3502.05,1723089,6146517739.55,3567.15,113610.0,1.5619422909438705,3473.5150000000003,3169.763
3547,2018-05-22,TCS,3558.0,3574.95,3493.7,3508.9,3556.75,928708,3269452704.0,3520.43,71360.0,-1.345329303437124,3478.5275,3179.259
3548,2018-05-23,TCS,3525.0,3545.0,3481.0,3495.1,3508.9,753649,2648198399.95,3513.84,65699.0,-0.39328564507395997,3484.0,3188.118
3549,2018-05-24,TCS,3510.0,3615.0,3502.35,3603.7,3495.1,1481158,5302086674.25,3579.69,78667.0,3.107207232983317,3490.6724999999997,3202.4559999999997
3550,2018-05-25,TCS,3625.0,3674.8,3572.55,3585.8,3603.7,1884886,6848001305.3,3633.11,142355.0,-0.4967117129616682,3493.0,3216.4339999999997
3551,2018-05-28,TCS,3616.5,3616.5,3486.0,3502.05,3585.8,1858399,6534828349.5,3516.38,142950.0,-2.3356015394054324,3495.5049999999997,3229.081
3552,2018-05-29,TCS,3529.9,3544.0,3488.0,3523.5,3502.05,1762656,6200008340.15,3517.42,101072.0,0.6124983937979132,3495.075,3243.0370000000003
3553,2018-05-30,TCS,3509.05,3533.0,3482.5,3514.1,3523.5,1889553,6630243746.65,3508.9,125085.0,-0.26678019015184024,3495.7925000000005,3256.699
3554,2018-05-31,TCS,1734.0,1759.05,1726.1,1741.05,3514.1,5049371,8798250473.7,1742.44,207998.0,-50.455308613869846,3408.7525,3234.223
3555,2018-06-01,TCS,1754.0,1757.5,1716.3,1732.45,1741.05,1603856,2794386298.35,1742.29,74272.0,-0.49395479739237297,3321.3375,3211.737
3556,2018-06-04,TCS,1745.0,1749.0,1712.6,1744.25,1732.45,1681483,2909393689.7,1730.25,96686.0,0.681116338133854,3237.5025,3189.995
3557,2018-06-05,TCS,1744.0,1751.9,1711.15,1721.6,1744.25,2449568,4235000687.9,1728.88,133067.0,-1.2985523864125035,3151.5225,3167.8
3558,2018-06-06,TCS,1723.0,1734.9,1715.2,1725.75,1721.6,2236512,3859874684.1,1725.85,73770.0,0.24105483271375994,3063.3450000000003,3145.9519999999993
3559,2018-06-07,TCS,1725.0,1749.0,1723.8,1735.55,1725.75,2414762,4196845765.2,1738.0,105531.0,0.567869042445311,2977.5600000000004,3124.323
3560,2018-06-08,TCS,1735.0,1757.3,1735.0,1747.1,1735.55,2582138,4515097488.7,1748.59,90908.0,0.6654950880124431,2892.0675,3102.311
3503,2018-06-11,TCS,1747.1,1763.0,1743.0,1749.7,1747.1,2179378,3819463189.45,1752.55,104681.0,0.14881804132563314,2807.875,3080.322
3504,2018-06-12,TCS,1757.0,1785.0,1753.0,1781.0,1749.7,4608875,8173948345.1,1773.52,108707.0,1.7888780933874353,2722.805,3057.749
3505,2018-06-13,TCS,1816.0,1831.65,1798.0,1824.1,1781.0,5370983,9765380711.8,1818.17,236378.0,2.419988770353729,2639.3149999999996,3036.006
3506,2018-06-14,TCS,1830.0,1832.3,1784.0,1787.55,1824.1,3819998,6858771088.2,1795.49,185231.0,-2.003727865796829,2554.1025,3013.5389999999998
3507,2018-06-15,TCS,1800.0,1847.1,1788.6,1840.05,1787.55,9183574,16745544383.35,1823.42,232555.0,2.9369807837543007,2471.0025,2991.1810000000005
3508,2018-06-18,TCS,1867.95,1867.95,1822.15,1829.0,1840.05,4674987,8605956299.9,1840.85,212032.0,-0.6005271595880523,2384.6150000000002,2968.755
3509,2018-06-19,TCS,1822.15,1839.0,1821.0,1824.5,1829.0,3245034,5937862115.25,1829.83,139033.0,-0.24603608529250956,2300.395,2946.7670000000003
3510,2018-06-20,TCS,1832.0,1836.3,1818.6,1822.45,1824.5,3107695,5682968753.9,1828.68,151059.0,-0.11235955056179527,2216.7625,2924.4639999999995
3511,2018-06-21,TCS,1832.0,1832.0,1817.6,1819.35,1822.45,2910659,5305644225.8,1822.83,130989.0,-0.1701006886334405,2127.545,2900.5679999999998
3512,2018-06-22,TCS,1827.0,1827.0,1799.55,1809.8,1819.35,2949458,5339626532.7,1810.38,225703.0,-0.5249127435622588,2038.7450000000001,2873.9790000000003
3513,2018-06-25,TCS,1811.9,1822.35,1806.0,1819.25,1809.8,2083217,3786278981.15,1817.52,115086.0,0.5221571444358518,1954.605,2847.2980000000007
3514,2018-06-26,TCS,1823.0,1861.0,1821.0,1852.0,1819.25,4679712,8622455574.95,1842.52,160270.0,1.8001923869726537,1871.03,2820.585
3515,2018-06-27,TCS,1860.0,1885.15,1851.25,1858.0,1852.0,4081208,7633922937.85,1870.51,163411.0,0.32397408207343414,1788.225,2794.4130000000005
3516,2018-06-28,TCS,1865.0,1871.0,1826.3,1842.7,1858.0,4888125,9024622355.45,1846.23,176902.0,-0.8234660925726562,1793.3075000000001,2768.085
3517,2018-06-29,TCS,1844.9,1867.4,1842.3,1847.75,1842.7,3506276,6490978437.6,1851.25,213525.0,0.2740543767297962,1799.0724999999998,2741.217
3518,2018-07-02,TCS,1852.0,1857.8,1841.1,1851.35,1847.75,2650290,4908342579.9,1852.0,137325.0,0.19483155188742574,1804.4274999999998,2710.195
3519,2018-07-03,TCS,1859.95,1879.9,1857.05,1874.05,1851.35,3242233,6069985147.5,1872.16,191297.0,1.2261322818483835,1812.05,2679.5029999999997
3520,2018-07-04,TCS,1879.9,1879.9,1857.15,1866.15,1874.05,2700614,5032886447.2,1863.61,116958.0,-0.42154691710465914,1819.0700000000002,2649.113
3521,2018-07-05,TCS,1873.0,1887.5,1862.1,1880.3,1866.15,2472571,4634408415.65,1874.33,94620.0,0.7582455858317854,1826.3074999999997,2617.314
3522,2018-07-06,TCS,1882.85,1921.0,1881.65,1912.95,1880.3,3713781,7084608223.6,1907.65,143673.0,1.7364250385576818,1834.6,2584.788
3523,2018-07-09,TCS,1924.0,1924.4,1876.5,1883.0,1912.95,6151747,11615411506.8,1888.15,193730.0,-1.5656446849107424,1841.265,2553.409
3524,2018-07-10,TCS,1898.0,1898.9,1870.75,1875.1,1883.0,5303302,9979704601.25,1881.79,187687.0,-0.41954328199681845,1845.97,2520.2690000000002
3525,2018-07-11,TCS,1900.0,1998.0,1894.15,1979.9,1875.1,22903802,44708105351.4,1951.99,482657.0,5.589035251453265,1853.7600000000002,2489.8720000000003
3526,2018-07-12,TCS,1984.0,1990.9,1960.5,1971.35,1979.9,6921701,13653172983.9,1972.52,204057.0,-0.43183999191879296,1862.95,2459.6620000000003
3527,2018-07-13,TCS,1975.0,1997.9,1974.0,1981.1,1971.35,4148185,8239240068.0,1986.23,146909.0,0.4945849291094935,1870.0024999999998,2429.669
3528,2018-07-16,TCS,1990.0,1996.0,1977.45,1989.2,1981.1,2582159,5135235030.6,1988.74,112338.0,0.4088637625561626,1878.0125,2401.034
3529,2018-07-17,TCS,1989.0,2009.0,1981.0,2002.15,1989.2,3315492,6613072315.45,1994.6,105130.0,0.6510154836115044,1886.8949999999998,2372.253
3530,2018-07-18,TCS,2005.0,2011.7,1993.05,2000.25,2002.15,2013869,4029511535.6,2000.88,93022.0,-0.09489798466648806,1895.7849999999999,2342.472
3531,2018-07-19,TCS,2002.1,2010.45,1970.0,1981.4,2000.25,1746318,3465172736.0,1984.27,81270.0,-0.9423822022247172,1903.8875,2313.075
3476,2018-07-20,TCS,1984.9,2000.0,1984.0,1996.6,1981.4,1934995,3857631216.0,1993.61,97910.0,0.7671343494498747,1913.2274999999997,2283.8680000000004
3532,2018-07-20,TCS,1984.9,2000.0,1984.0,1996.6,1981.4,1934995,3857631216.0,1993.61,97910.0,0.7671343494498747,1922.095,2255.129
3477,2018-07-23,TCS,2001.0,2009.95,1986.0,2005.65,1996.6,2086201,4184572277.1,2005.83,88812.0,0.45327055995192744,1929.7774999999997,2225.594
3478,2018-07-24,TCS,2015.0,2015.0,1984.15,1999.0,2005.65,2038423,4073820958.05,1998.52,96571.0,-0.3315633335826336,1936.8274999999999,2195.696
3479,2018-07-25,TCS,2001.9,2002.0,1968.4,1981.5,1999.0,1535492,3039127153.4,1979.25,92993.0,-0.8754377188594297,1943.7675,2165.49
3480,2018-07-26,TCS,1974.95,1985.0,1955.1,1964.7,1981.5,3503036,6896326862.9,1968.67,110618.0,-0.8478425435276283,1949.6150000000002,2134.743
3481,2018-07-27,TCS,1960.85,1964.65,1940.3,1943.75,1964.7,2033977,3963271946.5,1948.53,103516.0,-1.066320557845984,1954.2350000000001,2102.4829999999997
3482,2018-07-30,TCS,1943.0,1954.7,1931.55,1944.6,1943.75,1579251,3067386014.45,1942.3,74802.0,0.043729903536972814,1957.7625,2071.197
3483,2018-07-31,TCS,1942.0,1947.0,1928.0,1940.2,1944.6,2204803,4265970111.15,1934.85,125163.0,-0.22626761287667715,1961.4649999999997,2040.099
3484,2018-08-01,TCS,1949.95,1981.55,1949.8,1976.5,1940.2,2425180,4784507538.7,1972.85,94019.0,1.8709411400886482,1966.275,2007.555
3485,2018-08-02,TCS,1980.0,1985.0,1945.0,1948.4,1976.5,1509287,2958815209.4,1960.41,85680.0,-1.421705034151273,1968.0475,1974.8069999999998
3486,2018-08-03,TCS,1956.5,1982.05,1956.5,1979.45,1948.4,1505131,2970498995.4,1973.58,91920.0,1.59361527407103,1972.8700000000001,1944.355
3487,2018-08-06,TCS,1997.0,1998.95,1972.25,1975.55,1979.45,1532249,3035769014.75,1981.25,62917.0,-0.19702442597691736,1977.8925,1913.3959999999997
3488,2018-08-07,TCS,1978.2,1979.15,1960.5,1967.35,1975.55,1353560,2662908261.65,1967.34,95485.0,-0.4150742831110347,1977.2649999999999,1882.461
3489,2018-08-08,TCS,1972.0,1978.3,1962.0,1974.0,1967.35,1315062,2590100268.35,1969.57,78555.0,0.33801814623732895,1977.3974999999998,1887.12
3490,2018-08-09,TCS,1980.0,1980.8,1966.0,1974.35,1974.0,2060297,4068073026.6,1974.51,88956.0,0.017730496453896103,1977.0600000000002,1891.9579999999999
3491,2018-08-10,TCS,1980.95,1996.5,1972.05,1993.1,1974.35,2784105,5528317088.35,1985.67,105306.0,0.9496796414009674,1977.2549999999999,1896.935
3492,2018-08-13,TCS,1997.8,2004.25,1990.0,2000.15,1993.1,3559575,7112184424.5,1998.04,176860.0,0.3537203351562983,1977.1550000000002,1902.5059999999999
3493,2018-08-14,TCS,1992.0,2024.6,1982.4,2003.55,2000.15,3311765,6657770585.3,2010.34,120349.0,0.16998725095617145,1977.3200000000002,1908.062
3494,2018-08-16,TCS,2000.3,2020.05,1995.0,2008.5,2003.55,2152065,4322407891.55,2008.49,153660.0,0.2470614658980333,1978.675,1913.5209999999997
3495,2018-08-17,TCS,2013.85,2021.9,2004.0,2012.75,2008.5,1213731,2443058585.35,2012.85,114738.0,0.21160069703759027,1979.4825,1918.8339999999998
3496,2018-08-20,TCS,2024.0,2024.0,2003.7,2009.95,2012.75,1587032,3192197146.6,2011.43,125610.0,-0.1391131536455076,1980.15,1924.039
3497,2018-08-21,TCS,2010.15,2024.0,2004.0,2017.65,2009.95,1376866,2774903727.95,2015.38,67624.0,0.3830941068185798,1980.75,1928.7720000000002
3498,2018-08-23,TCS,2022.8,2038.0,2020.3,2035.1,2017.65,3046791,6187460520.7,2030.81,147069.0,0.864867543924854,1982.5550000000003,1932.9919999999997
3499,2018-08-24,TCS,2035.1,2046.0,2031.0,2043.0,2035.1,1570533,3206801587.6,2041.86,89779.0,0.3881873126627729,1985.6300000000003,1938.1009999999997
3500,2018-08-27,TCS,2043.0,2059.0,2035.0,2050.9,2043.0,1532702,3144788538.7,2051.79,95164.0,0.3866862457170872,1989.9399999999998,1942.3180000000002
3501,2018-08-28,TCS,2055.0,2072.0,2052.0,2069.2,2050.9,1987983,4106175143.6,2065.5,108533.0,0.8922911892339815,1996.2125,1947.1219999999998
3450,2018-08-29,TCS,2072.5,2076.6,2045.6,2072.0,2069.2,1525867,3151066991.15,2065.1,88327.0,0.13531799729364885,2002.5825,1952.0720000000001
3502,2018-08-29,TCS,2072.5,2076.6,2045.6,2072.0,2069.2,1525867,3151066991.15,2065.1,88327.0,0.13531799729364885,2009.1725000000001,1957.0629999999999
3451,2018-08-30,TCS,2068.0,2085.0,2065.5,2082.4,2072.0,2408020,5003999131.15,2078.06,125517.0,0.5019305019305064,2014.4675000000002,1962.3239999999998
3452,2018-08-31,TCS,2082.3,2092.0,2074.0,2078.4,2082.4,2504554,5214722720.85,2082.1,137612.0,-0.1920860545524395,2020.9675,1967.6960000000001
3453,2018-09-03,TCS,2084.8,2090.0,2048.4,2052.9,2078.4,1439711,2983803308.9,2072.5,66713.0,-1.2269053117782909,2024.6399999999999,1972.369
3454,2018-09-04,TCS,2059.8,2104.75,2056.95,2098.9,2052.9,4420803,9256152898.55,2093.77,272369.0,2.2407326221442836,2030.8075000000001,1977.307
3455,2018-09-05,TCS,2100.0,2107.25,2075.05,2079.25,2098.9,1681106,3507659103.7,2086.52,125377.0,-0.9362046786411973,2036.4025000000001,1981.7320000000002
3456,2018-09-06,TCS,2075.0,2081.5,2060.3,2075.3,2079.25,2238097,4633767811.5,2070.41,123504.0,-0.18997234579775488,2041.4675000000002,1986.3840000000002
3457,2018-09-07,TCS,2079.3,2084.0,2065.4,2079.85,2075.3,1312182,2724446612.15,2076.27,91094.0,0.21924541030211184,2046.7424999999998,1991.026
3458,2018-09-10,TCS,2084.4,2093.4,2074.25,2080.75,2079.85,1530539,3189620194.9,2083.98,96119.0,0.043272351371497514,2051.125,1995.614
3459,2018-09-11,TCS,2089.0,2089.0,2042.2,2046.25,2080.75,3679745,7565314867.5,2055.93,153230.0,-1.6580559894268894,2053.43,1999.058
3460,2018-09-12,TCS,2052.35,2068.9,2040.0,2043.95,2046.25,2307661,4728228780.2,2048.93,135528.0,-0.11240073304825679,2055.45,2002.614
3461,2018-09-14,TCS,2044.0,2071.55,2018.15,2065.4,2043.95,3642038,7437129776.35,2042.02,160266.0,1.0494385870495875,2058.295,2006.316
3462,2018-09-17,TCS,2070.0,2077.8,2054.55,2074.15,2065.4,1033857,2137157571.1,2067.17,66371.0,0.42364675123462764,2061.3650000000002,2009.54
3463,2018-09-18,TCS,2073.0,2078.8,2057.6,2070.75,2074.15,1456507,3014609448.25,2069.75,77936.0,-0.16392257069161298,2064.4049999999997,2013.295
3464,2018-09-19,TCS,2071.9,2089.0,2066.85,2077.9,2070.75,1301268,2708622535.5,2081.53,122321.0,0.3452855245683975,2067.4175000000005,2017.3509999999997
3465,2018-09-21,TCS,2077.0,2121.0,2050.15,2103.15,2077.9,4508530,9394632968.15,2083.75,163985.0,1.2151691611723374,2070.8199999999997,2019.816
3466,2018-09-24,TCS,2115.0,2210.5,2098.15,2198.45,2103.15,3032226,6574669912.9,2168.27,134605.0,4.531298290659236,2078.5924999999997,2024.358
3467,2018-09-25,TCS,2204.9,2211.9,2153.8,2183.2,2198.45,2868778,6271565161.1,2186.15,141519.0,-0.6936705406081558,2085.2075,2028.4
3468,2018-09-26,TCS,2187.0,2199.0,2135.1,2142.15,2183.2,1970951,4260808099.45,2161.8,95921.0,-1.8802674972517284,2088.855,2031.4590000000003
3469,2018-09-27,TCS,2141.9,2209.7,2135.8,2188.85,2142.15,3311802,7205048027.4,2175.57,110444.0,2.180052750741069,2094.6974999999998,2035.193
3470,2018-09-28,TCS,2178.0,2190.0,2158.85,2183.7,2188.85,2904371,6324389223.4,2177.54,150520.0,-0.23528336797862306,2100.2825000000003,2038.8619999999999
3471,2018-10-01,TCS,2190.9,2275.95,2190.35,2255.55,2183.7,3772208,8458652684.9,2242.36,201352.0,3.290287127352675,2108.9399999999996,2044.345
3472,2018-10-03,TCS,2250.3,2255.0,2155.6,2162.85,2255.55,3902322,8565892400.85,2195.08,205361.0,-4.109862339562424,2113.1625,2047.67
3473,2018-10-04,TCS,2156.6,2156.65,2056.35,2064.8,2162.85,4762419,9926539004.55,2084.35,190870.0,-4.533370321566439,2113.7575,2049.034
3474,2018-10-05,TCS,2050.0,2120.0,2020.9,2102.65,2064.8,3417624,7105425699.55,2079.05,141442.0,1.833107322743118,2113.945,2050.974
3422,2018-10-08,TCS,2102.65,2122.2,2048.15,2077.55,2102.65,2010154,4171051462.05,2074.99,133651.0,-1.193731719496821,2113.8599999999997,2052.545
3475,2018-10-08,TCS,2102.65,2122.2,2048.15,2077.55,2102.65,2010154,4171051462.05,2074.99,133651.0,-1.193731719496821,2113.9725,2054.466
3423,2018-10-09,TCS,2080.35,2107.65,2053.2,2091.8,2077.55,1867130,3894967407.8,2086.07,95316.0,0.6859040696974801,2114.57,2057.0080000000003
3424,2018-10-10,TCS,2100.0,2105.95,2029.0,2043.6,2091.8,2749573,5672634238.6,2063.1,185433.0,-2.3042355865761674,2112.7125,2059.005
3425,2018-10-11,TCS,1985.0,2013.0,1941.0,1979.95,2043.6,4700256,9329052362.35,1984.8,217064.0,-3.1146016833039667,2109.3975,2059.712
3426,2018-10-12,TCS,1978.0,1978.0,1903.0,1918.3,1979.95,9373289,18065633066.8,1927.35,337356.0,-3.113714992802853,2103.1150000000002,2059.274
3427,2018-10-15,TCS,1940.0,1955.55,1920.0,1949.5,1918.3,2638151,5117323443.3,1939.74,102337.0,1.626440077151647,2097.32,2058.734
3428,2018-10-16,TCS,1958.0,1971.9,1935.0,1962.3,1949.5,2815425,5497567674.45,1952.66,116402.0,0.6565786098999721,2091.7275,2059.012
3429,2018-10-17,TCS,1970.0,1989.0,1920.0,1929.4,1962.3,2779207,5406659605.95,1945.4,149723.0,-1.6766039851194958,2084.66,2058.011
3430,2018-10-19,TCS,1929.0,1929.0,1870.05,1913.2,1929.4,3428776,6504263185.65,1896.96,152721.0,-0.8396392660930883,2076.425,2056.764
3431,2018-10-22,TCS,1914.0,1916.0,1886.95,1903.0,1913.2,1778496,3384527484.4,1903.03,104583.0,-0.5331381977838201,2066.4175000000005,2055.4770000000003
3432,2018-10-23,TCS,1888.0,1898.0,1837.0,1843.65,1903.0,2752811,5135609621.3,1865.59,150962.0,-3.118759852863894,2048.6775000000002,2052.87
3433,2018-10-24,TCS,1852.05,1874.0,1811.1,1848.5,1843.65,2735913,5039409502.55,1841.95,143163.0,0.26306511539608435,2031.9425000000003,2050.353
3434,2018-10-25,TCS,1844.0,1876.9,1825.05,1853.0,1848.5,2507233,4661706320.6,1859.3,160372.0,0.2434406275358399,2017.485,2047.5510000000002
3435,2018-10-26,TCS,1853.9,1853.9,1791.1,1799.1,1853.0,2285970,4145736813.3,1813.56,166483.0,-2.908796546141397,1997.9975000000002,2043.5300000000002
3436,2018-10-29,TCS,1808.7,1877.95,1784.35,1871.0,1799.1,2609483,4782188593.4,1832.62,119651.0,3.996442665777338,1982.3625,2040.8790000000001
3437,2018-10-30,TCS,1867.0,1909.4,1845.0,1894.8,1871.0,2404883,4546640692.8,1890.59,125360.0,1.2720470336718308,1964.325,2038.605
3438,2018-10-31,TCS,1900.0,1943.9,1875.45,1938.15,1894.8,2769190,5305567326.85,1915.93,155493.0,2.28784040531983,1953.0900000000001,2037.1130000000003
3439,2018-11-01,TCS,1943.65,1944.35,1901.3,1935.75,1938.15,2769759,5314468623.65,1918.75,136593.0,-0.1238294249671125,1946.6375,2035.6290000000001
3440,2018-11-02,TCS,1934.2,1954.6,1905.0,1913.45,1935.75,1818635,3502756049.75,1926.04,89292.0,-1.152008265530154,1937.1775000000002,2033.545
3441,2018-11-05,TCS,1910.0,1927.35,1884.75,1890.85,1913.45,1713366,3257810198.8,1901.41,97267.0,-1.1811126499255344,1927.8425000000002,2030.6600000000003
3442,2018-11-06,TCS,1894.0,1937.5,1891.0,1932.7,1890.85,1398710,2695142003.45,1926.88,81458.0,2.2132903191686353,1920.6,2028.4540000000002
3443,2018-11-07,TCS,1940.0,1949.0,1937.0,1942.15,1932.7,144530,280714185.3,1942.26,9190.0,0.48895327779790165,1913.1174999999998,2026.279
3444,2018-11-09,TCS,1961.0,1961.95,1905.0,1909.2,1942.15,2570479,4931753732.35,1918.61,201582.0,-1.6965733851659268,1906.3974999999998,2023.079
3445,2018-11-12,TCS,1908.5,1946.1,1908.5,1914.85,1909.2,2552008,4920284833.9,1928.01,94374.0,0.29593547035406786,1903.1425000000004,2019.9360000000001
3446,2018-11-13,TCS,1915.0,1939.0,1903.0,1934.95,1914.85,1418432,2734662510.75,1927.95,60182.0,1.049690576285356,1903.975,2017.195
3447,2018-11-14,TCS,1925.0,1929.9,1870.0,1880.65,1934.95,2422318,4563195896.65,1883.81,112536.0,-2.8062740639292985,1900.5325,2013.1600000000003
3448,2018-11-15,TCS,1864.0,1899.0,1857.6,1872.85,1880.65,1829123,3441500866.15,1881.5,132944.0,-0.4147502193390679,1896.0600000000002,2009.049
3449,2018-11-16,TCS,1889.0,1899.8,1870.25,1886.6,1872.85,1829729,3445403284.0,1883.01,86826.0,0.7341751875483888,1893.92,2005.7230000000002
3395,2018-11-19,TCS,1899.0,1907.35,1864.3,1902.45,1886.6,1740628,3278604708.1,1883.58,81373.0,0.8401356938407791,1893.3824999999997,2001.7939999999999
3396,2018-11-20,TCS,1902.0,1902.0,1874.2,1878.25,1902.45,1190182,2241673953.05,1883.47,60265.0,-1.2720439433362267,1892.1449999999998,1997.774
3397,2018-11-21,TCS,1871.0,1871.05,1798.55,1812.0,1878.25,3840461,6965554445.0,1813.73,182675.0,-3.5272194862238786,1890.5625,1992.5079999999998
3398,2018-11-22,TCS,1820.0,1847.6,1809.95,1812.55,1812.0,3194219,5847440797.4,1830.63,139414.0,0.030353200882999698,1888.765,1987.162
3399,2018-11-26,TCS,1819.0,1860.0,1784.5,1846.1,1812.55,4333177,7857828743.15,1813.41,203328.0,1.8509834211470004,1888.42,1982.469
3400,2018-11-27,TCS,1854.0,1897.9,1835.35,1890.25,1846.1,3344839,6235572685.1,1864.24,143244.0,2.3915280862358537,1892.9774999999997,1979.349
3401,2018-11-28,TCS,1889.0,1989.0,1882.5,1983.9,1890.25,5313249,10370244428.75,1951.77,227744.0,4.9543711149318925,1898.6225,1978.1480000000001
3402,2018-11-29,TCS,1997.0,1997.0,1942.55,1960.55,1983.9,4035441,7928194385.75,1964.64,160612.0,-1.1769746458994976,1901.9100000000003,1976.0510000000002
3403,2018-11-30,TCS,1966.0,1991.0,1959.85,1968.25,1960.55,5268901,10391195273.15,1972.18,205076.0,0.39274693325852666,1903.4150000000002,1973.9330000000002
3404,2018-12-03,TCS,1984.0,1990.0,1968.3,1982.4,1968.25,1610576,3186800046.15,1978.67,125194.0,0.7189127397434315,1905.7475,1972.1660000000002
3405,2018-12-04,TCS,1983.0,2019.4,1971.0,2010.85,1982.4,3270615,6556823314.95,2004.77,143841.0,1.4351291364003136,1910.6175000000003,1970.825
3406,2018-12-05,TCS,2006.0,2018.0,1985.0,2006.75,2010.85,2501539,5013123489.45,2004.02,107625.0,-0.20389387572419174,1916.4125,1968.8970000000002
3407,2018-12-06,TCS,1998.0,2017.0,1979.6,1992.7,2006.75,2321216,4637371315.5,1997.82,123556.0,-0.7001370374984406,1919.4125,1964.7820000000002
3408,2018-12-07,TCS,1985.05,2003.9,1973.0,1995.2,1992.7,1680420,3346325826.5,1991.36,99269.0,0.12545792141315804,1922.065,1961.0220000000002
3409,2018-12-10,TCS,1975.0,2011.0,1960.0,1975.8,1995.2,2010786,3999073163.95,1988.81,131125.0,-0.9723336006415442,1925.395,1957.695
3410,2018-12-11,TCS,1970.0,2010.0,1961.0,2000.0,1975.8,2942014,5863626489.6,1993.07,155565.0,1.2248203259439239,1929.6525000000001,1953.9180000000001
3411,2018-12-12,TCS,2001.1,2022.0,1984.95,2016.8,2000.0,2219993,4466342395.75,2011.87,137802.0,0.8399999999999976,1933.7450000000001,1950.5800000000004
3412,2018-12-13,TCS,2024.0,2029.7,1974.5,1982.6,2016.8,3748429,7480237533.05,1995.57,230059.0,-1.695755652518844,1938.8425,1945.121
3413,2018-12-14,TCS,1983.0,1998.95,1975.25,1989.75,1982.6,2473761,4909442438.4,1984.61,131978.0,0.36063754665591097,1944.6875,1941.6589999999999
3414,2018-12-17,TCS,1999.0,2004.9,1985.0,1994.3,1989.75,1227921,2448295270.75,1993.85,82547.0,0.22867194371151925,1950.0724999999998,1940.249
3415,2018-12-18,TCS,1991.9,2002.0,1976.4,1987.85,1994.3,1768742,3513711449.25,1986.56,98048.0,-0.32342175199318285,1954.3425000000002,1937.9530000000002
3416,2018-12-19,TCS,1984.8,1984.8,1960.05,1968.45,1987.85,2498833,4919804830.75,1968.84,162431.0,-0.9759287672611046,1958.8525000000002,1935.771
3417,2018-12-20,TCS,1953.8,1974.9,1946.0,1954.05,1968.45,1940277,3794509954.25,1955.65,110330.0,-0.7315400441972156,1965.9550000000004,1933.3010000000002
3418,2018-12-21,TCS,1948.0,1950.0,1886.55,1895.8,1954.05,3729956,7136052188.45,1913.17,148411.0,-2.980988203986592,1970.1174999999998,1929.3809999999999
3419,2018-12-24,TCS,1905.8,1938.9,1905.0,1918.5,1895.8,1864116,3587857371.6,1924.7,94556.0,1.1973836902626882,1973.7375,1926.879
3420,2018-12-26,TCS,1921.8,1921.8,1870.25,1889.2,1918.5,2446614,4611297888.7,1884.77,97165.0,-1.5272348188689056,1973.6850000000002,1925.0640000000003
3392,2018-12-27,TCS,1909.0,1941.7,1872.1,1908.95,1889.2,4968201,9541145913.9,1920.44,143656.0,1.0454160491213211,1969.9375,1924.8770000000002
3421,2018-12-27,TCS,1909.0,1941.7,1872.1,1908.95,1889.2,4968201,9541145913.9,1920.44,143656.0,1.0454160491213211,1967.3574999999996,1924.066
3393,2018-12-28,TCS,1915.0,1920.0,1893.0,1896.05,1908.95,2239130,4270838131.8,1907.36,112230.0,-0.6757641635454092,1963.7475,1922.741
3394,2018-12-31,TCS,1908.0,1909.0,1886.15,1893.05,1896.05,1879740,3564772253.95,1896.42,66284.0,-0.1582236755359827,1959.2800000000002,1922.0140000000001
3863,2019-01-01,TCS,1896.0,1910.0,1885.0,1902.8,1893.05,1094883,2080034193.5,1899.78,32636.0,0.5150418636591744,1953.8774999999998,1921.8059999999998
3864,2019-01-02,TCS,1905.0,1934.45,1900.0,1923.3,1902.8,2100463,4038986341.2,1922.9,85488.0,1.077359680470885,1949.705,1922.2119999999998
3865,2019-01-03,TCS,1919.0,1944.95,1893.1,1899.95,1923.3,2611668,5006177890.75,1916.85,144072.0,-1.2140591691363756,1945.0674999999999,1923.338
3866,2019-01-04,TCS,1900.0,1901.2,1841.0,1876.85,1899.95,4280862,8001741605.35,1869.19,208198.0,-1.2158214689860332,1939.1499999999996,1923.905
3867,2019-01-07,TCS,1891.8,1908.8,1881.0,1897.9,1876.85,1856423,3516134996.45,1894.04,87327.0,1.1215600607400795,1935.2549999999999,1924.8029999999999
3868,2019-01-08,TCS,1905.4,1906.4,1883.3,1893.55,1897.9,1691756,3200853934.3,1892.03,93357.0,-0.22920069550556596,1929.9325000000001,1926.6919999999998
3869,2019-01-09,TCS,1907.4,1919.0,1866.7,1886.95,1893.55,2414376,4581424758.65,1897.56,120123.0,-0.348551662221748,1923.4399999999998,1927.0109999999997
3870,2019-01-10,TCS,1890.0,1905.0,1872.1,1888.55,1886.95,3053461,5776451269.6,1891.77,123512.0,0.0847929197911926,1918.7375,1926.886
3871,2019-01-11,TCS,1870.0,1875.0,1835.0,1842.55,1888.55,9209862,17032412186.85,1849.37,290559.0,-2.435731116465013,1911.3774999999998,1924.974
3872,2019-01-14,TCS,1850.0,1851.0,1810.0,1813.25,1842.55,3615370,6569891233.4,1817.21,193940.0,-1.5901875118721314,1902.325,1922.524
3873,2019-01-15,TCS,1810.0,1869.35,1808.0,1867.8,1813.25,7711653,14324788401.4,1857.55,199057.0,3.0084103129739392,1896.3224999999998,1921.611
3874,2019-01-16,TCS,1870.0,1875.0,1847.0,1870.15,1867.8,2359280,4392724354.1,1861.89,131093.0,0.1258164685726596,1891.4075,1921.197
3875,2019-01-17,TCS,1878.0,1898.0,1871.3,1894.3,1870.15,2625816,4955787778.1,1887.33,124983.0,1.2913402668235094,1888.4199999999996,1920.4289999999999
3876,2019-01-18,TCS,1881.0,1904.2,1876.0,1900.65,1894.3,1683728,3184540713.1,1891.36,110667.0,0.3352161748403176,1888.6625,1919.599
3877,2019-01-21,TCS,1902.0,1932.0,1895.45,1908.7,1900.65,2409803,4617841216.5,1916.27,119665.0,0.42353931549732743,1888.1725000000001,1919.5890000000002
3878,2019-01-22,TCS,1907.1,1918.25,1890.0,1901.9,1908.7,2457093,4675762855.45,1902.97,186202.0,-0.35626342536804917,1888.8074999999997,1919.33
3879,2019-01-23,TCS,1901.0,1906.1,1870.0,1875.6,1901.9,2578169,4854176208.75,1882.8,116599.0,-1.382827698617182,1887.14,1918.1430000000003
3880,2019-01-24,TCS,1884.8,1905.25,1875.0,1901.55,1875.6,1962927,3717393857.35,1893.8,109822.0,1.3835572616762661,1886.77,1918.5609999999997
3881,2019-01-25,TCS,1902.0,1935.0,1901.0,1920.8,1901.55,2327080,4472468048.2,1921.92,96992.0,1.0123320449107307,1888.0075000000002,1919.52
3882,2019-01-28,TCS,1933.0,1962.0,1925.5,1955.0,1920.8,2769033,5395144625.05,1948.39,108034.0,1.780508121615996,1891.105,1920.888
3883,2019-01-29,TCS,1962.0,1989.05,1936.65,1982.75,1955.0,2557626,5012920415.3,1959.99,120832.0,1.4194373401534528,1895.1025000000002,1922.494
3884,2019-01-30,TCS,1979.6,1989.5,1954.65,1981.4,1982.75,2429575,4798566666.9,1975.06,112445.0,-0.06808725255326738,1898.0075000000002,1924.557
3885,2019-01-31,TCS,1987.0,2019.75,1985.0,2014.1,1981.4,4094319,8222922479.7,2008.37,146142.0,1.6503482386191488,1903.7150000000001,1928.599
3886,2019-02-01,TCS,2009.5,2034.75,1998.1,2029.95,2014.1,3064163,6195976319.75,2022.08,113684.0,0.7869519884812142,1911.3700000000001,1932.947
3887,2019-02-04,TCS,2029.95,2055.45,2023.0,2050.25,2029.95,1590764,3244951832.05,2039.87,67625.0,1.0000246311485483,1918.9875,1937.03
3888,2019-02-05,TCS,2050.0,2055.0,2028.0,2044.55,2050.25,1111404,2270739557.2,2043.13,50408.0,-0.27801487623460774,1926.5375,1940.116
3889,2019-02-06,TCS,2049.9,2086.85,2041.05,2074.8,2044.55,1789812,3700533606.15,2067.55,84074.0,1.4795431757599584,1935.9300000000003,1941.934
3890,2019-02-07,TCS,2074.75,2097.95,2067.0,2082.9,2074.8,1339945,2793476400.35,2084.77,67902.0,0.3903990746095965,1945.6474999999998,1944.3809999999999
3891,2019-02-08,TCS,2075.0,2089.5,2051.0,2061.4,2082.9,1684474,3490998247.35,2072.46,71171.0,-1.0322147006577367,1956.5900000000001,1946.244
3835,2019-02-11,TCS,2060.0,2096.0,2048.9,2065.9,2061.4,1778730,3694622315.8,2077.11,83603.0,0.21829824391190453,1969.2225000000003,1947.914
3836,2019-02-12,TCS,2070.0,2070.0,2018.0,2051.6,2065.9,2422903,4949899350.85,2042.96,115864.0,-0.6921922648724614,1978.4125,1948.729
3837,2019-02-13,TCS,2062.0,2083.0,2050.5,2065.4,2051.6,2808581,5797796619.7,2064.32,141176.0,0.6726457399103227,1988.175,1949.9019999999998
3838,2019-02-14,TCS,2060.05,2075.0,2033.05,2044.6,2065.4,1724085,3535809084.55,2050.83,82641.0,-1.0070688486491808,1995.69,1950.94
3839,2019-02-15,TCS,2049.0,2052.0,2010.95,2029.7,2044.6,1930065,3921659541.8,2031.88,96728.0,-0.7287488995402458,2002.1425000000004,1951.63
3840,2019-02-18,TCS,2037.6,2041.95,1962.65,1970.3,2029.7,2942184,5851634018.75,1988.87,100585.0,-2.926540868108592,2005.2224999999999,1951.52
3841,2019-02-19,TCS,1970.0,1971.0,1892.0,1904.8,1970.3,4408554,8508831637.45,1930.07,161765.0,-3.324366847688169,2005.3675000000003,1949.616
3842,2019-02-20,TCS,1915.0,1933.8,1881.3,1914.75,1904.8,4645778,8865093021.6,1908.2,139504.0,0.5223645527089482,2007.325,1947.575
3843,2019-02-21,TCS,1914.75,1940.0,1897.05,1914.2,1914.75,4683919,9006448535.1,1922.84,171685.0,-0.02872437655046113,2007.9575,1946.207
3844,2019-02-22,TCS,1917.2,1930.0,1905.1,1925.65,1914.2,2271955,4363786271.2,1920.72,112148.0,0.5981611116915707,2008.2,1944.925
3845,2019-02-25,TCS,1932.5,1990.0,1930.5,1985.15,1925.65,2934880,5757094593.05,1961.61,140541.0,3.089865759613637,2009.7075,1944.7420000000002
3846,2019-02-26,TCS,1984.0,2045.15,1972.25,2038.7,1985.15,6453309,13049353836.2,2022.12,177907.0,2.697529153968212,2012.5049999999999,1945.759
3847,2019-02-27,TCS,2040.0,2074.95,2022.0,2058.1,2038.7,4732082,9701947351.0,2050.25,168823.0,0.951586795506934,2016.3399999999997,1947.552
3848,2019-02-28,TCS,2060.0,2071.35,1977.6,1983.45,2058.1,8454295,16988212894.85,2009.42,284872.0,-3.6271318206112366,2014.8075000000001,1948.14
3849,2019-03-01,TCS,1995.05,2005.0,1980.35,1995.4,1983.45,4148548,8271064290.35,1993.73,128204.0,0.6024855680758298,2013.0800000000004,1950.132
3850,2019-03-05,TCS,2005.0,2007.0,1976.6,1988.1,1995.4,2449622,4867670461.5,1987.11,151723.0,-0.36584143530120183,2009.9725000000003,1951.5240000000003
3851,2019-03-06,TCS,1989.3,2015.0,1985.05,1999.6,1988.1,2635047,5273530564.35,2001.3,179625.0,0.5784417282832857,2007.725,1953.7319999999997
3852,2019-03-07,TCS,2005.0,2024.05,2000.2,2013.3,1999.6,2539884,5116330320.4,2014.4,126121.0,0.6851370274054834,2004.65,1955.819
3853,2019-03-08,TCS,2025.0,2033.0,2010.05,2022.7,2013.3,2031071,4108921516.4,2023.03,116872.0,0.4668951472706547,2001.64,1958.094
3854,2019-03-11,TCS,2028.9,2033.0,2003.65,2014.8,2022.7,3111689,6276593842.1,2017.1,104833.0,-0.39056706382558415,1999.3100000000002,1960.469
3855,2019-03-12,TCS,2014.05,2024.8,2003.0,2012.45,2014.8,2658550,5358583632.5,2015.6,132223.0,-0.11663688703592957,1996.6375,1962.8569999999997
3856,2019-03-13,TCS,2013.0,2015.9,1978.6,2000.5,2012.45,1833163,3668374639.65,2001.12,112785.0,-0.593803572759574,1994.0825,1964.8110000000001
3857,2019-03-14,TCS,2004.95,2007.8,1981.0,1987.4,2000.5,1905495,3794368663.95,1991.28,124863.0,-0.6548362909272637,1990.1825000000001,1966.093
3858,2019-03-15,TCS,1998.9,2068.95,1991.0,2039.95,1987.4,5184318,10576085296.25,2040.01,164284.0,2.644158196638822,1989.95,1968.8930000000003
3859,2019-03-18,TCS,2043.0,2064.6,2011.0,2022.8,2039.95,2349915,4777435477.2,2033.02,116385.0,-0.8407068800705945,1989.605,1971.8120000000001
3860,2019-03-19,TCS,2030.0,2030.0,1995.1,2022.8,2022.8,2373993,4773416985.45,2010.71,135360.0,0.0,1992.23,1974.31
3861,2019-03-20,TCS,2028.0,2044.8,2000.0,2015.05,2022.8,3091165,6262136193.4,2025.82,161415.0,-0.3831322918726518,1997.7424999999998,1976.74
3862,2019-03-22,TCS,2015.0,2016.0,1983.3,2005.65,2015.05,3148149,6293031836.95,1998.96,155770.0,-0.4664896652688451,2002.2875,1979.1140000000003
3810,2019-03-22,TCS,2015.0,2016.0,1983.3,2005.65,2015.05,3148149,6293031836.95,1998.96,155770.0,-0.4664896652688451,2006.8600000000001,1981.4560000000001
3811,2019-03-25,TCS,2007.8,2007.8,1977.2,1984.25,2005.65,2429205,4828960486.25,1987.88,94852.0,-1.066985765213277,2009.7900000000002,1984.29
3812,2019-03-26,TCS,1984.0,1994.95,1958.05,1982.65,1984.25,2316539,4566962637.55,1971.46,114153.0,-0.08063500062995636,2009.6649999999997,1987.6779999999999
3813,2019-03-27,TCS,1994.0,1998.0,1961.0,1967.9,1982.65,2266166,4485003551.4,1979.12,110306.0,-0.7439537992081304,2006.125,1989.68
3814,2019-03-28,TCS,1980.0,2014.6,1972.8,2000.3,1967.9,4054489,8084506923.2,1993.96,144600.0,1.646425123227799,2003.2350000000001,1992.2830000000001
3815,2019-03-29,TCS,2019.0,2024.9,1983.55,2001.65,2000.3,2948955,5902926700.5,2001.7,134193.0,0.06748987651852904,2004.145,1994.43
3816,2019-04-01,TCS,2010.0,2039.95,2008.25,2031.65,2001.65,2095740,4249964902.45,2027.91,109983.0,1.4987635200959208,2005.9574999999998,1997.05
3817,2019-04-02,TCS,2037.1,2086.0,2037.0,2079.3,2031.65,3719663,7677855817.15,2064.13,124157.0,2.3453842935545044,2010.5175,2000.4619999999998
3818,2019-04-03,TCS,2085.0,2089.6,2058.1,2079.3,2079.3,2939886,6096919299.4,2073.86,119988.0,0.0,2014.5025,2004.01
3819,2019-04-04,TCS,2078.15,2079.7,2007.4,2014.5,2079.3,4397518,8969909268.7,2039.77,145227.0,-3.1164334150916257,2014.5625,2006.7879999999998
3820,2019-04-05,TCS,2028.65,2054.4,2018.8,2048.3,2014.5,3152103,6421435439.6,2037.19,96704.0,1.6778356912385297,2015.8425,2009.7230000000002
3821,2019-04-08,TCS,2059.0,2075.0,2032.7,2070.75,2048.3,2194294,4512880260.6,2056.64,130397.0,1.0960308548552369,2018.6399999999999,2012.7220000000002
3822,2019-04-09,TCS,2070.0,2098.0,2057.65,2091.5,2070.75,2690970,5612369594.4,2085.63,122603.0,1.0020523964747072,2022.5925,2015.4520000000002
3823,2019-04-10,TCS,2083.0,2085.5,2036.0,2040.25,2091.5,3313062,6804718227.45,2053.91,168190.0,-2.450394453741334,2024.58,2016.602
3824,2019-04-11,TCS,2045.0,2055.0,2013.65,2019.5,2040.25,3422442,6942308979.4,2028.47,133153.0,-1.017032226442838,2026.185,2017.364
3825,2019-04-12,TCS,2038.0,2039.0,2007.0,2014.5,2019.5,3198471,6460808051.55,2019.97,126989.0,-0.24758603614756128,2024.9125,2017.372
3826,2019-04-15,TCS,2070.0,2119.8,2041.0,2113.3,2014.5,9189201,19168862828.05,2086.02,282918.0,4.904442789774147,2029.4375,2019.0390000000002
3827,2019-04-16,TCS,2120.0,2155.95,2115.55,2131.8,2113.3,5771952,12337757819.75,2137.54,222230.0,0.8754081294657644,2034.8875000000003,2020.67
3828,2019-04-18,TCS,2149.9,2155.0,2114.2,2150.05,2131.8,3413728,7301311595.85,2138.81,159168.0,0.8560840604184257,2041.6375,2022.78
3829,2019-04-22,TCS,2148.0,2176.0,2145.6,2161.45,2150.05,2007135,4346926221.0,2165.74,79881.0,0.5302202274365543,2049.4275000000002,2024.513
3830,2019-04-23,TCS,2163.0,2165.5,2134.05,2155.05,2161.45,2163524,4645533581.75,2147.21,88782.0,-0.2960975271229793,2056.8975,2025.9560000000001
3831,2019-04-24,TCS,2158.0,2195.0,2156.1,2183.45,2155.05,3003071,6523621909.9,2172.32,128669.0,1.3178348530196344,2066.8575,2028.397
3832,2019-04-25,TCS,2175.0,2205.0,2168.05,2195.0,2183.45,4211526,9221344246.45,2189.55,108403.0,0.5289793675147213,2077.4750000000004,2030.979
3833,2019-04-26,TCS,2203.0,2243.95,2193.15,2238.55,2195.0,2716958,6046198155.6,2225.36,110079.0,1.9840546697038806,2091.0075,2034.7179999999998
3834,2019-04-30,TCS,2238.55,2266.95,2230.1,2260.35,2238.55,3488395,7857544875.95,2252.48,135194.0,0.9738446762413047,2104.0099999999998,2038.6170000000002
3783,2019-05-02,TCS,2255.0,2259.4,2211.1,2215.4,2260.35,2457699,5475449034.65,2227.88,106215.0,-1.9886300794124723,2114.6974999999998,2042.033
3784,2019-05-03,TCS,2185.0,2186.05,2125.0,2132.0,2215.4,3780886,8140257404.35,2153.0,188561.0,-3.7645571905750694,2119.715,2044.079
3785,2019-05-06,TCS,2110.0,2165.0,2108.5,2157.85,2132.0,2891422,6216881349.35,2150.11,109314.0,1.2124765478423973,2123.6425,2047.83
3786,2019-05-07,TCS,2160.05,2184.35,2138.8,2151.95,2157.85,2201698,4763441089.75,2163.53,86096.0,-0.27342030261603406,2127.275,2052.7729999999997
3787,2019-05-08,TCS,2151.0,2168.0,2130.4,2152.85,2151.95,1824895,3926902424.6,2151.85,77713.0,0.04182253305142271,2134.1925,2057.535
3788,2019-05-09,TCS,2145.0,2184.1,2136.1,2172.55,2152.85,2264162,4906404979.4,2166.98,106297.0,0.915066075202651,2140.405,2062.7019999999998
3789,2019-05-10,TCS,2175.0,2192.0,2125.85,2135.8,2172.55,2039633,4409349005.65,2161.83,85446.0,-1.6915606085015304,2143.6575000000003,2066.905
3790,2019-05-13,TCS,2133.0,2167.0,2121.65,2128.75,2135.8,1701744,3648325263.15,2143.87,74014.0,-0.33008708680588916,2145.52,2069.777
3791,2019-05-14,TCS,2135.0,2159.8,2072.35,2092.35,2128.75,2456110,5160632655.8,2101.14,118567.0,-1.7099236641221416,2148.125,2070.85
3792,2019-05-15,TCS,2097.0,2124.0,2084.5,2095.4,2092.35,2346876,4937022681.65,2103.66,119315.0,0.14576911128636139,2151.92,2071.596
3793,2019-05-16,TCS,2096.0,2124.0,2077.05,2108.75,2095.4,1946529,4102397614.2,2107.55,118994.0,0.6371098596926558,2156.6325,2074.102
3794,2019-05-17,TCS,2112.6,2135.0,2090.0,2095.45,2108.75,1947908,4104894878.95,2107.34,85798.0,-0.63070539419088,2155.7400000000002,2076.103
3795,2019-05-20,TCS,2125.0,2151.4,2050.0,2143.95,2095.45,2625116,5563937035.6,2119.5,112038.0,2.3145386432508532,2156.3475,2079.22
3796,2019-05-21,TCS,2148.05,2148.7,2102.55,2109.75,2143.95,1863157,3954316658.75,2122.37,100432.0,-1.5951864549079886,2154.3325,2081.4230000000002
3797,2019-05-22,TCS,2110.0,2121.95,2075.0,2081.75,2109.75,2595795,5428609876.35,2091.31,154844.0,-1.327171465813485,2150.3475,2082.792
3798,2019-05-23,TCS,2098.0,2115.35,2050.0,2054.05,2081.75,2541294,5264898713.65,2071.74,122224.0,-1.3306112645610577,2145.2975,2083.419
3799,2019-05-24,TCS,2070.0,2070.0,2032.25,2048.0,2054.05,2274208,4664725693.15,2051.14,114179.0,-0.2945400550132753,2138.525,2084.083
3800,2019-05-27,TCS,2054.8,2068.95,2040.1,2055.15,2048.0,2329820,4787473257.7,2054.87,85924.0,0.34912109375000444,2131.5325,2084.937
3801,2019-05-28,TCS,2060.0,2097.5,2045.0,2073.75,2055.15,5872979,12194983826.6,2076.46,205972.0,0.9050434274870403,2123.2925,2086.402
3802,2019-05-29,TCS,2080.0,2123.7,2077.1,2107.55,2073.75,3281320,6921811131.4,2109.46,177202.0,1.6298975286317148,2115.6525,2088.805
3803,2019-05-30,TCS,2123.0,2156.55,2114.4,2146.3,2107.55,4971725,10652535237.95,2142.62,150672.0,1.8386277905625013,2112.1975,2090.9320000000002
3804,2019-05-31,TCS,2160.0,2204.95,2152.25,2196.55,2146.3,4265370,9316057231.95,2184.11,161842.0,2.3412384102874713,2115.425,2094.4069999999997
3805,2019-06-03,TCS,2201.0,2247.65,2185.65,2242.3,2196.55,3682419,8188536868.55,2223.68,138425.0,2.0828116819557945,2119.6475,2098.797
3806,2019-06-04,TCS,2224.0,2224.0,2175.0,2183.1,2242.3,2408658,5287022188.05,2195.01,98393.0,-2.640146278374895,2121.205,2102.1580000000004
3807,2019-06-06,TCS,2199.0,2199.0,2152.0,2166.1,2183.1,3735467,8104595594.6,2169.63,116134.0,-0.7787091750263387,2121.8675,2105.3669999999997
3808,2019-06-07,TCS,2174.0,2189.8,2142.1,2181.75,2166.1,2659446,5747611166.65,2161.21,79783.0,0.7224966529707811,2122.3275,2108.889
3809,2019-06-10,TCS,2196.7,2235.85,2185.5,2231.5,2181.75,2080593,4618876309.55,2219.98,106316.0,2.2802795920705856,2127.1125,2113.834
3753,2019-06-10,TCS,2196.7,2235.85,2185.5,2231.5,2181.75,2080593,4618876309.55,2219.98,106316.0,2.2802795920705856,2132.25,2118.811
3754,2019-06-11,TCS,2237.0,2263.95,2231.0,2252.8,2231.5,3048937,6862835495.2,2250.89,148188.0,0.954514900291292,2140.2725,2124.509
3755,2019-06-12,TCS,2245.0,2266.9,2219.0,2260.9,2252.8,2404448,5389074309.45,2241.29,141774.0,0.35955255681817777,2148.5475,2129.721
3756,2019-06-13,TCS,2264.0,2285.0,2243.05,2254.1,2260.9,3320916,7524421055.85,2265.77,138967.0,-0.30076518200717334,2155.815,2134.77
3757,2019-06-14,TCS,2257.25,2263.1,2234.0,2254.5,2254.1,2131408,4795830703.85,2250.08,130534.0,0.017745441639682842,2163.7675,2139.2270000000003
3758,2019-06-17,TCS,2256.0,2262.0,2241.45,2249.2,2254.5,1489497,3354989738.7,2252.43,82160.0,-0.23508538478599164,2169.0299999999997,2142.625
3759,2019-06-18,TCS,2244.0,2260.0,2231.2,2250.85,2249.2,1877447,4216271605.1,2245.75,148431.0,0.07335941668149079,2176.085,2146.056
3760,2019-06-19,TCS,2255.0,2276.0,2243.15,2259.9,2250.85,1652817,3738994073.2,2262.19,88350.0,0.4020703289868353,2184.9925,2150.964
3761,2019-06-20,TCS,2230.0,2284.0,2212.0,2277.95,2259.9,2199377,4944988185.45,2248.36,123696.0,0.7987079074295201,2196.1875,2155.5570000000002
3762,2019-06-21,TCS,2285.0,2292.5,2242.0,2249.85,2277.95,3871804,8734275728.8,2255.87,141057.0,-1.2335652670163926,2206.2799999999997,2159.139
3763,2019-06-24,TCS,2254.15,2280.0,2250.8,2275.5,2249.85,1382424,3135065458.9,2267.8,78153.0,1.1400760050670085,2217.2975,2162.819
3764,2019-06-25,TCS,2270.0,2274.45,2250.5,2267.8,2275.5,1386077,3138189676.8,2264.08,99699.0,-0.33838716765545235,2227.0,2167.37
3765,2019-06-26,TCS,2265.0,2266.8,2250.0,2254.2,2267.8,1762224,3981246151.75,2259.22,94030.0,-0.5997001499250535,2234.3325,2172.064
3766,2019-06-27,TCS,2255.0,2264.0,2241.3,2252.55,2254.2,2813464,6342943270.4,2254.5,138850.0,-0.07319669949426122,2239.6449999999995,2176.825
3767,2019-06-28,TCS,2260.0,2261.95,2222.5,2227.2,2252.55,2372928,5302849982.9,2234.73,115508.0,-1.1253912232802985,2241.1775000000002,2179.103
3768,2019-07-01,TCS,2235.0,2255.0,2206.6,2239.55,2227.2,2769940,6196758934.65,2237.15,129268.0,0.5545079022988669,2241.04,2181.2580000000003
3769,2019-07-02,TCS,2244.9,2257.0,2216.45,2252.1,2239.55,1771746,3964796610.8,2237.79,97184.0,0.5603804335692315,2244.4900000000002,2183.2990000000004
3770,2019-07-03,TCS,2252.2,2258.8,2232.0,2237.65,2252.1,1656881,3714996570.45,2242.16,87941.0,-0.6416233737400568,2248.0675,2184.8230000000003
3771,2019-07-04,TCS,2234.0,2252.0,2230.1,2242.65,2237.65,984140,2205501632.25,2241.04,59990.0,0.22344870734922798,2251.1125,2186.575
3772,2019-07-05,TCS,2247.0,2250.0,2140.0,2163.1,2242.65,4088470,8910374711.95,2179.39,160276.0,-3.5471428889929406,2247.6925,2186.168
3773,2019-07-08,TCS,2149.0,2188.8,2132.1,2175.4,2163.1,2788062,6045877428.4,2168.49,109097.0,0.5686283574499645,2244.8875,2185.776
3774,2019-07-09,TCS,2174.0,2174.4,2104.55,2133.35,2175.4,3977224,8467341968.35,2128.96,191613.0,-1.93297784315529,2238.915,2183.672
3775,2019-07-10,TCS,2080.0,2127.85,2071.3,2108.2,2133.35,6343581,13337498420.65,2102.52,223857.0,-1.1788970398668803,2231.2799999999997,2180.629
3776,2019-07-11,TCS,2128.0,2129.0,2086.05,2102.55,2108.2,2400346,5048402094.65,2103.2,164280.0,-0.26800113841189815,2223.7025,2178.3720000000003
3777,2019-07-12,TCS,2102.1,2119.75,2093.1,2107.6,2102.55,1560725,3290489158.95,2108.31,94025.0,0.24018453782310656,2216.3575,2177.884
3778,2019-07-15,TCS,2125.0,2153.6,2098.0,2145.7,2107.6,2900415,6168520111.7,2126.77,158215.0,1.8077434048206449,2211.1825,2177.641
3779,2019-07-16,TCS,2126.0,2132.5,2100.0,2106.0,2145.7,2735399,5768652609.95,2108.89,182859.0,-1.8502120520109904,2203.94,2176.722
3780,2019-07-17,TCS,2108.0,2125.0,2092.1,2117.25,2106.0,1802969,3807055296.55,2111.55,108297.0,0.5341880341880342,2196.8075,2176.01
3781,2019-07-18,TCS,2116.2,2116.2,2060.0,2065.95,2117.25,3072096,6403142579.5,2084.29,167750.0,-2.422954303931996,2186.2074999999995,2173.878
3782,2019-07-19,TCS,2077.0,2097.0,2062.5,2076.95,2065.95,1953177,4064152463.1,2080.79,108418.0,0.5324427019046928,2177.5625,2172.701
3726,2019-07-22,TCS,2077.0,2117.45,2068.8,2109.9,2076.95,1920167,4031065399.2,2099.33,113048.0,1.5864609162473953,2169.2825000000003,2172.324
3727,2019-07-23,TCS,2127.9,2130.0,2102.4,2112.45,2109.9,3538588,7504314835.45,2120.71,117545.0,0.12085880847432233,2161.5150000000003,2172.726
3728,2019-07-24,TCS,2110.0,2120.8,2076.5,2096.8,2112.45,2413196,5061674805.9,2097.5,112922.0,-0.7408459371819279,2153.645,2172.754
3729,2019-07-25,TCS,2108.9,2135.0,2092.55,2127.9,2096.8,2544464,5390236891.2,2118.42,119553.0,1.4832125143075117,2147.4125,2173.137
3730,2019-07-26,TCS,2129.8,2129.8,2095.0,2109.05,2127.9,1720592,3629738982.0,2109.59,88967.0,-0.8858498989614131,2141.505,2173.409
3731,2019-07-29,TCS,2110.8,2142.0,2103.3,2130.0,2109.05,1647090,3497461296.4,2123.42,95152.0,0.9933382328536458,2136.0275,2173.13
3732,2019-07-30,TCS,2130.0,2185.0,2120.45,2179.15,2130.0,2851672,6167374325.65,2162.72,151588.0,2.3075117370892064,2132.38,2174.518
3733,2019-07-31,TCS,2171.75,2211.7,2147.15,2205.7,2179.15,3000677,6541994700.3,2180.17,132679.0,1.218364958814204,2130.7825000000003,2176.997
3734,2019-08-01,TCS,2200.0,2217.5,2166.25,2180.05,2205.7,2375236,5213870562.9,2195.1,175166.0,-1.1628961327469574,2127.6525,2179.5170000000003
3735,2019-08-02,TCS,2173.0,2210.0,2165.5,2205.3,2180.05,2500816,5466555711.85,2185.91,154834.0,1.1582303158184446,2129.7625,2182.663
3736,2019-08-05,TCS,2199.9,2252.25,2195.6,2248.6,2205.3,3039682,6812507105.5,2241.19,149146.0,1.9634516845780496,2133.4225,2186.532
3737,2019-08-06,TCS,2232.8,2251.95,2211.45,2214.9,2248.6,2885467,6441130302.75,2232.27,181107.0,-1.498710308636477,2137.5,2189.355
3738,2019-08-07,TCS,2230.0,2238.5,2207.25,2213.45,2214.9,2165362,4813906242.55,2223.14,141079.0,-0.06546570951285714,2142.7625,2191.473
3739,2019-08-08,TCS,2228.9,2281.0,2218.9,2258.1,2213.45,2073298,4659603954.15,2247.44,139214.0,2.0172129481126793,2150.54,2193.7090000000003
3740,2019-08-09,TCS,2260.0,2267.9,2241.35,2246.25,2258.1,1744550,3930622404.15,2253.09,119969.0,-0.5247774677826451,2157.4725,2194.703
3741,2019-08-13,TCS,2245.0,2246.25,2194.3,2199.45,2246.25,1647281,3656315691.3,2219.61,157195.0,-2.0834724540901584,2160.16,2193.846
3742,2019-08-14,TCS,2181.1,2217.85,2167.4,2204.4,2199.45,1945002,4280198913.25,2200.61,122192.0,0.22505626406602894,2165.08,2194.272
3743,2019-08-16,TCS,2241.4,2241.4,2143.25,2165.1,2204.4,3755507,8163597623.6,2173.77,191781.0,-1.7827980402830783,2167.4725,2194.252
3744,2019-08-19,TCS,2180.0,2186.0,2157.7,2163.0,2165.1,974884,2117265896.9,2171.81,80584.0,-0.09699321047526253,2172.325,2193.877
3745,2019-08-20,TCS,2172.0,2205.0,2166.5,2186.75,2163.0,1843611,4038017157.25,2190.28,104689.0,1.0980120203421173,2177.8149999999996,2192.982
3746,2019-08-21,TCS,2184.95,2202.0,2182.25,2186.2,2186.75,1214408,2663722477.85,2193.43,75613.0,-0.025151480507610922,2181.63,2192.076
3747,2019-08-22,TCS,2187.0,2235.65,2170.0,2216.0,2186.2,2131601,4718387345.95,2213.54,106338.0,1.3630957826365466,2186.8075,2191.34
3748,2019-08-23,TCS,2214.95,2259.9,2213.9,2247.7,2216.0,2826425,6342931919.75,2244.15,142446.0,1.4305054151624466,2194.3525,2191.0759999999996
3749,2019-08-26,TCS,2247.0,2282.0,2225.0,2276.3,2247.7,2345475,5300365694.55,2259.83,113243.0,1.2724117987276045,2201.7725,2191.52
3750,2019-08-27,TCS,2270.0,2274.85,2229.0,2236.5,2276.3,3432106,7693101227.4,2241.51,182084.0,-1.7484514343452173,2208.145,2191.16
3751,2019-08-28,TCS,2240.0,2252.15,2216.0,2239.25,2236.5,1294621,2891125233.1,2233.18,91252.0,0.12295998211491169,2213.6075,2190.9610000000002
3701,2019-08-29,TCS,2222.2,2248.2,2222.2,2233.45,2239.25,1670652,3734260243.55,2235.21,98341.0,-0.2590152952997737,2216.3224999999998,2190.613
3752,2019-08-29,TCS,2222.2,2248.2,2222.2,2233.45,2239.25,1670652,3734260243.55,2235.21,98341.0,-0.2590152952997737,2217.71,2190.084
3702,2019-08-30,TCS,2241.0,2266.0,2218.0,2259.6,2233.45,2583625,5792267670.05,2241.92,117933.0,1.1708343593991402,2221.6875,2189.717
3703,2019-09-03,TCS,2270.0,2296.2,2236.95,2251.6,2259.6,2545060,5792249619.3,2275.88,131301.0,-0.35404496371039124,2224.0025,2189.752
3704,2019-09-04,TCS,2265.0,2270.0,2233.0,2245.4,2251.6,2228092,5009661776.3,2248.41,128138.0,-0.275359744181907,2223.8424999999997,2189.15
3705,2019-09-05,TCS,2242.2,2253.65,2207.3,2215.3,2245.4,2055943,4575003143.35,2225.26,133165.0,-1.3405183931593438,2223.8625,2188.1
3706,2019-09-06,TCS,2216.0,2233.5,2192.6,2197.5,2215.3,1890550,4167105292.2,2204.18,118713.0,-0.8035029115695473,2223.0649999999996,2186.966
3707,2019-09-09,TCS,2200.0,2202.85,2179.8,2182.85,2197.5,1703945,3728385318.55,2188.09,121273.0,-0.6666666666666707,2219.3025000000002,2185.5719999999997
3708,2019-09-11,TCS,2186.0,2195.0,2146.55,2154.0,2182.85,2627440,5682202898.0,2162.64,199136.0,-1.3216666284902723,2214.69,2184.1079999999997
3709,2019-09-12,TCS,2155.0,2165.0,2120.35,2133.6,2154.0,2118859,4524743294.65,2135.46,138766.0,-0.9470752089136533,2211.3975,2181.989
3710,2019-09-13,TCS,2135.0,2157.95,2115.55,2141.95,2133.6,2291174,4893564411.7,2135.83,138321.0,0.39135733033370407,2208.275,2179.786
3711,2019-09-16,TCS,2159.95,2173.4,2126.4,2150.0,2141.95,2597948,5588631429.95,2151.17,151943.0,0.3758257662410505,2207.52,2178.033
3712,2019-09-17,TCS,2154.95,2156.55,2105.6,2122.65,2150.0,2796530,5939218333.7,2123.78,121706.0,-1.2720930232558099,2205.5025,2175.6330000000003
3713,2019-09-18,TCS,2126.4,2142.95,2113.15,2138.55,2122.65,1454663,3102820740.35,2133.02,94064.0,0.7490636704119893,2203.0925,2175.142
3714,2019-09-19,TCS,2135.0,2135.8,2091.0,2101.95,2138.55,1652691,3476827643.5,2103.74,101537.0,-1.711439994388738,2198.88,2173.6730000000002
3715,2019-09-20,TCS,2104.9,2129.4,2057.0,2065.45,2101.95,6941979,14464976393.5,2083.7,275363.0,-1.736482789790433,2191.3525,2172.315
3716,2019-09-23,TCS,2099.0,2099.0,1975.0,2015.8,2065.45,6323401,12720249671.4,2011.62,293188.0,-2.4038345154808813,2179.7575,2170.467
3717,2019-09-24,TCS,2015.0,2061.0,2013.0,2044.7,2015.8,4620978,9450241270.55,2045.07,219776.0,1.4336739755928214,2168.1775,2169.31
3718,2019-09-25,TCS,2065.0,2092.0,2060.05,2088.45,2044.7,4002232,8316551653.85,2077.98,205505.0,2.139678192399852,2160.775,2168.9269999999997
3719,2019-09-26,TCS,2097.9,2107.0,2063.0,2087.6,2088.45,4234281,8826127623.55,2084.45,216311.0,-0.04070004070003635,2153.1925,2167.765
3720,2019-09-27,TCS,2085.0,2085.2,2051.4,2056.15,2087.6,2046795,4227783647.6,2065.56,125241.0,-1.5065146579804474,2144.3275000000003,2166.768
3721,2019-09-30,TCS,2061.85,2104.0,2060.0,2099.3,2056.15,2620039,5476076783.1,2090.07,124092.0,2.0985823018748677,2137.62,2166.409
3722,2019-10-01,TCS,2095.95,2095.95,2039.7,2059.95,2099.3,3342877,6883109000.95,2059.04,170294.0,-1.874434335254626,2127.6375,2166.2889999999998
3723,2019-10-03,TCS,2070.0,2081.15,2046.15,2060.25,2059.95,2317618,4786975229.1,2065.47,187925.0,0.014563460278170924,2118.07,2165.955
3724,2019-10-04,TCS,2060.6,2087.95,2054.95,2079.35,2060.25,2163251,4498010283.1,2079.28,128092.0,0.9270719572867326,2109.7675,2165.344
3725,2019-10-07,TCS,2080.0,2094.5,2041.0,2047.7,2079.35,2177916,4491446312.95,2062.27,98775.0,-1.522110274845498,2101.3875,2164.049
3675,2019-10-09,TCS,2060.0,2060.0,2015.5,2020.1,2047.7,2066920,4188460128.45,2026.43,107493.0,-1.3478536895053053,2092.5175,2162.515
3676,2019-10-10,TCS,2028.0,2039.05,1997.1,2004.45,2020.1,2881452,5806566989.4,2015.15,125920.0,-0.774714123063208,2083.5975000000003,2160.0460000000003
3677,2019-10-11,TCS,1931.0,1995.0,1925.0,1986.85,2004.45,12593069,24658143172.35,1958.07,327238.0,-0.8780463468782027,2075.24,2157.602
3678,2019-10-14,TCS,1995.0,2032.75,1968.0,2021.0,1986.85,3510704,7055809113.55,2009.8,154256.0,1.7188011173465583,2069.6099999999997,2155.422
3679,2019-10-15,TCS,2032.0,2047.0,2022.7,2037.3,2021.0,2261310,4611451969.5,2039.28,147982.0,0.8065314200890625,2064.3775,2152.585
3680,2019-10-16,TCS,2038.0,2056.0,2016.0,2046.4,2037.3,3034082,6166492279.65,2032.41,160140.0,0.44666961174103653,2059.1974999999998,2149.399
3681,2019-10-17,TCS,2014.0,2038.0,1999.3,2030.95,2046.4,3818774,7708077723.55,2018.47,189836.0,-0.7549843627834267,2054.6125,2146.417
3682,2019-10-18,TCS,2037.5,2063.9,2025.0,2057.35,2030.95,3087901,6317936211.05,2046.03,115810.0,1.299884290602913,2050.5525,2143.458
3683,2019-10-22,TCS,2080.0,2111.5,2040.05,2051.4,2057.35,5552505,11481414801.7,2067.79,236213.0,-0.2892069895739577,2048.025,2139.514
3684,2019-10-23,TCS,2060.0,2083.85,2052.5,2070.1,2051.4,2348134,4857858827.9,2068.82,204587.0,0.911572584576378,2048.2575,2136.618
3685,2019-10-24,TCS,2084.0,2099.0,2061.3,2082.0,2070.1,2798671,5813617173.45,2077.28,156073.0,0.5748514564513836,2051.5675,2133.989
3686,2019-10-25,TCS,2094.0,2130.0,2075.05,2124.95,2082.0,3954245,8313995116.15,2102.55,165203.0,2.0629202689721335,2055.58,2131.3259999999996
3687,2019-10-27,TCS,2129.0,2129.0,2108.8,2115.7,2124.95,224421,475130157.2,2117.14,13145.0,-0.4353043601025907,2056.9425,2128.715
3688,2019-10-29,TCS,2121.5,2201.7,2121.5,2194.85,2115.7,5064173,11005521982.35,2173.21,261926.0,3.7410786028264917,2062.305,2128.623
3689,2019-10-30,TCS,2225.0,2260.0,2176.85,2252.8,2194.85,5195136,11584598863.45,2229.89,180430.0,2.6402715447525016,2072.1375,2129.591
3690,2019-10-31,TCS,2250.0,2284.95,2237.0,2269.65,2252.8,4879261,11064284038.1,2267.61,170321.0,0.7479580965909051,2080.6549999999997,2131.682
3691,2019-11-01,TCS,2264.0,2275.0,2195.0,2200.9,2269.65,4172620,9258915613.6,2218.97,189932.0,-3.029101403300068,2087.7025,2132.44
3692,2019-11-04,TCS,2207.0,2229.2,2180.9,2193.95,2200.9,2646411,5815285936.9,2197.42,111662.0,-0.3157799082193772,2094.3875,2132.584
3693,2019-11-05,TCS,2197.0,2211.0,2169.0,2201.85,2193.95,2693475,5893271236.75,2187.98,136536.0,0.3600811322044756,2100.5125,2132.897
3694,2019-11-06,TCS,2200.0,2210.8,2179.0,2188.5,2201.85,2540719,5567664863.1,2191.37,112401.0,-0.6063083316302159,2107.5525000000002,2132.347
3695,2019-11-07,TCS,2204.5,2204.5,2175.2,2185.35,2188.5,1915598,4187659921.35,2186.08,97328.0,-0.14393420150788627,2115.815,2131.1
3696,2019-11-08,TCS,2189.6,2189.6,2124.0,2129.95,2185.35,2788759,5995204048.1,2149.77,110953.0,-2.535063033381385,2122.0899999999997,2128.173
3697,2019-11-11,TCS,2135.0,2139.0,2091.0,2100.95,2129.95,2983768,6283193792.1,2105.79,159080.0,-1.3615343083170968,2127.795,2125.462
3698,2019-11-13,TCS,2118.0,2183.8,2118.0,2178.6,2100.95,3823365,8264231079.6,2161.51,160217.0,3.695947071562869,2135.675,2124.249
3699,2019-11-14,TCS,2187.5,2200.0,2146.7,2196.8,2178.6,2995915,6541336935.45,2183.42,104976.0,0.8353988800147009,2143.65,2123.516
3700,2019-11-15,TCS,2196.0,2211.5,2168.75,2174.45,2196.8,2724180,5970921736.15,2191.82,95061.0,-1.0173889293518008,2150.0525000000002,2122.3360000000002
3646,2019-11-18,TCS,2178.4,2187.75,2148.75,2152.6,2174.45,1611089,3478507912.8,2159.1,66947.0,-1.0048518016049994,2156.1349999999998,2120.196
3647,2019-11-19,TCS,2153.0,2154.65,2105.0,2108.8,2152.6,2975313,6298664073.25,2116.98,119968.0,-2.0347486760196842,2158.7075,2117.34
3648,2019-11-20,TCS,2121.95,2135.0,2094.5,2108.55,2108.8,2894129,6114194013.7,2112.62,119231.0,-0.011855083459787556,2161.5649999999996,2114.603
3649,2019-11-21,TCS,2112.0,2126.6,2107.4,2118.1,2108.55,2052574,4351898935.6,2120.22,90452.0,0.452917881956782,2163.965,2112.659
3650,2019-11-22,TCS,2097.0,2107.0,2060.5,2071.7,2118.1,3742049,7781117093.2,2079.37,137777.0,-2.1906425570086445,2163.45,2110.143
3651,2019-11-25,TCS,2074.55,2084.95,2052.2,2081.5,2071.7,2737010,5681024553.6,2075.63,118827.0,0.47304146353237353,2161.2775,2108.116
3652,2019-11-26,TCS,2089.85,2097.9,2035.05,2046.65,2081.5,6561580,13492522424.85,2056.29,164453.0,-1.6742733605572861,2157.825,2105.969
3653,2019-11-27,TCS,2052.0,2071.7,2046.55,2054.3,2046.65,2907521,5990929718.65,2060.49,108988.0,0.37378154545232894,2150.7974999999997,2104.383
3654,2019-11-28,TCS,2067.05,2094.4,2060.0,2077.35,2054.3,2924429,6086706922.95,2081.33,142488.0,1.1220367034999623,2142.025,2103.091
3655,2019-11-29,TCS,2085.0,2085.0,2045.8,2053.25,2077.35,2064271,4243879652.0,2055.87,105237.0,-1.1601318988133877,2131.2050000000004,2101.156
3656,2019-12-02,TCS,2060.0,2067.7,2016.0,2021.05,2053.25,3809860,7735797778.7,2030.47,159643.0,-1.5682454645074906,2122.2125,2099.124
3657,2019-12-03,TCS,2027.7,2062.0,2010.0,2051.0,2021.05,4664774,9534847755.0,2044.01,142334.0,1.4819029712278295,2115.0649999999996,2097.373
3658,2019-12-04,TCS,2053.0,2082.0,2045.5,2078.5,2051.0,3334301,6892536517.65,2067.16,108026.0,1.340809361287177,2108.8975,2096.904
3659,2019-12-05,TCS,2083.0,2126.8,2068.35,2121.3,2078.5,3902721,8225150032.2,2107.54,168163.0,2.0591772913158617,2105.5375,2098.021
3660,2019-12-06,TCS,2124.0,2128.0,2101.0,2123.6,2121.3,1829461,3872156015.05,2116.56,71365.0,0.10842407957383335,2102.45,2100.1769999999997
3661,2019-12-09,TCS,2127.95,2127.95,2053.5,2060.45,2123.6,2244747,4668909748.75,2079.93,100785.0,-2.9737238651346813,2098.975,2100.4919999999997
3662,2019-12-10,TCS,2060.0,2060.85,2003.25,2012.85,2060.45,4520045,9134965070.3,2020.99,174993.0,-2.310174961780189,2094.5699999999997,2098.98
3663,2019-12-11,TCS,2025.4,2048.0,2006.75,2041.9,2012.85,4943024,10048363660.6,2032.84,165464.0,1.443227264823518,2087.7349999999997,2098.066
3664,2019-12-12,TCS,2051.1,2083.65,1984.0,2020.9,2041.9,7137306,14559533846.75,2039.92,146550.0,-1.0284538909838876,2078.9399999999996,2097.361
3665,2019-12-13,TCS,2023.0,2077.4,2007.0,2071.25,2020.9,5711133,11708334592.1,2050.09,173478.0,2.4914641991192,2073.7799999999997,2096.8
3666,2019-12-16,TCS,2096.0,2136.0,2080.3,2126.75,2071.25,5574177,11799218410.35,2116.76,172181.0,2.6795413397706698,2072.4875,2098.136
3667,2019-12-17,TCS,2126.5,2169.0,2119.0,2164.95,2126.75,6059673,13056790687.25,2154.7,217425.0,1.796167861760894,2075.2949999999996,2100.23
3668,2019-12-18,TCS,2174.0,2203.45,2153.0,2167.75,2164.95,8251081,18007821655.85,2182.48,198563.0,0.12933324095245535,2078.255,2101.998
3669,2019-12-19,TCS,2179.8,2236.5,2167.55,2229.05,2167.75,6251505,13769608434.5,2202.61,181580.0,2.8278168608003775,2083.8025,2105.625
3670,2019-12-20,TCS,2220.0,2246.7,2208.25,2222.9,2229.05,5548338,12349976608.6,2225.89,158986.0,-0.27590229021332363,2091.3625,2109.681
3671,2019-12-23,TCS,2210.0,2241.95,2210.0,2231.7,2222.9,2247329,5010982045.9,2229.75,113685.0,0.39587925682665553,2098.8725,2114.2259999999997
3672,2019-12-24,TCS,2239.0,2243.55,2211.15,2215.6,2231.7,1805896,4014504828.2,2223.0,100655.0,-0.7214231303490573,2107.3199999999997,2118.801
3673,2019-12-26,TCS,2216.4,2229.0,2195.2,2201.95,2215.6,1880367,4151371219.35,2207.75,89812.0,-0.616085936089551,2114.7025000000003,2122.42
3643,2019-12-27,TCS,2208.0,2226.4,2176.0,2198.5,2201.95,2720261,5963118728.7,2192.11,93892.0,-0.1566793069778977,2120.7599999999998,2125.644
3674,2019-12-27,TCS,2208.0,2226.4,2176.0,2198.5,2201.95,2720261,5963118728.7,2192.11,93892.0,-0.1566793069778977,2128.0225,2128.686
3644,2019-12-30,TCS,2207.0,2225.0,2177.1,2183.2,2198.5,2288830,5023140879.4,2194.63,84027.0,-0.6959290425290053,2136.13,2131.7309999999998
3645,2019-12-31,TCS,2189.0,2197.0,2157.45,2161.7,2183.2,1909289,4146354804.75,2171.67,69597.0,-0.9847929644558446,2141.665,2133.8179999999998
4132,2020-01-01,TCS,2168.0,2183.9,2154.0,2167.6,2161.7,1354908,2940882381.95,2170.54,44438.0,0.27293333950132265,2146.12,2136.142
4133,2020-01-02,TCS,2179.95,2179.95,2149.2,2157.65,2167.6,2380752,5139156143.05,2158.63,99242.0,-0.459033031924701,2147.9375,2137.893
4134,2020-01-03,TCS,2164.0,2223.0,2164.0,2200.65,2157.65,4655761,10239206390.2,2199.26,123516.0,1.9929089518689314,2151.79,2140.266
4135,2020-01-06,TCS,2205.0,2225.95,2187.9,2200.45,2200.65,3023209,6665855309.1,2204.89,135360.0,-0.009088223933850127,2158.79,2141.776
4136,2020-01-07,TCS,2200.5,2214.65,2183.8,2205.85,2200.45,2429317,5353063591.1,2203.53,95018.0,0.2454043491104134,2168.4399999999996,2143.5789999999997
4137,2020-01-08,TCS,2205.0,2260.0,2202.05,2255.25,2205.85,5197454,11643424341.4,2240.22,172815.0,2.239499512659523,2179.1075,2144.7870000000003
4138,2020-01-09,TCS,2248.75,2251.95,2210.0,2214.35,2255.25,3734173,8303924064.05,2223.77,134309.0,-1.8135461700476707,2188.7799999999997,2144.018
4139,2020-01-10,TCS,2228.0,2234.0,2208.0,2213.55,2214.35,1915807,4252150307.25,2219.51,102938.0,-0.03612798338111532,2195.895,2142.896
4140,2020-01-13,TCS,2217.85,2218.95,2184.7,2190.35,2213.55,2843893,6249872578.1,2197.65,113645.0,-1.0480901718958358,2199.075,2142.685
4141,2020-01-14,TCS,2195.0,2229.8,2195.0,2206.9,2190.35,2948452,6523621598.3,2212.56,132106.0,0.7555870066427823,2201.1725,2142.944
4142,2020-01-15,TCS,2213.0,2231.0,2194.2,2226.9,2206.9,2620681,5798644641.7,2212.65,114594.0,0.9062485839865875,2204.13,2143.445
4143,2020-01-16,TCS,2226.95,2249.0,2215.0,2238.8,2226.9,3117214,6969483359.1,2235.81,113056.0,0.5343751403296102,2204.6175,2144.4509999999996
4144,2020-01-17,TCS,2240.75,2253.55,2213.0,2219.1,2238.8,3281059,7324550065.2,2232.37,123528.0,-0.8799356798284916,2204.4275,2145.126
4145,2020-01-20,TCS,2194.9,2242.2,2156.2,2170.35,2219.1,5817599,12696797976.85,2182.48,216725.0,-2.196836555360281,2201.36,2145.934
4146,2020-01-21,TCS,2169.95,2186.55,2158.05,2171.05,2170.35,1902980,4131268511.6,2170.95,115866.0,0.03225286244155426,2199.1325,2147.336
4147,2020-01-22,TCS,2181.0,2210.0,2173.7,2206.9,2171.05,1773686,3900137863.2,2198.89,109240.0,1.6512747288178489,2199.38,2147.902
4148,2020-01-23,TCS,2209.8,2217.75,2183.7,2190.95,2206.9,2069866,4555383340.35,2200.81,110107.0,-0.7227332457293159,2199.0024999999996,2147.785
4149,2020-01-24,TCS,2190.95,2190.95,2170.0,2183.4,2190.95,1319430,2875988028.7,2179.72,55949.0,-0.34459937470046,2198.2475,2147.964
4150,2020-01-27,TCS,2189.7,2193.45,2165.0,2169.25,2183.4,1549101,3366187862.3,2172.99,62160.0,-0.648071814601085,2197.55,2148.297
4151,2020-01-28,TCS,2174.0,2187.8,2152.0,2183.75,2169.25,1743024,3781454132.55,2169.48,79762.0,0.6684337904805808,2198.6524999999997,2149.796
4152,2020-01-29,TCS,2185.0,2186.95,2150.0,2154.6,2183.75,2306761,4992115934.85,2164.12,88479.0,-1.334859759587869,2198.0024999999996,2150.717
4153,2020-01-30,TCS,2160.0,2165.0,2125.0,2137.85,2154.6,2098567,4491487115.5,2140.26,88883.0,-0.7774064791608651,2197.0125,2151.112
4154,2020-01-31,TCS,2139.4,2144.35,2071.6,2079.05,2137.85,3287223,6897092272.7,2098.15,131558.0,-2.750426830694377,2190.9325,2151.259
4155,2020-02-01,TCS,2079.5,2180.7,2063.6,2164.85,2079.05,3319716,7070007900.45,2129.7,112061.0,4.126884875303611,2189.1524999999997,2152.926
4156,2020-02-03,TCS,2152.0,2194.7,2093.2,2102.5,2164.85,4728073,10100912568.45,2136.37,194574.0,-2.880107166778295,2183.9849999999997,2154.0429999999997
4157,2020-02-04,TCS,2129.0,2136.7,2086.6,2107.75,2102.5,3509339,7409207263.95,2111.28,130941.0,0.2497027348394768,2176.6099999999997,2155.112
4158,2020-02-05,TCS,2115.0,2156.7,2104.3,2146.55,2107.75,2439322,5210791950.6,2136.16,132082.0,1.8408255248487808,2173.2200000000003,2156.496
4159,2020-02-06,TCS,2145.0,2174.2,2115.5,2128.35,2146.55,2640065,5665630316.25,2146.02,97158.0,-0.8478721669656085,2168.96,2157.998
4160,2020-02-07,TCS,2139.0,2151.0,2119.0,2136.55,2128.35,2083442,4440665628.95,2131.41,73200.0,0.38527497826956436,2166.27,2160.308
4161,2020-02-10,TCS,2140.9,2167.0,2119.0,2161.95,2136.55,2383032,5123271169.05,2149.9,88969.0,1.1888324635510348,2164.0225,2162.527
4091,2020-02-10,TCS,2140.9,2167.0,2119.0,2161.95,2136.55,2383032,5123271169.05,2149.9,88969.0,1.1888324635510348,2160.775,2164.196
4092,2020-02-11,TCS,2163.0,2174.8,2147.6,2153.4,2161.95,1335820,2882266531.2,2157.68,76595.0,-0.3954763061125247,2156.505,2164.8379999999997
4093,2020-02-12,TCS,2151.1,2185.0,2150.0,2170.75,2153.4,1620407,3522057735.3,2173.56,98406.0,0.8057026098263168,2154.0875,2165.781
4094,2020-02-13,TCS,2172.95,2197.0,2171.0,2191.95,2170.75,1645948,3599206271.85,2186.71,73525.0,0.9766209835310293,2155.1675,2168.411
4095,2020-02-14,TCS,2188.0,2212.0,2171.0,2184.2,2191.95,1500115,3286548193.5,2190.86,117257.0,-0.35356645908893913,2155.825,2171.8379999999997
4096,2020-02-17,TCS,2196.95,2217.0,2190.2,2203.25,2184.2,1774724,3912463071.6,2204.55,81968.0,0.8721728779415889,2155.6425,2175.065
4097,2020-02-18,TCS,2199.95,2221.0,2186.05,2215.75,2203.25,2486223,5489791841.65,2208.09,98311.0,0.5673436968115284,2156.8825,2178.962
4098,2020-02-19,TCS,2215.75,2230.0,2190.5,2196.35,2215.75,1760463,3890285125.4,2209.81,77338.0,-0.8755500394900189,2157.5299999999997,2181.464
4099,2020-02-19,TCS,2215.75,2230.0,2190.5,2196.35,2215.75,1760463,3890285125.4,2209.81,77338.0,-0.8755500394900189,2158.885,2182.8559999999998
4100,2020-02-19,TCS,2215.75,2230.0,2190.5,2196.35,2215.75,1760463,3890285125.4,2209.81,77338.0,-0.8755500394900189,2159.5150000000003,2183.484
4101,2020-02-19,TCS,2215.75,2230.0,2190.5,2196.35,2215.75,1760463,3890285125.4,2209.81,77338.0,-0.8755500394900189,2161.6025,2184.056
4102,2020-02-19,TCS,2215.75,2230.0,2190.5,2196.35,2215.75,1760463,3890285125.4,2209.81,77338.0,-0.8755500394900189,2164.5274999999997,2183.402
4103,2020-02-20,TCS,2204.5,2214.4,2151.25,2156.8,2196.35,2317278,5072973393.6,2189.19,121407.0,-1.8007148223188347,2168.415,2182.08
4104,2020-02-24,TCS,2156.0,2178.95,2106.7,2115.35,2156.8,3092877,6656983182.25,2152.36,120347.0,-1.921828635014849,2165.94,2179.753
4105,2020-02-25,TCS,2115.5,2176.65,2111.0,2156.15,2115.35,2674567,5747361446.9,2148.89,116295.0,1.9287588342354782,2168.6225000000004,2178.564
4106,2020-02-26,TCS,2154.0,2163.9,2112.95,2123.6,2156.15,2686842,5742251457.3,2137.17,155115.0,-1.5096352294599253,2169.415,2176.9970000000003
4107,2020-02-27,TCS,2119.95,2119.95,2086.2,2105.5,2123.6,2349001,4937549661.85,2101.98,112336.0,-0.8523262384629832,2167.3625,2175.137
4108,2020-02-28,TCS,2068.0,2069.5,1990.0,2000.15,2105.5,4298076,8711395573.55,2026.81,229475.0,-5.003562099263829,2160.9525000000003,2171.17
4109,2020-03-02,TCS,2035.0,2053.95,1985.7,2001.3,2000.15,2667076,5430128654.2,2035.99,118184.0,0.057495687823406416,2154.1899999999996,2167.532
4114,2020-03-03,TCS,2020.0,2060.0,2012.0,2036.2,2001.3,2757585,5608338598.55,2033.79,139234.0,1.7438664867835951,2147.9025,2165.022
4113,2020-03-03,TCS,2020.0,2060.0,2012.0,2036.2,2001.3,2757585,5608338598.55,2033.79,139234.0,1.7438664867835951,2141.615,2162.394
4112,2020-03-03,TCS,2020.0,2060.0,2012.0,2036.2,2001.3,2757585,5608338598.55,2033.79,139234.0,1.7438664867835951,2135.755,2159.9649999999997
4111,2020-03-03,TCS,2020.0,2060.0,2012.0,2036.2,2001.3,2757585,5608338598.55,2033.79,139234.0,1.7438664867835951,2129.0275,2156.676
4110,2020-03-03,TCS,2020.0,2060.0,2012.0,2036.2,2001.3,2757585,5608338598.55,2033.79,139234.0,1.7438664867835951,2121.24,2153.391
4119,2020-03-04,TCS,2056.0,2094.45,2025.0,2083.2,2036.2,3237002,6666279934.95,2059.4,131156.0,2.3082211963461234,2116.19,2150.938
4116,2020-03-04,TCS,2056.0,2094.45,2025.0,2083.2,2036.2,3237002,6666279934.95,2059.4,131156.0,2.3082211963461234,2110.1875,2147.497
4117,2020-03-04,TCS,2056.0,2094.45,2025.0,2083.2,2036.2,3237002,6666279934.95,2059.4,131156.0,2.3082211963461234,2103.56,2144.874
4118,2020-03-04,TCS,2056.0,2094.45,2025.0,2083.2,2036.2,3237002,6666279934.95,2059.4,131156.0,2.3082211963461234,2097.9025,2142.2670000000003
4120,2020-03-04,TCS,2056.0,2094.45,2025.0,2083.2,2036.2,3237002,6666279934.95,2059.4,131156.0,2.3082211963461234,2092.245,2140.124
4115,2020-03-04,TCS,2056.0,2094.45,2025.0,2083.2,2036.2,3237002,6666279934.95,2059.4,131156.0,2.3082211963461234,2086.5875,2137.65
4121,2020-03-05,TCS,2085.7,2147.75,2084.05,2125.05,2083.2,3937056,8352624017.2,2121.54,193693.0,2.008928571428589,2083.0225,2135.6130000000003
4122,2020-03-06,TCS,2098.0,2123.65,2071.6,2116.45,2125.05,2595027,5444309389.5,2097.98,130651.0,-0.4046963600856621,2079.0275,2133.166
4123,2020-03-09,TCS,2075.0,2079.9,1935.0,1972.35,2116.45,4940982,9829011647.95,1989.28,227592.0,-6.808570956082114,2069.805,2128.231
4124,2020-03-11,TCS,1933.0,1987.3,1920.0,1953.7,1972.35,6796752,13317485489.4,1959.39,213057.0,-0.9455725403706171,2061.7225,2123.898
4125,2020-03-12,TCS,1904.0,1908.4,1758.35,1769.85,1953.7,8728972,15843998582.65,1815.1,252037.0,-9.410349593079804,2042.4074999999998,2115.874
4126,2020-03-13,TCS,1687.9,1820.0,1506.05,1806.3,1769.85,8029725,13944191600.15,1736.57,280631.0,2.0594965675057235,2026.5425,2107.8619999999996
4127,2020-03-16,TCS,1755.0,1842.25,1675.85,1696.4,1806.3,7844420,13806790037.55,1760.08,380004.0,-6.084260643303984,2006.0875,2097.971
4128,2020-03-17,TCS,1730.0,1731.0,1623.15,1658.0,1696.4,5713269,9643907647.0,1687.98,224133.0,-2.263617071445419,1988.98,2087.463
4129,2020-03-18,TCS,1676.8,1713.55,1627.75,1654.4,1658.0,7259111,12103889122.0,1667.41,276794.0,-0.21712907117007896,1971.6350000000002,2077.166
4130,2020-03-19,TCS,1559.7,1685.45,1546.75,1636.35,1654.4,5135162,8330841286.1,1622.31,248319.0,-1.0910299806576513,1951.6425,2066.2180000000003
4131,2020-03-20,TCS,1630.0,1869.0,1627.0,1797.45,1636.35,8547645,15279137654.05,1787.53,361688.0,9.845082042350361,1939.705,2059.075
4066,2020-03-23,TCS,1620.0,1750.0,1617.75,1669.7,1797.45,7003558,11819398271.45,1687.63,190709.0,-7.107290884308326,1921.3799999999999,2049.712
4067,2020-03-24,TCS,1653.05,1770.0,1632.85,1703.15,1669.7,6354209,10909810045.2,1716.94,309791.0,2.0033538959094472,1904.7274999999997,2042.194
4068,2020-03-25,TCS,1700.0,1810.0,1680.0,1750.3,1703.15,2765527,4798769889.4,1735.21,200205.0,2.768399729912213,1890.4325000000001,2033.9029999999998
4069,2020-03-26,TCS,1831.6,1832.05,1722.55,1790.95,1750.3,4556071,8126171884.0,1783.59,251428.0,2.322459007027372,1875.8199999999997,2027.6719999999998
4070,2020-03-27,TCS,1820.0,1850.0,1750.4,1824.5,1790.95,4331310,7782510210.5,1796.8,217336.0,1.873307462519889,1862.8849999999998,2022.0069999999998
4071,2020-03-30,TCS,1766.0,1905.0,1763.55,1778.5,1824.5,8513608,15439075101.8,1813.46,277606.0,-2.5212386955330226,1847.65,2014.6459999999997
4072,2020-03-31,TCS,1837.4,1855.0,1780.0,1826.1,1778.5,3927593,7165706825.15,1824.45,190774.0,2.676412707337639,1834.795,2008.601
4073,2020-04-01,TCS,1825.9,1834.75,1702.0,1708.75,1826.1,4941898,8715811596.15,1763.66,221364.0,-6.426263621926505,1816.0725000000002,2000.045
4074,2020-04-03,TCS,1740.0,1740.0,1650.0,1654.2,1708.75,5735529,9683316717.35,1688.3,244588.0,-3.192392099487927,1794.6225,1989.89
4075,2020-04-07,TCS,1710.0,1785.85,1705.0,1775.2,1654.2,5427965,9483750315.95,1747.2,232534.0,7.314714061177609,1777.1299999999999,1982.1549999999997
4076,2020-04-08,TCS,1760.0,1806.0,1701.0,1705.45,1775.2,6285616,10916585385.25,1736.76,276600.0,-3.9291347453808023,1756.58,1973.1960000000001
4077,2020-04-09,TCS,1750.45,1778.8,1731.2,1766.15,1705.45,5307649,9336868535.45,1759.13,184889.0,3.559177929578706,1746.27,1965.104
4078,2020-04-13,TCS,1761.0,1787.0,1746.0,1759.25,1766.15,2990478,5266381662.6,1761.05,105582.0,-0.3906802932933268,1736.5475000000001,1956.45
4079,2020-04-15,TCS,1785.0,1812.0,1727.8,1735.15,1759.25,4761401,8447176543.0,1774.09,196087.0,-1.3699019468523466,1734.8125,1947.469
4080,2020-04-16,TCS,1709.95,1764.9,1675.05,1716.05,1735.15,6245583,10745755665.25,1720.54,284814.0,-1.1007693859320598,1730.3,1937.725
4081,2020-04-17,TCS,1800.0,1851.95,1753.0,1806.2,1716.05,9895825,17964025727.1,1815.31,363192.0,5.25334343404913,1735.7899999999997,1929.5339999999999
4082,2020-04-20,TCS,1830.0,1830.0,1802.5,1818.65,1806.2,3244293,5890435540.8,1815.63,136285.0,0.6892924371608927,1743.8224999999998,1921.98
4083,2020-04-21,TCS,1765.0,1794.6,1727.7,1737.65,1818.65,5122606,8963743508.55,1749.84,190349.0,-4.453853132818299,1747.985,1912.806
4084,2020-04-22,TCS,1737.65,1790.0,1719.15,1769.5,1737.65,3829839,6720279557.6,1754.72,180947.0,1.8329352861623405,1754.6425,1904.269
4085,2020-04-23,TCS,1780.0,1900.0,1760.85,1878.25,1769.5,5934424,10943235329.5,1844.03,257398.0,6.145803899406612,1758.6825000000001,1897.907
4086,2020-04-24,TCS,1840.7,1851.95,1807.8,1818.55,1878.25,2987150,5453169062.4,1825.54,142967.0,-3.178490616265143,1766.125,1890.351
4087,2020-04-27,TCS,1832.3,1875.0,1825.0,1836.6,1818.55,3374747,6255422140.55,1853.6,140822.0,0.9925490088257103,1772.7975000000001,1883.9470000000001
4088,2020-04-28,TCS,1865.0,1868.0,1832.6,1859.05,1836.6,2678512,4958095389.7,1851.06,117278.0,1.2223674180551043,1778.235,1878.8209999999997
4089,2020-04-29,TCS,1874.0,1912.55,1850.05,1905.65,1859.05,4241579,7986490066.35,1882.9,158389.0,2.5066566256959275,1783.97,1873.8110000000001
4039,2020-04-30,TCS,1980.0,2032.0,1942.2,2014.45,1905.65,5915950,11769706997.75,1989.49,241064.0,5.709338021147637,1793.4675000000002,1871.628
4090,2020-04-30,TCS,1980.0,2032.0,1942.2,2014.45,1905.65,5915950,11769706997.75,1989.49,241064.0,5.709338021147637,1805.265,1869.8069999999998
4040,2020-05-04,TCS,1966.0,1966.0,1913.65,1930.45,2014.45,3729409,7232442404.05,1939.3,165528.0,-4.169872669959542,1810.4824999999996,1868.4129999999998
4041,2020-05-05,TCS,1955.1,1977.0,1927.0,1932.75,1930.45,2905541,5674116774.2,1952.86,147469.0,0.11914320495221085,1821.6824999999997,1867.042
4042,2020-05-06,TCS,1939.8,1953.7,1893.6,1903.6,1932.75,3517432,6756179815.55,1920.77,172517.0,-1.5082136851636316,1834.1525000000001,1864.39
4043,2020-05-07,TCS,1910.0,1934.45,1883.35,1891.65,1903.6,3166784,6046765457.3,1909.43,154795.0,-0.6277579323387171,1839.975,1861.499
4044,2020-05-08,TCS,1939.1,1939.5,1886.25,1893.4,1891.65,2686536,5110170290.65,1902.14,122431.0,0.09251182829804667,1849.3725,1858.6430000000003
4045,2020-05-11,TCS,1909.0,1951.4,1909.0,1935.3,1893.4,2449846,4751415048.95,1939.47,120116.0,2.2129502482306886,1857.83,1856.625
4046,2020-05-12,TCS,1933.4,1956.5,1910.25,1949.5,1935.3,3256630,6321867053.1,1941.23,177881.0,0.7337363716219731,1867.3425,1854.891
4047,2020-05-13,TCS,1994.0,1994.0,1925.65,1949.65,1949.5,2656665,5171649640.05,1946.67,127103.0,0.00769428058476999,1878.0675000000003,1852.22
4048,2020-05-14,TCS,1910.0,1923.1,1891.1,1902.35,1949.65,2263204,4312480668.25,1905.48,111897.0,-2.4260764752648005,1887.3825000000002,1848.603
4049,2020-05-15,TCS,1916.0,1917.4,1865.2,1892.9,1902.35,3173682,5980003285.0,1884.25,157447.0,-0.49675401477119446,1891.7175000000002,1844.797
4050,2020-05-18,TCS,1907.0,1952.95,1872.1,1945.6,1892.9,3727896,7161666967.25,1921.1,158352.0,2.7840879074435954,1898.065,1842.045
4051,2020-05-19,TCS,1903.0,1966.45,1903.0,1948.65,1945.6,3198699,6224360593.35,1945.9,148060.0,0.15676398026316726,1908.6150000000002,1839.354
4052,2020-05-20,TCS,1950.0,1962.9,1931.7,1953.6,1948.65,2778505,5409514559.25,1946.92,130438.0,0.25402201524131157,1917.8200000000002,1836.7620000000002
4053,2020-05-21,TCS,1946.0,1998.0,1941.15,1991.2,1953.6,3400925,6725802265.75,1977.64,125723.0,1.9246519246519318,1923.4675,1834.085
4054,2020-05-22,TCS,1977.1,2032.0,1961.25,2020.35,1991.2,3663422,7345594790.65,2005.12,129277.0,1.4639413419043723,1933.5574999999997,1832.1629999999998
4055,2020-05-26,TCS,2015.0,2024.0,1925.0,1943.0,2020.35,4575512,9010142134.85,1969.21,170636.0,-3.8285445591110405,1938.8775,1831.5759999999998
4056,2020-05-27,TCS,1959.0,2010.0,1941.25,2005.3,1943.0,3482185,6879539543.0,1975.64,131846.0,3.2063818836850206,1946.19,1832.608
4057,2020-05-28,TCS,1988.5,2014.0,1971.3,2004.3,2005.3,3475788,6911722437.65,1988.53,149827.0,-0.04986785019697801,1951.1225000000002,1837.297
4058,2020-05-29,TCS,1982.0,2002.65,1962.4,1972.35,2004.3,7237765,14314766618.1,1977.79,180576.0,-1.5940727436012596,1949.0175,1840.6180000000002
4059,2020-06-01,TCS,1990.0,2060.0,1981.1,2045.25,1972.35,3747850,7620914144.3,2033.41,146513.0,3.6960985626283414,1950.5575000000001,1847.595
4060,2020-06-02,TCS,2060.2,2081.0,2040.05,2047.15,2045.25,2443886,5029413812.55,2057.96,116685.0,0.092898178706764,1956.3925,1855.378
4061,2020-06-03,TCS,2051.85,2063.75,2020.0,2046.15,2047.15,3699799,7540990258.25,2038.22,154423.0,-0.04884839899372298,1962.0625,1863.213
4062,2020-06-04,TCS,2046.75,2100.0,2046.75,2091.55,2046.15,4048593,8404139687.85,2075.82,147400.0,2.2188011631600855,1971.4599999999998,1872.3169999999998
4063,2020-06-05,TCS,2091.6,2098.0,2040.3,2048.25,2091.55,3573299,7341657005.9,2054.59,143792.0,-2.0702349931868795,1979.2900000000002,1877.3329999999999
4064,2020-06-08,TCS,2078.25,2095.0,2062.1,2071.75,2048.25,2957841,6148612154.35,2078.75,108037.0,1.1473208836811912,1988.2075,1885.374
4065,2020-06-09,TCS,2063.1,2095.5,2060.25,2072.05,2071.75,2910152,6050853764.5,2079.22,150567.0,0.014480511644753561,1995.045,1892.7520000000002
4010,2020-06-09,TCS,2063.1,2095.5,2060.25,2072.05,2071.75,2910152,6050853764.5,2079.22,150567.0,0.014480511644753561,2001.1725,1899.1870000000001
4011,2020-06-10,TCS,2077.05,2132.0,2073.5,2108.75,2072.05,5168494,10897927412.75,2108.53,187675.0,1.7711927800969962,2009.1274999999998,1905.5430000000001
4012,2020-06-11,TCS,2100.0,2105.0,2061.8,2067.65,2108.75,2269569,4714585319.9,2077.3,100095.0,-1.9490219324244176,2017.3925,1910.406
4013,2020-06-12,TCS,2011.2,2049.2,2011.0,2039.5,2067.65,2842757,5760775770.15,2026.47,130558.0,-1.3614489879815292,2024.7224999999999,1915.626
4014,2020-06-15,TCS,2039.1,2059.0,2000.95,2029.9,2039.5,2399028,4864706967.65,2027.78,97163.0,-0.4707036038244623,2028.9375,1919.7020000000002
4015,2020-06-16,TCS,2065.0,2073.95,2031.0,2045.8,2029.9,2146528,4404387581.95,2051.87,89213.0,0.7832898172323691,2033.795,1926.443
4016,2020-06-17,TCS,2046.0,2058.85,2026.55,2047.8,2045.8,2703546,5522609994.85,2042.73,92658.0,0.09776126698602015,2038.5049999999999,1934.315
4017,2020-06-18,TCS,2045.0,2059.2,2025.2,2038.1,2047.8,1944471,3966007263.55,2039.63,77874.0,-0.4736790702217036,2040.85,1939.573
4018,2020-06-19,TCS,2042.0,2090.0,2032.0,2044.6,2038.1,5681784,11649300600.55,2050.29,152183.0,0.31892448849418575,2042.0625,1946.3559999999998
4019,2020-06-22,TCS,2050.0,2052.25,2019.15,2027.95,2044.6,3196138,6500116008.4,2033.74,109018.0,-0.8143402132446378,2046.31,1951.592
4020,2020-06-23,TCS,2027.0,2044.0,2010.0,2035.3,2027.95,4206122,8527623665.4,2027.43,136481.0,0.3624349712764076,2047.8100000000002,1957.1129999999998
4021,2020-06-24,TCS,2034.0,2064.25,2031.6,2042.2,2035.3,2560951,5255143082.7,2052.03,125500.0,0.339016361224394,2049.705,1963.2540000000001
4022,2020-06-25,TCS,2035.0,2060.0,2009.25,2016.1,2042.2,3044089,6189426011.2,2033.26,127554.0,-1.278033493291555,2051.8925,1969.255
4023,2020-06-26,TCS,2025.0,2132.0,2019.95,2118.85,2016.1,6300912,13203873993.95,2095.55,237429.0,5.096473389216805,2055.5724999999998,1975.5080000000003
4024,2020-06-29,TCS,2108.0,2127.6,2091.3,2101.65,2118.85,3076344,6475066353.75,2104.79,109993.0,-0.8117610968213803,2058.2974999999997,1981.168
4025,2020-06-30,TCS,2100.0,2111.9,2075.05,2082.15,2101.65,3071877,6425458895.35,2091.7,121691.0,-0.9278424095353651,2060.0975000000003,1988.0580000000002
4026,2020-07-01,TCS,2079.7,2113.95,2079.5,2092.05,2082.15,2503466,5257440478.8,2100.06,103067.0,0.47547006699805927,2060.1225000000004,1994.5090000000002
4027,2020-07-02,TCS,2102.0,2165.0,2098.0,2157.15,2092.05,3758709,8057866454.25,2143.79,140145.0,3.1117803111780264,2065.5675,2000.0870000000002
4028,2020-07-03,TCS,2163.65,2205.0,2160.25,2199.65,2157.15,4185215,9160581121.55,2188.8,130448.0,1.9701921516816168,2071.9625,2007.7089999999998
4029,2020-07-06,TCS,2205.0,2269.9,2205.0,2263.2,2199.65,5190366,11666032835.75,2247.63,161168.0,2.889095992544256,2081.52,2016.2409999999998
4030,2020-07-07,TCS,2275.0,2302.7,2232.15,2269.9,2263.2,5630081,12746071795.85,2263.92,206374.0,0.29604100388831184,2091.4125,2024.458
4031,2020-07-08,TCS,2270.0,2274.4,2207.6,2218.9,2269.9,2793674,6260425745.3,2240.93,130484.0,-2.246795012996167,2096.92,2030.723
4032,2020-07-09,TCS,2229.0,2244.5,2191.05,2204.35,2218.9,3443998,7608014933.1,2209.06,133367.0,-0.6557303168236596,2103.755,2034.521
4033,2020-07-10,TCS,2205.25,2249.85,2176.0,2222.35,2204.35,9610327,21247734506.45,2210.93,292369.0,0.8165672420441401,2112.8975,2038.6790000000003
4034,2020-07-13,TCS,2220.0,2244.95,2210.0,2220.0,2222.35,2963525,6596301812.8,2225.83,100495.0,-0.10574391972461175,2122.4025,2044.47
4035,2020-07-14,TCS,2210.0,2239.0,2165.0,2171.95,2220.0,2976749,6547668459.85,2199.6,117480.0,-2.1644144144144226,2128.71,2049.2540000000004
4036,2020-07-15,TCS,2185.0,2260.0,2181.1,2233.9,2171.95,5569322,12412685911.0,2228.76,201144.0,2.8522756048712115,2138.0150000000003,2055.86
4037,2020-07-16,TCS,2244.0,2333.0,2220.1,2234.75,2233.9,8582120,19526280238.75,2275.23,279321.0,0.03805004700299517,2147.8475000000003,2062.722
4038,2020-07-17,TCS,2237.0,2243.9,2190.05,2200.75,2234.75,4509143,9938360278.7,2204.05,183317.0,-1.5214229779617405,2155.6549999999997,2068.869
3980,2020-07-20,TCS,2201.0,2226.9,2190.8,2207.9,2200.75,2952719,6512221316.75,2205.5,99805.0,0.3248892423037642,2164.6525,2074.321
3981,2020-07-21,TCS,2230.0,2238.65,2201.15,2225.05,2207.9,2665386,5918277153.05,2220.42,128640.0,0.7767561936681956,2174.14,2079.832
3982,2020-07-22,TCS,2231.0,2231.0,2184.2,2190.95,2225.05,2861698,6294421979.4,2199.54,108851.0,-1.5325498303409073,2181.5775000000003,2084.658
3983,2020-07-23,TCS,2190.95,2190.95,2163.0,2171.2,2190.95,2265791,4928835981.45,2175.33,100469.0,-0.9014354503754081,2189.3325,2090.035
3984,2020-07-24,TCS,2154.5,2163.0,2125.1,2157.4,2171.2,3665123,7856912134.45,2143.7,154927.0,-0.6355932203389705,2191.26,2095.325
3985,2020-07-27,TCS,2165.0,2215.0,2163.5,2206.8,2157.4,4248837,9333922682.6,2196.82,185606.0,2.2897932696764665,2196.5175,2100.549
3986,2020-07-28,TCS,2215.0,2320.0,2215.0,2309.75,2206.8,8092458,18396258568.5,2273.26,261902.0,4.6651259742613655,2207.8975,2107.771
3987,2020-07-29,TCS,2292.0,2342.0,2246.05,2276.05,2309.75,6090440,13958512382.7,2291.87,231420.0,-1.45903236280982,2217.0975,2114.22
3988,2020-07-30,TCS,2285.9,2358.0,2272.25,2279.5,2276.05,7098913,16436494607.9,2315.35,252271.0,0.15157839239031734,2223.215,2119.986
3989,2020-07-31,TCS,2303.15,2334.8,2257.45,2281.4,2279.5,4723290,10844452626.95,2295.95,183229.0,0.08335161219566092,2227.3025000000002,2125.2070000000003
3990,2020-08-03,TCS,2290.45,2303.85,2230.7,2254.15,2281.4,4012445,9050704298.7,2255.66,124563.0,-1.1944420092925396,2226.85,2131.4300000000003
3991,2020-08-04,TCS,2259.95,2269.65,2225.05,2249.7,2254.15,2927953,6582042650.3,2248.0,113209.0,-0.19741365925072746,2225.84,2136.318
3992,2020-08-05,TCS,2260.0,2300.0,2253.0,2259.5,2249.7,3800641,8630352070.2,2270.76,140871.0,0.4356136373738802,2227.87,2141.422
3993,2020-08-06,TCS,2275.0,2319.5,2265.35,2308.1,2259.5,4748348,10922785842.9,2300.33,179033.0,2.150918344766537,2233.0575,2148.1369999999997
3994,2020-08-07,TCS,2308.0,2328.0,2287.0,2295.35,2308.1,3165495,7292669632.45,2303.8,98547.0,-0.5524024089077597,2236.7074999999995,2153.139
3995,2020-08-10,TCS,2318.0,2325.0,2276.05,2282.8,2295.35,2929385,6742908492.05,2301.82,83569.0,-0.5467575750974678,2239.8475,2157.8520000000003
3996,2020-08-11,TCS,2283.0,2312.0,2275.6,2279.9,2282.8,2774509,6354160531.35,2290.19,91227.0,-0.1270369721394818,2245.245,2162.527
3997,2020-08-12,TCS,2288.35,2296.4,2246.55,2257.35,2279.9,3415766,7738926541.25,2265.65,101021.0,-0.9890784683538831,2246.4175,2165.8430000000003
3998,2020-08-13,TCS,2273.0,2300.0,2250.5,2254.45,2257.35,2695682,6119799488.95,2270.22,105012.0,-0.12846922276120634,2247.4024999999997,2169.967
3999,2020-08-14,TCS,2277.0,2281.3,2233.1,2242.15,2254.45,2270405,5122949862.65,2256.4,95783.0,-0.5455876156046808,2249.4725,2173.375
4000,2020-08-17,TCS,2263.0,2270.0,2238.25,2253.4,2242.15,2625670,5917015488.85,2253.53,78270.0,0.501750551925607,2251.7475,2177.002
4001,2020-08-18,TCS,2262.8,2289.0,2248.3,2269.75,2253.4,3493411,7929511706.25,2269.85,123985.0,0.7255702494009013,2253.9825,2180.956
4002,2020-08-19,TCS,2276.35,2284.6,2252.5,2256.6,2269.75,2843007,6438870077.15,2264.81,87911.0,-0.5793589602379157,2257.265,2183.913
4003,2020-08-20,TCS,2257.0,2276.55,2240.05,2252.85,2256.6,2895265,6529205375.85,2255.13,97538.0,-0.16617920765753788,2261.3475,2187.617
4004,2020-08-21,TCS,2260.0,2271.0,2241.05,2248.6,2252.85,1975304,4448615242.4,2252.12,76072.0,-0.18864993230796545,2265.9075000000003,2191.7990000000004
4005,2020-08-24,TCS,2250.6,2259.95,2230.0,2248.1,2248.6,2167987,4867239990.35,2245.05,70491.0,-0.022236057991639243,2267.9725000000003,2196.163
4006,2020-08-25,TCS,2245.0,2250.0,2233.55,2242.65,2248.1,1663454,3730304574.9,2242.51,65398.0,-0.2424269383034482,2264.6175000000003,2200.1
4007,2020-08-26,TCS,2242.0,2259.9,2216.45,2253.5,2242.65,2618159,5858592736.1,2237.68,100248.0,0.4838026441932495,2263.4900000000002,2204.2140000000004
4008,2020-08-27,TCS,2266.0,2287.35,2241.75,2248.4,2253.5,3579397,8108687764.85,2265.38,113510.0,-0.2263146216995744,2261.935,2208.42
4009,2020-08-28,TCS,2268.4,2279.95,2235.1,2238.55,2248.4,2941156,6614621419.35,2248.99,100143.0,-0.43808930795231754,2259.7925,2212.2990000000004
3952,2020-08-28,TCS,2268.4,2279.95,2235.1,2238.55,2248.4,2941156,6614621419.35,2248.99,100143.0,-0.43808930795231754,2259.0125,2216.511
3953,2020-08-31,TCS,2240.0,2276.2,2228.0,2257.25,2238.55,6018160,13555530496.3,2252.44,182980.0,0.8353621764088279,2259.3900000000003,2220.9500000000003
3954,2020-09-01,TCS,2269.0,2278.0,2241.3,2246.35,2257.25,3610908,8154397946.3,2258.27,122003.0,-0.482888470484,2258.7325,2225.033
3955,2020-09-02,TCS,2247.0,2268.75,2241.65,2265.15,2246.35,2084152,4704640877.0,2257.34,89121.0,0.8369132147706361,2256.585,2230.014
3956,2020-09-03,TCS,2268.0,2324.0,2268.0,2299.5,2265.15,4654146,10710523657.9,2301.29,170993.0,1.516455863850072,2256.7925000000005,2233.627
3957,2020-09-04,TCS,2275.0,2324.25,2262.95,2288.8,2299.5,5232180,12009690379.65,2295.35,177219.0,-0.4653185475103204,2257.0924999999997,2237.37
3958,2020-09-07,TCS,2289.0,2343.5,2283.35,2327.05,2288.8,4620416,10717678247.75,2319.63,157714.0,1.6711814051031109,2259.45,2242.268
3959,2020-09-08,TCS,2335.95,2390.45,2327.05,2348.2,2327.05,7454161,17635425079.45,2365.85,233593.0,0.9088760447777072,2263.9925,2247.391
3960,2020-09-09,TCS,2325.0,2359.0,2320.0,2327.65,2348.2,3866542,9034529930.4,2336.59,114778.0,-0.8751384038838144,2267.6525,2250.801
3961,2020-09-10,TCS,2335.0,2348.5,2324.3,2331.15,2327.65,2308813,5390730799.2,2334.85,96578.0,0.15036624922131764,2272.1025,2253.431
3962,2020-09-11,TCS,2330.95,2383.0,2330.15,2374.1,2331.15,4145429,9814176117.65,2367.47,161900.0,1.842438281534857,2278.1375,2255.6490000000003
3963,2020-09-14,TCS,2384.1,2505.75,2381.85,2491.4,2374.1,7512284,18385694525.3,2447.42,259748.0,4.940819679036275,2289.2200000000003,2260.0789999999997
3964,2020-09-15,TCS,2491.4,2538.0,2464.6,2491.4,2491.4,7318773,18317394072.1,2502.8,229851.0,0.0,2300.96,2265.5290000000005
3965,2020-09-16,TCS,2488.95,2507.6,2477.3,2503.0,2491.4,3074013,7662047812.45,2492.52,126981.0,0.46560166974391537,2313.4675,2271.502
3966,2020-09-17,TCS,2480.0,2495.75,2450.6,2460.95,2503.0,4828231,11943032180.1,2473.58,162667.0,-1.679984019176995,2324.085,2276.274
3967,2020-09-18,TCS,2485.0,2500.4,2436.4,2449.9,2460.95,4183256,10319878330.85,2466.95,132358.0,-0.449013592311901,2334.175,2280.8720000000003
3968,2020-09-21,TCS,2465.0,2504.9,2452.15,2465.3,2449.9,4598809,11427829681.5,2484.95,182859.0,0.6285970855953341,2345.3075,2286.739
3969,2020-09-22,TCS,2485.0,2555.0,2458.0,2522.95,2465.3,7499927,18847485589.0,2513.02,227930.0,2.3384577941832485,2358.7799999999997,2292.52
3970,2020-09-23,TCS,2510.0,2519.85,2409.0,2467.45,2522.95,7503152,18507863131.7,2466.68,255912.0,-2.19980578291286,2369.7325,2297.174
3971,2020-09-24,TCS,2450.0,2450.0,2302.6,2332.25,2467.45,8425118,19841432992.05,2355.03,304819.0,-5.479341020081454,2374.4175,2299.804
3972,2020-09-25,TCS,2368.0,2440.0,2352.1,2422.3,2332.25,8228297,19848602662.0,2412.24,267956.0,3.8610783578089904,2383.605,2304.0919999999996
3973,2020-09-28,TCS,2440.0,2444.0,2366.0,2426.3,2422.3,4347177,10449459680.45,2403.73,173323.0,0.16513231226520247,2392.0575,2308.117
3974,2020-09-29,TCS,2434.85,2511.05,2426.3,2488.4,2426.3,6995815,17413846658.1,2489.18,235653.0,2.559452664550958,2404.16,2314.066
3975,2020-09-30,TCS,2489.0,2505.0,2460.0,2492.3,2488.4,3917186,9734991232.35,2485.2,133456.0,0.15672721427423608,2415.5175,2320.488
3976,2020-10-01,TCS,2510.0,2540.0,2492.3,2523.45,2492.3,2610338,6547481501.45,2508.29,103469.0,1.2498495365726292,2426.7149999999997,2327.8089999999997
3977,2020-10-05,TCS,2620.0,2728.1,2603.05,2705.8,2523.45,17412119,46495113781.25,2670.27,495784.0,7.226218074461565,2447.565,2337.7889999999998
3978,2020-10-06,TCS,2736.0,2736.0,2650.1,2714.3,2705.8,9846376,26469933698.35,2688.29,308149.0,0.31413999556508243,2466.9275000000002,2345.88
3979,2020-10-07,TCS,2742.0,2770.0,2703.0,2735.95,2714.3,9656167,26350562848.35,2728.88,306556.0,0.797627380908508,2486.315,2355.078
3923,2020-10-07,TCS,2742.0,2770.0,2703.0,2735.95,2714.3,9656167,26350562848.35,2728.88,306556.0,0.797627380908508,2506.73,2364.207
3924,2020-10-08,TCS,2800.0,2885.0,2800.0,2825.7,2735.95,19839826,56653099950.9,2855.52,542541.0,3.2803962060710177,2531.4575,2375.0930000000003
3925,2020-10-09,TCS,2810.0,2829.85,2780.0,2812.95,2825.7,7739375,21707426130.55,2804.8,239979.0,-0.4512156279859858,2553.4,2386.269
3926,2020-10-12,TCS,2815.5,2854.0,2800.75,2830.0,2812.95,4623211,13093942156.1,2832.22,164934.0,0.6061252421834794,2570.33,2397.875
3927,2020-10-13,TCS,2845.0,2854.9,2812.2,2826.55,2830.0,4209905,11932743666.45,2834.44,156554.0,-0.12190812720847413,2587.0875,2409.216
3928,2020-10-14,TCS,2842.0,2842.0,2787.55,2809.6,2826.55,4395979,12347502777.85,2808.82,143887.0,-0.5996709769860881,2602.4175,2419.246
3929,2020-10-15,TCS,2811.0,2827.75,2727.0,2740.6,2809.6,6629395,18281595593.85,2757.66,190209.0,-2.455865603644647,2616.4,2428.151
3930,2020-10-16,TCS,2750.1,2771.65,2731.3,2763.3,2740.6,5273773,14536328866.35,2756.34,111405.0,0.8282857768371988,2632.07,2437.761
3931,2020-10-19,TCS,2774.0,2774.0,2706.6,2711.55,2763.3,3331194,9072949037.95,2723.63,151449.0,-1.8727608294430569,2644.3824999999997,2446.394
3932,2020-10-20,TCS,2725.0,2759.9,2717.95,2739.0,2711.55,3406298,9346383058.65,2743.85,137012.0,1.0123361177186412,2655.185,2456.027
3933,2020-10-21,TCS,2739.0,2749.0,2663.05,2675.4,2739.0,4570175,12343484213.25,2700.88,207866.0,-2.3220153340635235,2665.5825,2464.446
3934,2020-10-22,TCS,2661.0,2686.65,2638.1,2671.15,2675.4,5262311,14023911495.4,2664.97,167510.0,-0.15885475069148539,2682.5275,2473.026
3935,2020-10-23,TCS,2687.8,2702.0,2670.1,2686.8,2671.15,3499372,9404177977.3,2687.39,124614.0,0.5858899724837651,2695.7525,2481.694
3936,2020-10-26,TCS,2689.95,2709.95,2670.5,2688.2,2686.8,2672766,7200673675.9,2694.09,101255.0,0.0521065952061797,2708.8475,2490.063
3937,2020-10-27,TCS,2699.75,2718.15,2624.1,2630.15,2688.2,3537594,9391582219.2,2654.79,172659.0,-2.1594375418495546,2715.9350000000004,2497.534
3938,2020-10-28,TCS,2650.0,2655.95,2606.0,2622.2,2630.15,3569515,9372292382.95,2625.65,143177.0,-0.30226412942228664,2722.43,2504.9210000000003
3939,2020-10-29,TCS,2608.0,2655.0,2600.25,2632.65,2622.2,3105970,8183860034.1,2634.88,121416.0,0.39852032644345486,2727.8900000000003,2512.6020000000003
3940,2020-10-30,TCS,2636.1,2674.35,2621.6,2664.85,2632.65,3427003,9098415228.85,2654.92,120277.0,1.223102197405649,2725.8424999999997,2520.937
3941,2020-11-02,TCS,2660.0,2664.85,2600.05,2604.6,2664.85,2571196,6731784552.1,2618.15,117447.0,-2.2609152485130495,2720.3574999999996,2528.176
3942,2020-11-03,TCS,2604.0,2665.0,2601.05,2633.6,2604.6,2879269,7586913378.45,2635.01,117355.0,1.1134147277892958,2715.2400000000002,2535.778
3943,2020-11-04,TCS,2610.0,2721.85,2610.0,2653.15,2633.6,4893928,13133144835.1,2683.56,210543.0,0.7423298906439924,2711.1,2543.873
3944,2020-11-05,TCS,2685.0,2710.0,2667.0,2685.7,2653.15,2816502,7571301989.25,2688.19,119199.0,1.226843563311525,2704.1,2552.8160000000003
3945,2020-11-06,TCS,2699.0,2713.25,2681.3,2707.45,2685.7,3884421,10485427441.6,2699.35,132771.0,0.8098447332166661,2698.825,2562.194
3946,2020-11-09,TCS,2731.1,2744.0,2695.1,2726.6,2707.45,3646592,9920661493.2,2720.53,162134.0,0.7073076141757038,2693.6549999999997,2571.5809999999997
3947,2020-11-10,TCS,2697.2,2713.15,2638.35,2649.6,2726.6,4760020,12678056831.1,2663.45,240272.0,-2.8240299273820875,2684.8075,2579.646
3948,2020-11-11,TCS,2667.95,2692.8,2643.4,2687.8,2649.6,3242441,8656831441.85,2669.85,168899.0,1.441727053140107,2678.7174999999997,2588.099
3949,2020-11-12,TCS,2686.0,2713.0,2661.75,2671.05,2687.8,2437505,6531986739.75,2679.78,100997.0,-0.6231862489768584,2675.2400000000002,2595.53
3950,2020-11-13,TCS,2655.75,2664.9,2636.0,2656.85,2671.05,2548093,6754656102.7,2650.87,111018.0,-0.5316261395331525,2669.9175,2602.891
3951,2020-11-14,TCS,2677.95,2689.0,2660.05,2670.35,2656.85,298819,797748788.0,2669.67,20530.0,0.5081205186593146,2667.8575,2609.757
3896,2020-11-17,TCS,2695.0,2695.0,2650.05,2666.05,2670.35,2827273,7551068267.15,2670.8,134996.0,-0.16102758065421116,2664.21,2616.114
3897,2020-11-18,TCS,2661.0,2664.2,2607.05,2626.65,2666.05,2893762,7597789756.35,2625.58,136273.0,-1.4778417509049002,2661.7725,2622.0939999999996
3898,2020-11-19,TCS,2637.0,2676.15,2630.85,2636.9,2626.65,4167501,11036855515.7,2648.32,178640.0,0.39023090248034564,2660.06,2628.2090000000003
3899,2020-11-20,TCS,2655.0,2676.0,2627.55,2660.25,2636.9,2711471,7205237904.7,2657.32,118196.0,0.8855094997914182,2658.7324999999996,2633.9320000000002
3900,2020-11-23,TCS,2690.0,2730.0,2665.0,2724.25,2660.25,3706418,10030430979.8,2706.23,150378.0,2.4057889296118784,2660.535,2638.5890000000004
3901,2020-11-24,TCS,2734.4,2743.0,2705.0,2722.05,2724.25,3120516,8502992372.3,2724.87,148092.0,-0.08075617142332084,2665.13,2643.202
3902,2020-11-25,TCS,2729.0,2732.95,2688.2,2701.3,2722.05,3302249,8941871533.3,2707.81,163422.0,-0.7622931246670708,2669.085,2647.1679999999997
3903,2020-11-26,TCS,2686.0,2730.95,2680.0,2720.6,2701.3,2341099,6328369462.2,2703.16,103635.0,0.7144708103505618,2673.4825,2652.361
3904,2020-11-27,TCS,2705.0,2717.7,2669.05,2679.65,2720.6,6086808,16340691429.6,2684.61,168842.0,-1.5051826802911057,2674.2225000000003,2656.9559999999997
3905,2020-12-01,TCS,2679.0,2735.9,2624.45,2726.8,2679.65,3605017,9717083002.65,2695.43,153842.0,1.7595581512510994,2680.3325,2662.1859999999997
3906,2020-12-02,TCS,2719.0,2754.7,2702.45,2749.55,2726.8,2509032,6843351199.5,2727.49,106756.0,0.8343112806219743,2686.13,2666.718
3907,2020-12-03,TCS,2773.9,2773.9,2700.8,2709.45,2749.55,2852548,7783810980.4,2728.72,121400.0,-1.4584204688039992,2688.945,2671.558
3908,2020-12-04,TCS,2710.8,2738.85,2699.0,2727.55,2709.45,2686527,7315291484.55,2722.95,121585.0,0.6680322574692416,2691.0375,2679.4640000000004
3909,2020-12-07,TCS,2715.0,2744.0,2706.15,2737.7,2727.55,1996400,5432246145.9,2721.02,111040.0,0.37212883356857385,2692.55,2685.7719999999995
3910,2020-12-08,TCS,2740.0,2805.55,2732.45,2797.3,2737.7,4277818,11854914854.55,2771.25,273215.0,2.177009898820191,2696.085,2693.192
3911,2020-12-09,TCS,2815.0,2840.0,2793.15,2810.8,2797.3,3659996,10311351385.55,2817.31,147222.0,0.4826082293640296,2704.1450000000004,2699.64
3912,2020-12-10,TCS,2818.0,2827.3,2780.25,2784.3,2810.8,2127801,5945438936.55,2794.17,106653.0,-0.9427920876618756,2708.9700000000003,2705.48
3913,2020-12-11,TCS,2792.7,2807.7,2764.55,2783.6,2784.3,1795408,5007781485.0,2789.22,90719.0,-0.02514096900478658,2714.5975,2710.683
3914,2020-12-14,TCS,2802.0,2804.0,2756.25,2797.7,2783.6,2483658,6922952988.1,2787.4,112781.0,0.5065382957321422,2721.6400000000003,2712.5209999999997
3915,2020-12-15,TCS,2786.0,2794.7,2755.0,2761.55,2797.7,2365509,6549273569.6,2768.65,152067.0,-1.2921328233906295,2726.2,2713.466
3916,2020-12-16,TCS,2779.0,2819.8,2760.45,2814.2,2761.55,2565149,7162892179.05,2792.39,109504.0,1.9065379949665815,2733.6075,2715.031
3917,2020-12-17,TCS,2811.0,2853.7,2805.0,2838.2,2814.2,2863460,8086236716.7,2823.94,121983.0,0.8528178523203753,2744.185,2717.0760000000005
3918,2020-12-18,TCS,2868.0,2898.0,2846.2,2861.0,2838.2,6076692,17462837839.65,2873.74,178840.0,0.8033260517229295,2755.3900000000003,2717.782
3919,2020-12-21,TCS,2861.0,2886.5,2785.0,2820.15,2861.0,2705195,7718476165.55,2853.21,141821.0,-1.4278224397063932,2763.385,2717.9260000000004
3920,2020-12-22,TCS,2834.0,2883.65,2818.65,2872.5,2820.15,2881737,8207569106.95,2848.13,158517.0,1.856284240199986,2770.7975,2718.7760000000003
3921,2020-12-23,TCS,2876.05,2919.0,2865.45,2908.75,2872.5,2790988,8106911741.25,2904.67,125341.0,1.2619669277632724,2780.1325,2720.42
3922,2020-12-24,TCS,2909.0,2921.35,2883.2,2909.35,2908.75,1807144,5245886550.4,2902.86,76405.0,0.020627417275458842,2790.535,2722.415
3892,2020-12-28,TCS,2910.0,2949.7,2902.0,2929.4,2909.35,2108994,6177467465.1,2929.11,106481.0,0.6891573719215696,2800.975,2726.1910000000003
3893,2020-12-29,TCS,2920.0,2952.0,2920.0,2930.5,2929.4,1994151,5857996376.7,2937.59,99597.0,0.03755035160783468,2813.5175,2729.535
3894,2020-12-30,TCS,2934.4,2947.7,2902.0,2909.3,2930.5,2637968,7697596026.6,2918.0,87612.0,-0.7234260365125343,2822.6425000000004,2733.49
3895,2020-12-31,TCS,2900.0,2905.0,2845.0,2862.75,2909.3,4040956,11615170401.55,2874.36,130170.0,-1.6000412470353755,2828.3025000000002,2735.965
4389,2021-01-01,TCS,2880.0,2940.0,2879.0,2928.25,2862.75,2681440,7812435140.3,2913.52,88216.0,2.2880097808051696,2839.2425000000003,2741.022
4390,2021-01-04,TCS,2950.0,3050.75,2940.95,3039.45,2928.25,5113293,15330405223.95,2998.15,207562.0,3.7974899684111607,2854.8375,2748.388
4391,2021-01-05,TCS,3039.6,3114.25,3039.6,3093.0,3039.45,5801309,17891634394.8,3084.07,202735.0,1.7618319103785287,2872.6025,2756.512
4392,2021-01-06,TCS,3100.0,3113.5,3037.2,3051.5,3093.0,3726716,11472936907.35,3078.56,172084.0,-1.3417394115745231,2885.3125,2763.778
4393,2021-01-07,TCS,3075.0,3080.85,3000.25,3032.8,3051.5,3717827,11260321904.2,3028.74,167700.0,-0.6128133704735316,2896.4125,2771.8309999999997
4394,2021-01-08,TCS,3090.0,3128.0,3060.0,3120.9,3032.8,5879039,18230717038.75,3100.97,214010.0,2.9049063571616953,2913.2425,2781.805
4395,2021-01-11,TCS,3230.0,3230.0,3146.55,3176.45,3120.9,9508039,30180045841.35,3174.16,294091.0,1.7799352750808974,2932.885,2792.6809999999996
4396,2021-01-12,TCS,3176.45,3210.0,3150.0,3174.85,3176.45,3611458,11509972776.65,3187.07,142696.0,-0.050370696847106336,2951.7425,2802.8810000000003
4397,2021-01-13,TCS,3175.0,3177.0,3126.25,3158.95,3174.85,3572801,11245261941.15,3147.46,189690.0,-0.5008110619399371,2971.6125,2813.968
4398,2021-01-14,TCS,3155.0,3266.5,3120.4,3250.7,3158.95,6931542,22230611264.15,3207.17,276953.0,2.90444609759572,2993.4375,2826.31
4399,2021-01-15,TCS,3235.0,3274.0,3210.0,3233.35,3250.7,4131692,13390734930.65,3240.98,193972.0,-0.5337311963577048,3013.195,2837.914
4400,2021-01-18,TCS,3250.0,3256.75,3187.4,3221.75,3233.35,4160906,13439989256.75,3230.06,195067.0,-0.3587610373142378,3031.2325,2848.635
4401,2021-01-19,TCS,3233.0,3279.0,3232.0,3260.7,3221.75,2975735,9690307983.35,3256.44,135064.0,1.2089702801272544,3053.2599999999998,2859.7
4402,2021-01-20,TCS,3270.0,3327.95,3267.1,3308.8,3260.7,3453446,11413530807.3,3304.97,169490.0,1.4751433741221323,3075.075,2871.344
4403,2021-01-21,TCS,3305.0,3309.15,3262.1,3273.85,3308.8,2778546,9118852661.7,3281.88,134629.0,-1.056274177949718,3093.33,2883.829
4404,2021-01-22,TCS,3241.9,3325.0,3241.9,3303.1,3273.85,3052459,10073163825.5,3300.02,120993.0,0.8934434992440093,3113.0175,2896.135
4405,2021-01-25,TCS,3308.95,3339.8,3278.65,3291.3,3303.1,2272887,7532889906.35,3314.24,122553.0,-0.3572401683267151,3131.1125,2908.54
4406,2021-01-27,TCS,3300.0,3306.45,3227.0,3261.05,3291.3,2786662,9099782354.05,3265.48,175811.0,-0.919089721386686,3147.64,2920.624
4407,2021-01-28,TCS,3230.0,3275.0,3183.8,3196.55,3261.05,3083938,9934065466.35,3221.23,154535.0,-1.977890556722528,3162.0025,2931.1480000000006
4408,2021-01-29,TCS,3210.05,3216.85,3100.0,3111.35,3196.55,5445659,17115646045.4,3142.99,185207.0,-2.66537360591889,3174.4325,2940.0539999999996
4409,2021-02-01,TCS,3100.0,3165.0,3044.1,3139.35,3111.35,3985846,12348318212.8,3098.04,280031.0,0.8999308981631768,3184.9874999999997,2950.308
4410,2021-02-02,TCS,3174.0,3224.0,3150.0,3203.45,3139.35,2881837,9214282428.1,3197.36,114024.0,2.041823944447096,3193.1875,2961.639
4411,2021-02-03,TCS,3213.0,3236.0,3162.65,3200.05,3203.45,2505866,8042581723.8,3209.5,116096.0,-0.10613557258579458,3198.54,2972.435
4412,2021-02-04,TCS,3216.05,3237.85,3176.0,3188.45,3200.05,2057261,6580160004.75,3198.51,105804.0,-0.36249433602601094,3205.3875,2981.719
4413,2021-02-05,TCS,3198.95,3205.85,3129.0,3157.95,3188.45,2366135,7464932897.55,3154.91,143150.0,-0.9565776474462514,3211.6449999999995,2990.4369999999994
4414,2021-02-08,TCS,3189.5,3226.0,3155.15,3214.1,3157.95,2526592,8062547697.85,3191.08,155790.0,1.7780522174195315,3216.305,3000.6929999999998
4415,2021-02-09,TCS,3195.0,3245.8,3164.0,3176.9,3214.1,2658751,8541775943.25,3212.7,171299.0,-1.1574002053451922,3216.3275,3009.8189999999995
4416,2021-02-10,TCS,3185.0,3219.4,3157.3,3213.3,3176.9,2127983,6803289931.0,3197.06,115813.0,1.145771034656429,3218.25,3020.492
4361,2021-02-10,TCS,3185.0,3219.4,3157.3,3213.3,3176.9,2127983,6803289931.0,3197.06,115813.0,1.145771034656429,3220.9674999999997,3030.222
4362,2021-02-11,TCS,3215.0,3219.3,3185.05,3206.0,3213.3,1165882,3732884248.7,3201.77,53910.0,-0.22718077988361443,3218.7324999999996,3039.3509999999997
4363,2021-02-12,TCS,3184.2,3245.5,3182.0,3190.8,3206.0,2777404,8929253698.3,3214.96,113414.0,-0.4741110417966256,3216.605,3048.9780000000005
4364,2021-02-15,TCS,3209.0,3209.0,3131.55,3139.85,3190.8,2630853,8305069201.35,3156.8,143467.0,-1.5967782374326271,3212.5099999999998,3057.2239999999997
4365,2021-02-16,TCS,3150.0,3167.65,3100.0,3108.8,3139.85,3435770,10729849665.9,3122.98,171006.0,-0.98890074366609,3204.915,3064.646
4366,2021-02-17,TCS,3105.1,3132.85,3045.55,3073.1,3108.8,3678426,11318262125.1,3076.93,204277.0,-1.1483530622748415,3193.13,3070.1620000000003
4367,2021-02-18,TCS,3065.0,3097.9,3031.0,3057.35,3073.1,4189909,12812510327.0,3057.94,176370.0,-0.5125117959064137,3182.305,3075.093
4368,2021-02-19,TCS,3058.0,3087.15,3016.15,3071.85,3057.35,3725028,11352887527.85,3047.73,130797.0,0.4742669305117177,3170.7425,3080.8439999999996
4369,2021-02-22,TCS,3096.0,3096.0,2943.15,2958.45,3071.85,5366696,16096121002.2,2999.26,266786.0,-3.6915865032472324,3154.1,3084.3410000000003
4370,2021-02-23,TCS,2970.0,3028.0,2968.0,2980.2,2958.45,3832829,11484513631.45,2996.35,192941.0,0.7351822745018507,3140.0575,3087.991
4371,2021-02-24,TCS,2972.0,3003.35,2921.15,2948.1,2980.2,3774549,11120081886.95,2946.07,132336.0,-1.0771089188645027,3127.6349999999998,3091.722
4372,2021-02-25,TCS,2974.0,3029.9,2968.45,2995.3,2948.1,4224073,12674849320.45,3000.62,223397.0,1.6010311726196627,3121.8325,3095.344
4373,2021-02-26,TCS,2960.0,2972.35,2880.0,2894.3,2995.3,5553153,16196777082.55,2916.68,348532.0,-3.3719493873735518,3109.5800000000004,3096.466
4374,2021-03-01,TCS,2926.0,2965.0,2901.8,2924.2,2894.3,3265871,9567012658.35,2929.39,170820.0,1.0330649898075401,3095.6175,3097.73
4375,2021-03-02,TCS,2960.0,3025.0,2948.0,3006.35,2924.2,3306469,9858560232.35,2981.6,186577.0,2.8093153683058647,3085.9325,3101.4539999999997
4376,2021-03-03,TCS,3035.0,3064.0,2996.9,3059.1,3006.35,3509857,10656315248.05,3036.11,183148.0,1.7546193889600346,3079.4649999999997,3105.1859999999997
4377,2021-03-04,TCS,3023.0,3081.45,3016.05,3049.7,3059.1,3916760,11980483432.05,3058.77,174500.0,-0.30727991893040735,3074.0525000000002,3108.005
4378,2021-03-05,TCS,3016.1,3063.2,2996.6,3008.05,3049.7,3203686,9719719834.1,3033.92,127882.0,-1.3657081024362934,3063.75,3109.979
4379,2021-03-08,TCS,3016.0,3033.0,2996.0,3006.95,3008.05,2003125,6042702431.75,3016.64,113743.0,-0.036568541081443584,3055.2525,3111.53
4380,2021-03-09,TCS,3006.95,3066.9,2992.1,3050.95,3006.95,1942397,5873698965.55,3023.94,133488.0,1.4632767422138713,3047.1349999999998,3113.939
4381,2021-03-10,TCS,3075.0,3093.2,3060.0,3070.95,3050.95,3053778,9397359901.3,3077.29,164340.0,0.655533522345499,3040.0175000000004,3117.172
4382,2021-03-12,TCS,3075.0,3117.0,3041.35,3057.95,3070.95,2938317,9062343314.4,3084.2,128801.0,-0.4233217733925984,3032.6150000000002,3121.0760000000005
4383,2021-03-15,TCS,3041.0,3099.0,3041.0,3066.15,3057.95,3097140,9507410762.3,3069.74,138642.0,0.2681535015288109,3026.3825,3123.8340000000003
4384,2021-03-16,TCS,3060.0,3141.0,3060.0,3110.05,3066.15,4894756,15242817601.8,3114.11,190871.0,1.4317629600639268,3024.8925,3125.2459999999996
4385,2021-03-17,TCS,3105.0,3155.0,3085.3,3112.95,3110.05,3838390,12014711142.05,3130.14,183445.0,0.09324608929115724,3025.1,3125.645
4386,2021-03-18,TCS,3125.95,3146.45,2987.05,3036.5,3112.95,3656306,11274828058.35,3083.67,164183.0,-2.4558698340802074,3023.27,3125.345
4387,2021-03-19,TCS,3030.0,3099.0,3005.0,3050.2,3036.5,5776626,17613985029.65,3049.18,153489.0,0.4511773423349191,3022.9125,3125.6929999999998
4335,2021-03-22,TCS,3048.7,3139.45,3018.65,3129.65,3050.2,2821646,8707678923.1,3086.03,137406.0,2.6047472296898655,3025.8025000000002,3125.8680000000004
4388,2021-03-22,TCS,3048.7,3139.45,3018.65,3129.65,3050.2,2821646,8707678923.1,3086.03,137406.0,2.6047472296898655,3034.3625,3124.9320000000002
4336,2021-03-23,TCS,3140.0,3169.0,3122.85,3142.6,3129.65,3305973,10408299726.9,3148.33,167131.0,0.41378428897799496,3042.4825,3124.2870000000003
4337,2021-03-24,TCS,3111.2,3152.3,3111.15,3121.1,3142.6,2207104,6909631859.0,3130.63,110682.0,-0.6841468847451155,3051.1325,3123.53
4338,2021-03-25,TCS,3112.2,3130.85,3050.0,3064.85,3121.1,3179786,9829064107.9,3091.11,153808.0,-1.802249207010349,3054.6099999999997,3119.813
4339,2021-03-26,TCS,3090.65,3118.0,3043.05,3066.8,3064.85,3697370,11384084592.3,3078.97,201134.0,0.06362464720949713,3063.2349999999997,3116.482
4340,2021-03-30,TCS,3083.0,3188.45,3060.9,3158.55,3066.8,4694261,14738334444.25,3139.65,191356.0,2.991717751402113,3074.9525000000003,3115.218
4341,2021-03-31,TCS,3155.0,3205.0,3132.0,3177.85,3158.55,3530069,11218135153.05,3177.88,156653.0,0.6110398758924103,3083.5275,3113.561
4342,2021-04-01,TCS,3191.1,3215.0,3145.0,3165.0,3177.85,4285076,13619743474.75,3178.41,154796.0,-0.40436143933791424,3088.8225,3110.685
4343,2021-04-05,TCS,3171.0,3263.0,3151.0,3238.9,3165.0,5317862,17053050939.6,3206.75,229667.0,2.3349131121643,3098.2825,3109.986
4344,2021-04-06,TCS,3275.0,3275.0,3230.0,3264.7,3238.9,2291562,7457570557.4,3254.36,109190.0,0.7965667356201096,3111.1150000000002,3109.2180000000003
4345,2021-04-07,TCS,3259.0,3277.55,3234.8,3271.4,3264.7,2491268,8116666257.7,3258.05,122792.0,0.20522559500108045,3124.3375,3108.82
4346,2021-04-08,TCS,3270.0,3335.0,3266.05,3317.35,3271.4,2578118,8543956094.1,3314.03,142722.0,1.4045974200647986,3137.6575000000003,3109.9460000000004
4347,2021-04-09,TCS,3354.0,3354.35,3308.0,3322.25,3317.35,2911129,9686422200.65,3327.38,114832.0,0.14770826111203494,3150.2225,3112.46
4348,2021-04-12,TCS,3322.25,3338.1,3213.2,3246.55,3322.25,3791828,12419018301.0,3275.21,202522.0,-2.2785762660847264,3159.6525,3115.164
4349,2021-04-13,TCS,3214.0,3214.0,3073.05,3104.05,3246.55,8654596,26968883551.05,3116.13,436638.0,-4.389274768600514,3161.5474999999997,3114.458
4350,2021-04-15,TCS,3160.3,3237.25,3087.45,3218.95,3104.05,6062760,19207655907.6,3168.14,219212.0,3.701615631191496,3166.9925000000003,3114.768
4351,2021-04-16,TCS,3229.0,3247.0,3182.6,3195.15,3218.95,3224657,10348287512.6,3209.11,123918.0,-0.739371534195925,3171.1025,3114.67
4352,2021-04-19,TCS,3169.0,3189.0,3135.1,3161.8,3195.15,2679106,8477031167.55,3164.13,126444.0,-1.0437694630924967,3177.3675,3114.137
4353,2021-04-20,TCS,3225.0,3225.35,3126.35,3144.55,3161.8,3141893,9897843132.45,3150.28,162928.0,-0.5455753052058954,3182.085,3113.869
4354,2021-04-22,TCS,3148.0,3148.0,3105.25,3118.8,3144.55,1988980,6210380335.4,3122.39,172941.0,-0.8188771048321698,3181.5425,3111.9629999999997
4355,2021-04-23,TCS,3105.0,3119.0,3091.05,3109.5,3118.8,1615309,5016930338.85,3105.86,93127.0,-0.29819161215852835,3180.535,3110.615
4356,2021-04-26,TCS,3102.05,3153.0,3088.05,3100.8,3109.5,2490260,7775464961.2,3122.35,87012.0,-0.27978774722623634,3178.445,3108.365
4357,2021-04-27,TCS,3106.0,3136.1,3103.0,3132.0,3100.8,1471417,4594035861.35,3122.18,97077.0,1.0061919504643904,3178.9900000000002,3106.739
4358,2021-04-28,TCS,3149.95,3151.0,3112.0,3124.1,3132.0,1639037,5123175756.75,3125.72,76017.0,-0.25223499361430685,3181.9525000000003,3105.1010000000006
4359,2021-04-29,TCS,3145.6,3157.35,3105.5,3115.25,3124.1,1621395,5076305907.85,3130.83,98275.0,-0.2832815850965049,3184.375,3103.59
4360,2021-04-30,TCS,3099.0,3132.05,3020.0,3035.65,3115.25,3072305,9411056605.1,3063.19,157829.0,-2.555172137067648,3178.23,3101.5060000000003
4307,2021-05-03,TCS,3024.9,3055.0,3004.0,3037.0,3035.65,1545831,4692605166.2,3035.65,109575.0,0.04447152998533787,3171.1875,3100.07
4308,2021-05-04,TCS,3062.8,3090.0,3035.0,3049.75,3037.0,1990777,6094167595.3,3061.2,94786.0,0.41982219295357265,3165.425,3099.603
4309,2021-05-05,TCS,3070.0,3099.4,3052.4,3095.7,3049.75,1939289,5979255988.85,3083.22,115524.0,1.5066808754815908,3158.2650000000003,3100.37
4310,2021-05-06,TCS,3105.5,3134.0,3074.0,3111.45,3095.7,1791671,5567213773.1,3107.27,72680.0,0.508770229673418,3150.6025,3101.1620000000003
4311,2021-05-07,TCS,3133.0,3159.85,3111.8,3132.9,3111.45,1912540,5999492210.4,3136.92,94194.0,0.6893891915345024,3143.6775,3104.651
4312,2021-05-10,TCS,3145.95,3164.2,3125.0,3145.5,3132.9,2137153,6723356016.9,3145.94,100229.0,0.40218328066647224,3135.085,3107.9570000000003
4313,2021-05-11,TCS,3125.0,3128.1,3091.15,3122.6,3145.5,2415625,7515102667.1,3111.04,93623.0,-0.7280241615005593,3125.1025,3111.447
4314,2021-05-12,TCS,3120.0,3120.0,3070.6,3087.6,3122.6,1978558,6107329661.55,3086.76,101860.0,-1.120860821110613,3117.1549999999997,3113.2929999999997
4315,2021-05-14,TCS,3098.5,3098.5,3040.0,3051.5,3087.6,2043935,6237862560.75,3051.89,126572.0,-1.1691929006347943,3114.5275,3116.437
4316,2021-05-17,TCS,3055.0,3075.2,3036.0,3069.75,3051.5,2890462,8828642067.75,3054.41,98199.0,0.5980665246600032,3107.0675,3119.348
4317,2021-05-18,TCS,3100.0,3124.0,3078.0,3088.8,3069.75,2098538,6499442922.95,3097.13,65396.0,0.6205717077938002,3101.75,3120.9970000000003
4318,2021-05-19,TCS,3084.0,3118.0,3067.1,3082.0,3088.8,1986041,6146847715.9,3095.03,112427.0,-0.22015022015022603,3097.7599999999998,3121.455
4319,2021-05-20,TCS,3067.1,3088.8,3052.1,3060.0,3082.0,2329027,7140693825.45,3065.96,110631.0,-0.7138221933809215,3093.5325,3121.6609999999996
4320,2021-05-21,TCS,3061.0,3088.2,3055.1,3080.5,3060.0,1685566,5184715065.35,3075.95,74555.0,0.6699346405228758,3091.6175,3123.11
4321,2021-05-24,TCS,3081.5,3105.0,3072.0,3081.5,3080.5,1652260,5104527041.8,3089.42,79516.0,0.03246226261970459,3090.2174999999997,3124.6009999999997
4322,2021-05-25,TCS,3092.0,3128.25,3082.1,3114.0,3081.5,1841613,5730395912.55,3111.62,122270.0,1.0546811617718643,3090.8774999999996,3125.862
4323,2021-05-26,TCS,3120.0,3165.0,3103.8,3158.5,3114.0,1923753,6047145461.35,3143.41,98431.0,1.4290301862556198,3092.2025,3127.613
4324,2021-05-27,TCS,3161.95,3217.75,3161.8,3180.0,3158.5,5959785,19006345222.15,3189.1,181046.0,0.6807028652841538,3094.9975,3130.0539999999996
4325,2021-05-28,TCS,3189.5,3198.0,3135.65,3143.6,3180.0,1763701,5575492889.05,3161.25,98509.0,-1.1446540880503173,3096.415,3131.603
4326,2021-05-31,TCS,3150.0,3170.35,3128.6,3159.15,3143.6,1652799,5215439448.1,3155.52,86026.0,0.4946558086270576,3102.5899999999997,3132.585
4327,2021-06-01,TCS,3168.6,3169.95,3132.0,3153.0,3159.15,1377441,4336083044.9,3147.93,91948.0,-0.19467261763449317,3108.39,3133.386
4328,2021-06-02,TCS,3150.85,3159.45,3115.0,3129.45,3153.0,2240078,7007134474.8,3128.08,132990.0,-0.7469077069457717,3112.375,3135.245
4329,2021-06-03,TCS,3154.55,3154.55,3122.65,3141.25,3129.45,1281706,4020300713.05,3136.68,91185.0,0.37706306219943386,3114.6525,3137.0660000000003
4330,2021-06-04,TCS,3128.0,3156.85,3125.0,3143.75,3141.25,1836060,5766071003.15,3140.46,78503.0,0.07958615200955034,3116.2675,3137.348
4331,2021-06-07,TCS,3145.0,3190.45,3133.6,3183.2,3143.75,2559821,8082689475.7,3157.52,102542.0,1.2548707753479067,3118.7825000000003,3138.419
4332,2021-06-08,TCS,3198.0,3231.0,3187.2,3200.15,3183.2,2574057,8270159545.55,3212.89,115327.0,0.5324830359386866,3121.5150000000003,3139.57
4333,2021-06-09,TCS,3202.0,3220.0,3186.2,3200.25,3200.15,1710925,5478705691.35,3202.19,75025.0,0.003124853522488291,3125.3975,3141.1530000000002
4334,2021-06-10,TCS,3210.0,3224.0,3193.0,3216.8,3200.25,1874324,6017589512.15,3210.54,100093.0,0.5171470978829836,3131.8575,3144.192
4278,2021-06-10,TCS,3210.0,3224.0,3193.0,3216.8,3200.25,1874324,6017589512.15,3210.54,100093.0,0.5171470978829836,3140.1225,3147.1919999999996
4279,2021-06-11,TCS,3211.55,3309.0,3211.0,3273.8,3216.8,3452954,11289168561.4,3269.42,139241.0,1.7719472767968165,3150.325,3149.4970000000003
4280,2021-06-14,TCS,3279.0,3308.7,3270.35,3276.35,3273.8,1847360,6067799808.6,3284.58,82241.0,0.07789113568329546,3159.7025000000003,3151.467
4281,2021-06-15,TCS,3298.0,3298.0,3251.55,3262.75,3276.35,1304985,4273970422.6,3275.11,96054.0,-0.41509606726997755,3168.7400000000002,3153.422
4282,2021-06-16,TCS,3262.1,3294.7,3253.0,3274.35,3262.75,1635552,5354077782.45,3273.56,92225.0,0.35552831200673995,3179.4575,3154.131
4283,2021-06-17,TCS,3265.5,3336.05,3260.0,3317.75,3274.35,2273413,7492087861.65,3295.52,131862.0,1.3254539068822848,3191.32,3155.1919999999996
4284,2021-06-18,TCS,3350.9,3358.0,3275.0,3297.3,3317.75,3380431,11197761791.3,3312.52,141335.0,-0.6163815839047493,3202.11,3155.71
4285,2021-06-21,TCS,3265.0,3286.0,3251.7,3273.1,3297.3,1130569,3697504601.3,3270.48,77545.0,-0.7339338246444143,3210.065,3154.825
4286,2021-06-22,TCS,3304.0,3327.05,3285.0,3301.2,3273.1,1708688,5654751060.65,3309.41,91864.0,0.8585133359811772,3217.2,3154.4039999999995
4287,2021-06-23,TCS,3329.0,3329.0,3256.4,3261.4,3301.2,1467104,4808928707.9,3277.84,97430.0,-1.205622197988602,3221.27,3154.7009999999996
4288,2021-06-24,TCS,3284.0,3383.0,3278.5,3373.6,3261.4,4155204,13897853675.1,3344.69,191883.0,3.4402403875636174,3232.7699999999995,3160.092
4289,2021-06-25,TCS,3375.25,3399.65,3350.0,3380.8,3373.6,2722861,9195412962.85,3377.11,112139.0,0.21342186388428602,3243.8525,3163.329
4290,2021-06-28,TCS,3391.5,3391.5,3333.0,3336.75,3380.8,1355238,4534249770.0,3345.72,80472.0,-1.3029460482726036,3253.04,3166.1610000000005
4291,2021-06-29,TCS,3342.0,3366.3,3326.5,3340.85,3336.75,1497322,5007216160.85,3344.11,97261.0,0.12287405409455035,3263.6099999999997,3169.7419999999997
4292,2021-06-30,TCS,3346.0,3382.0,3338.5,3345.75,3340.85,1693146,5683548098.95,3356.8,101344.0,0.1466692608168607,3273.835,3173.7659999999996
4293,2021-07-01,TCS,3358.0,3362.0,3332.35,3341.5,3345.75,990310,3311427478.8,3343.83,63177.0,-0.1270268250765897,3283.7225,3178.22
4294,2021-07-02,TCS,3331.0,3339.7,3295.2,3325.45,3341.5,1682274,5571406774.65,3311.83,124870.0,-0.48032320814006235,3290.835,3182.539
4295,2021-07-05,TCS,3342.0,3374.0,3302.0,3321.0,3325.45,1972858,6593560506.9,3342.14,113655.0,-0.13381647596565333,3296.8775,3186.9429999999998
4296,2021-07-06,TCS,3313.0,3328.0,3256.1,3262.3,3321.0,2159420,7094262857.45,3285.26,142732.0,-1.767539897621193,3299.9800000000005,3189.5489999999995
4297,2021-07-07,TCS,3275.0,3282.7,3241.6,3274.95,3262.3,2640710,8621356119.05,3264.79,119862.0,0.38776323452777595,3302.8875,3192.566
4298,2021-07-08,TCS,3298.0,3298.0,3231.9,3258.5,3274.95,2485811,8114642972.35,3264.38,159147.0,-0.502297745003735,3304.9725,3195.4309999999996
4299,2021-07-09,TCS,3250.0,3282.0,3201.0,3208.15,3258.5,6365067,20574274921.25,3232.37,321370.0,-1.5451895043731751,3301.69,3198.881
4300,2021-07-12,TCS,3235.0,3236.0,3188.35,3193.1,3208.15,1892226,6079523668.95,3212.9,136133.0,-0.4691177158175329,3297.5275,3202.0029999999997
4301,2021-07-13,TCS,3214.0,3214.0,3175.0,3187.55,3193.1,1809339,5776498373.75,3192.6,119046.0,-0.17381228273463803,3293.7675000000004,3204.7589999999996
4302,2021-07-14,TCS,3187.0,3222.0,3185.0,3214.55,3187.55,2044279,6557620557.05,3207.79,121236.0,0.8470455365406032,3290.7775,3207.1360000000004
4303,2021-07-15,TCS,3227.6,3231.85,3194.0,3202.95,3214.55,2232968,7161160396.0,3207.01,134474.0,-0.36085921824206696,3285.0375,3208.966
4304,2021-07-16,TCS,3213.0,3219.85,3192.0,3194.8,3202.95,1256526,4023879474.8,3202.38,90365.0,-0.2544529262086401,3279.9125,3210.204
4305,2021-07-19,TCS,3180.0,3199.8,3176.0,3184.6,3194.8,1597058,5087041968.65,3185.26,78047.0,-0.31926881181921474,3275.4875,3210.9860000000003
4251,2021-07-20,TCS,3184.6,3215.0,3156.15,3205.8,3184.6,1811945,5775540904.05,3187.48,132943.0,0.6657036990516949,3270.7175,3212.65
4306,2021-07-20,TCS,3184.6,3215.0,3156.15,3205.8,3184.6,1811945,5775540904.05,3187.48,132943.0,0.6657036990516949,3267.9375,3215.0139999999997
4252,2021-07-22,TCS,3190.0,3224.95,3190.0,3216.35,3205.8,2859334,9184601700.55,3212.15,121867.0,0.32909102252167094,3260.075,3218.3109999999997
4253,2021-07-23,TCS,3230.0,3241.55,3206.65,3212.85,3216.35,1776193,5729596471.6,3225.77,100269.0,-0.10881900290702196,3251.6775000000002,3221.173
4254,2021-07-26,TCS,3200.0,3224.25,3190.85,3197.55,3212.85,1259611,4037709192.05,3205.52,87600.0,-0.4762127083430514,3244.7174999999997,3223.348
4255,2021-07-27,TCS,3200.0,3210.0,3161.15,3182.95,3197.55,1121367,3571616645.05,3185.06,79117.0,-0.45659958405655465,3236.8225,3225.367
4256,2021-07-28,TCS,3188.0,3204.45,3132.4,3197.8,3182.95,1660654,5263594035.55,3169.59,113534.0,0.46654832780911937,3229.425,3228.123
4257,2021-07-29,TCS,3200.25,3225.45,3190.3,3195.8,3197.8,1731997,5555484672.65,3207.56,123060.0,-0.06254299831133904,3222.1400000000003,3230.429
4258,2021-07-30,TCS,3219.0,3223.5,3162.35,3167.45,3195.8,2999943,9574588335.95,3191.59,140915.0,-0.8871018211402579,3214.24,3232.1479999999997
4259,2021-08-02,TCS,3180.0,3224.9,3167.0,3219.4,3167.45,2608669,8346453822.5,3199.51,112175.0,1.6401206017458925,3209.16,3234.2560000000003
4260,2021-08-03,TCS,3229.0,3290.0,3218.95,3284.9,3219.4,3804735,12425311115.35,3265.75,169947.0,2.034540597626887,3210.29,3236.784
4261,2021-08-04,TCS,3300.0,3305.2,3261.2,3273.95,3284.9,2929598,9611565427.2,3280.85,97356.0,-0.33334348077567877,3210.24,3238.663
4262,2021-08-05,TCS,3275.0,3315.0,3262.5,3283.95,3273.95,2534521,8342597223.05,3291.59,101103.0,0.30544143924006173,3211.5125,3241.47
4263,2021-08-06,TCS,3272.55,3324.0,3265.0,3309.8,3283.95,2292362,7563309162.25,3299.35,102596.0,0.7871618020980943,3216.5950000000003,3244.4829999999997
4264,2021-08-09,TCS,3323.9,3337.0,3310.0,3322.7,3309.8,1510489,5020566711.25,3323.8,96243.0,0.3897516466251627,3223.075,3247.877
4265,2021-08-10,TCS,3315.6,3349.9,3315.6,3333.9,3322.7,2040777,6804914788.2,3334.47,100513.0,0.33707527011166444,3230.3925,3251.966
4266,2021-08-11,TCS,3350.0,3360.0,3327.1,3344.2,3333.9,1929707,6454161673.5,3344.63,104272.0,0.308947478928574,3236.875,3256.025
4267,2021-08-12,TCS,3326.0,3368.0,3326.0,3351.75,3344.2,1310205,4394255743.65,3353.87,84190.0,0.225764009329591,3244.315,3260.185
4268,2021-08-13,TCS,3360.75,3480.0,3357.5,3463.4,3351.75,4363584,15006082710.35,3438.94,217264.0,3.3310956962780662,3257.745,3265.789
4269,2021-08-16,TCS,3460.0,3494.35,3436.5,3472.95,3463.4,2083489,7230549749.25,3470.4,120736.0,0.27574060172084447,3272.1625,3271.245
4270,2021-08-17,TCS,3482.1,3560.8,3463.0,3553.05,3472.95,4336019,15277648941.65,3523.43,189016.0,2.3063965792769943,3289.525,3278.301
4271,2021-08-18,TCS,3573.85,3595.0,3536.6,3560.55,3553.05,2631309,9378550368.2,3564.21,190233.0,0.2110862498416853,3307.2625,3285.176
4272,2021-08-20,TCS,3506.0,3575.0,3500.0,3559.5,3560.55,2836148,10078573269.05,3553.61,146932.0,-0.02948982601003165,3324.4200000000005,3292.03
4273,2021-08-23,TCS,3580.0,3673.0,3561.9,3637.4,3559.5,3744176,13617518913.15,3636.99,182578.0,2.188509622137943,3345.6475,3299.302
4274,2021-08-24,TCS,3657.0,3667.35,3594.4,3613.2,3637.4,2511141,9106741534.1,3626.54,140873.0,-0.6653103865398436,3366.4300000000003,3306.0389999999998
4275,2021-08-25,TCS,3610.0,3697.75,3607.05,3659.0,3613.2,2123263,7786317794.0,3667.15,132939.0,1.2675744492416745,3390.2324999999996,3313.9639999999995
4276,2021-08-26,TCS,3660.0,3687.6,3647.9,3671.85,3659.0,1902533,6975627265.6,3666.49,111272.0,0.3511888494124053,3413.935,3321.914
4277,2021-08-27,TCS,3666.0,3729.5,3651.1,3720.15,3671.85,3944728,14613115000.85,3704.47,146958.0,1.315413211323997,3440.1525,3329.962
4222,2021-08-30,TCS,3715.0,3740.35,3687.6,3701.3,3720.15,2033114,7558326821.9,3717.61,120886.0,-0.5066999986559657,3466.8450000000003,3338.042
4223,2021-08-31,TCS,3709.4,3804.1,3703.45,3786.45,3701.3,3207480,12071111288.25,3763.43,118247.0,2.300543052441024,3495.1974999999998,3348.3089999999997
4224,2021-09-01,TCS,3796.0,3816.7,3707.0,3714.95,3786.45,2643336,9891548398.7,3742.07,159880.0,-1.8883122713887681,3516.7,3356.5840000000003
4225,2021-09-02,TCS,3734.0,3859.15,3722.0,3836.75,3714.95,3403717,12927723346.45,3798.12,147951.0,3.278644396290668,3544.84,3368.0910000000003
4226,2021-09-03,TCS,3825.0,3856.9,3804.55,3842.05,3836.75,1746812,6690825623.35,3830.31,110739.0,0.1381377467909085,3572.7450000000003,3377.46
4227,2021-09-06,TCS,3849.7,3877.6,3814.0,3852.0,3842.05,1723693,6623670538.95,3842.72,111169.0,0.25897632774169566,3599.8550000000005,3386.8839999999996
4228,2021-09-07,TCS,3864.0,3869.95,3808.25,3815.9,3852.0,1585039,6078043781.7,3834.63,97123.0,-0.9371754932502573,3624.5150000000003,3396.4669999999996
4229,2021-09-08,TCS,3810.0,3815.0,3756.0,3774.15,3815.9,4147175,15751252747.1,3798.07,122519.0,-1.0941062396813335,3646.5275,3405.1330000000003
4230,2021-09-09,TCS,3789.7,3808.7,3765.0,3791.4,3774.15,1441148,5457774387.45,3787.1,124377.0,0.4570565557807718,3668.8875,3414.0460000000003
4231,2021-09-13,TCS,3767.0,3852.4,3767.0,3845.35,3791.4,1691473,6475463794.9,3828.3,109836.0,1.4229572189692414,3693.5675,3424.1230000000005
4232,2021-09-14,TCS,3849.95,3896.5,3825.0,3885.9,3845.35,1991188,7713316318.1,3873.73,104679.0,1.0545203947625101,3714.6925,3435.3320000000003
4233,2021-09-15,TCS,3882.1,3980.0,3866.0,3954.55,3885.9,2461369,9671698399.65,3929.4,120015.0,1.7666435060089063,3738.7725,3448.0029999999997
4234,2021-09-16,TCS,3930.0,3981.75,3892.1,3903.3,3954.55,2946666,11586139448.2,3931.95,123851.0,-1.2959755218672162,3756.2850000000008,3460.8230000000003
4235,2021-09-17,TCS,3920.0,3945.0,3805.0,3827.85,3903.3,6477148,24944046353.1,3851.08,155142.0,-1.9329797863346467,3769.65,3471.881
4236,2021-09-20,TCS,3809.0,3871.0,3807.85,3823.5,3827.85,2002008,7682147330.75,3837.22,120832.0,-0.11364081664641795,3782.85,3483.1809999999996
4237,2021-09-21,TCS,3858.0,3871.55,3821.65,3862.95,3823.5,1568129,6038455605.45,3850.74,99059.0,1.0317771675166685,3794.1274999999996,3496.277
4238,2021-09-22,TCS,3862.5,3896.85,3852.45,3862.15,3862.95,1744067,6756003293.95,3873.71,93000.0,-0.020709561345596688,3806.575,3509.658
4239,2021-09-23,TCS,3870.0,3879.0,3835.0,3869.25,3862.15,2003869,7734019886.4,3859.54,131024.0,0.18383542845306133,3817.0875,3523.292
4240,2021-09-24,TCS,3890.0,3944.4,3855.0,3871.3,3869.25,2320754,9071718889.85,3908.95,185756.0,0.052981844026624855,3827.0600000000004,3536.427
4241,2021-09-27,TCS,3900.0,3904.0,3802.9,3836.95,3871.3,1673362,6430415744.6,3842.81,126569.0,-0.8872988401828936,3832.9,3549.107
4242,2021-09-28,TCS,3850.0,3850.0,3751.25,3779.15,3836.95,2253075,8527330472.4,3784.75,140925.0,-1.5064048267504067,3836.7924999999996,3560.794
4243,2021-09-29,TCS,3759.8,3806.0,3722.15,3791.9,3779.15,2489161,9377015958.3,3767.14,138418.0,0.33737745260177554,3837.065,3572.94
4244,2021-09-30,TCS,3805.0,3805.0,3750.1,3775.55,3791.9,2252412,8498981489.3,3773.28,145940.0,-0.43118225691605555,3840.095,3584.335
4245,2021-10-01,TCS,3781.75,3810.0,3725.0,3730.2,3775.55,1578374,5915725343.65,3747.99,132388.0,-1.2011495013971571,3834.7675000000004,3594.8230000000003
4246,2021-10-04,TCS,3724.8,3783.65,3707.45,3773.3,3730.2,1356860,5105290641.5,3762.58,82301.0,1.1554340249852653,3831.3299999999995,3605.962
4247,2021-10-05,TCS,3754.0,3840.0,3741.6,3833.3,3773.3,1877966,7108385858.15,3785.15,107053.0,1.5901200540640819,3830.3949999999995,3618.3709999999996
4248,2021-10-06,TCS,3836.0,3857.45,3795.0,3810.9,3833.3,1678154,6427634316.05,3830.18,105524.0,-0.5843529074165886,3830.1450000000004,3630.6380000000004
4249,2021-10-07,TCS,3830.0,3899.0,3820.05,3892.9,3810.9,1647233,6371521151.0,3868.01,100510.0,2.1517226901781727,3836.0824999999995,3644.837
4250,2021-10-08,TCS,3925.0,3989.9,3900.0,3935.65,3892.9,2934339,11584283174.7,3947.83,178433.0,1.098153047856354,3843.2949999999996,3659.594
4195,2021-10-08,TCS,3925.0,3989.9,3900.0,3935.65,3892.9,2934339,11584283174.7,3947.83,178433.0,1.098153047856354,3847.81,3674.3909999999996
4196,2021-10-11,TCS,3755.0,3757.5,3660.0,3685.6,3935.65,11845402,43859658074.25,3702.67,704881.0,-6.353461308805411,3837.7949999999996,3684.7540000000004
4197,2021-10-12,TCS,3706.0,3707.0,3630.6,3652.85,3685.6,5752877,21047120430.0,3658.54,371571.0,-0.888593444757977,3822.71,3693.423
4198,2021-10-13,TCS,3650.0,3675.45,3645.0,3655.2,3652.85,3545655,12962366655.15,3655.85,228263.0,0.06433332877068342,3810.3049999999994,3700.8289999999997
4199,2021-10-14,TCS,3625.0,3670.0,3608.2,3611.45,3655.2,6442299,23364720249.3,3626.77,406019.0,-1.1969249288684614,3799.4849999999997,3707.579
4200,2021-10-18,TCS,3603.45,3652.7,3601.45,3647.15,3611.45,3590107,13036517799.15,3631.23,213590.0,0.9885226155699309,3790.6675000000005,3714.843
4201,2021-10-19,TCS,3669.0,3690.1,3625.2,3634.15,3647.15,3135441,11481500581.85,3661.85,191609.0,-0.3564427018356799,3779.2275,3721.33
4202,2021-10-20,TCS,3612.0,3630.0,3578.3,3608.85,3634.15,2933693,10579039337.05,3606.05,175675.0,-0.6961737957981972,3766.5625,3727.053
4203,2021-10-21,TCS,3604.1,3607.45,3511.25,3532.5,3608.85,4871211,17274650004.55,3546.27,295349.0,-2.115632403674298,3749.725,3731.025
4204,2021-10-22,TCS,3560.0,3561.6,3485.0,3498.85,3532.5,2691670,9451650099.45,3511.44,163976.0,-0.9525831564048151,3731.1024999999995,3734.118
4205,2021-10-25,TCS,3503.0,3514.55,3450.0,3492.95,3498.85,2595594,9025471433.6,3477.23,139684.0,-0.16862683453134863,3713.9025,3736.942
4206,2021-10-26,TCS,3494.5,3529.0,3475.0,3482.6,3492.95,3878763,13555085104.1,3494.69,155172.0,-0.2963111410126085,3699.075,3737.3259999999996
4207,2021-10-27,TCS,3483.0,3511.25,3483.0,3489.75,3482.6,2510813,8776620129.0,3495.53,122328.0,0.2053063802905901,3683.9674999999997,3737.6619999999994
4208,2021-10-28,TCS,3518.0,3518.0,3415.0,3421.65,3489.75,2424942,8366511722.1,3450.19,187690.0,-1.9514291854717358,3666.2725000000005,3735.034
4209,2021-10-29,TCS,3400.05,3461.0,3385.95,3397.75,3421.65,3960501,13561601567.6,3424.21,241935.0,-0.6984934169187407,3649.65,3731.7780000000002
4210,2021-11-01,TCS,3437.95,3487.0,3412.95,3476.4,3397.75,2020718,6962871688.9,3445.74,154841.0,2.3147671253035123,3634.8050000000003,3730.1160000000004
4211,2021-11-02,TCS,3494.0,3513.6,3469.75,3484.2,3476.4,3087414,10777567152.9,3490.81,134659.0,0.22437003797030627,3617.35,3727.0519999999997
4212,2021-11-03,TCS,3504.2,3519.9,3466.05,3492.25,3484.2,1537639,5370327266.85,3492.58,98779.0,0.23104299408760065,3601.4174999999996,3724.633
4213,2021-11-04,TCS,3512.95,3513.25,3505.0,3508.65,3492.25,328991,1154468248.3,3509.12,42244.0,0.4696112821247074,3582.2050000000004,3721.626
4214,2021-11-08,TCS,3548.0,3548.0,3481.2,3502.75,3508.65,2526082,8849622221.8,3503.3,144893.0,-0.16815584341556128,3560.5600000000004,3718.244
4215,2021-11-09,TCS,3508.0,3535.0,3496.0,3505.7,3502.75,1782692,6254594395.95,3508.51,90441.0,0.08421954178858948,3539.0625,3713.955
4216,2021-11-10,TCS,3498.0,3519.7,3480.2,3484.3,3505.7,1516489,5298754955.55,3494.09,115924.0,-0.6104344353481369,3528.9975000000004,3709.615
4217,2021-11-11,TCS,3480.0,3510.05,3436.0,3488.2,3484.3,1284514,4450347031.55,3464.62,98386.0,0.11193066039088585,3520.7650000000003,3703.65
4218,2021-11-12,TCS,3506.0,3534.15,3485.7,3526.05,3488.2,1747259,6132048785.7,3509.52,98323.0,1.0850868642853153,3514.3075000000003,3699.8720000000003
4219,2021-11-15,TCS,3528.0,3569.6,3528.0,3553.3,3526.05,1809157,6430484084.55,3554.41,113981.0,0.7728194438536039,3511.4,3694.203
4220,2021-11-16,TCS,3569.0,3575.55,3542.0,3556.4,3553.3,2013204,7168605743.85,3560.79,105284.0,0.08724284467959105,3506.8625,3688.49
4167,2021-11-17,TCS,3550.6,3562.85,3506.4,3521.9,3556.4,1632914,5770466506.8,3533.85,126358.0,-0.9700821054999438,3501.25,3681.888
4221,2021-11-17,TCS,3550.6,3562.85,3506.4,3521.9,3556.4,1632914,5770466506.8,3533.85,126358.0,-0.9700821054999438,3496.9025,3676.0080000000003
4168,2021-11-18,TCS,3515.15,3520.85,3451.6,3475.7,3521.9,2136598,7432143867.4,3478.49,135284.0,-1.3117919304920715,3494.0625,3670.0389999999998
4169,2021-11-22,TCS,3478.4,3515.95,3440.3,3458.4,3475.7,3167936,11032349106.2,3482.5,169460.0,-0.4977414621515013,3492.04,3663.3789999999995
4170,2021-11-23,TCS,3445.0,3480.95,3407.8,3464.25,3458.4,2153461,7440308037.35,3455.05,160137.0,0.16915336571824857,3490.6049999999996,3655.7569999999996
4171,2021-11-24,TCS,3472.2,3493.05,3424.0,3443.3,3464.25,2161746,7500832834.1,3469.8,163891.0,-0.6047485025618768,3488.6400000000003,3646.905
4172,2021-11-25,TCS,3443.9,3463.0,3434.05,3445.9,3443.3,1849619,6384030188.95,3451.54,102359.0,0.07550895942845261,3486.4474999999998,3636.732
4173,2021-11-26,TCS,3425.0,3490.0,3411.9,3446.85,3445.9,1941251,6705853480.8,3454.4,156945.0,0.027568995037575615,3487.7074999999995,3627.603
4174,2021-11-29,TCS,3447.15,3529.35,3406.45,3502.0,3446.85,2981745,10407130645.3,3490.28,206893.0,1.600011604798587,3492.9199999999996,3621.0860000000002
4175,2021-11-30,TCS,3491.0,3563.75,3491.0,3529.15,3502.0,5588446,19757846113.05,3535.48,208979.0,0.7752712735579694,3495.5575,3615.199
4176,2021-12-01,TCS,3535.0,3590.0,3535.0,3577.8,3529.15,2102118,7501467334.9,3568.53,177235.0,1.378518906818925,3500.2375,3609.4959999999996
4177,2021-12-02,TCS,3589.2,3648.0,3574.1,3642.9,3577.8,3152938,11395387802.95,3614.21,146031.0,1.8195539158141847,3507.7700000000004,3605.1110000000003
4178,2021-12-03,TCS,3646.45,3665.95,3630.85,3640.45,3642.9,2486263,9061499107.35,3644.63,136470.0,-0.06725411073595962,3514.3599999999997,3600.535
4179,2021-12-06,TCS,3640.45,3658.0,3522.0,3536.4,3640.45,1849642,6632172778.45,3585.65,117199.0,-2.8581631391723477,3516.0424999999996,3593.8369999999995
4180,2021-12-07,TCS,3562.5,3598.0,3524.3,3584.5,3536.4,1484458,5303328386.25,3572.57,107141.0,1.3601402556271889,3519.9824999999996,3588.788
4181,2021-12-08,TCS,3601.0,3646.45,3601.0,3626.9,3584.5,1428660,5187489131.6,3631.02,88625.0,1.1828706932626614,3527.1125,3585.7430000000004
4182,2021-12-09,TCS,3610.0,3634.75,3566.0,3601.75,3626.9,1567957,5634666502.4,3593.64,100995.0,-0.6934296506658604,3532.79,3581.94
4183,2021-12-10,TCS,3585.0,3642.0,3575.1,3636.8,3601.75,1510718,5455578667.05,3611.25,69648.0,0.9731380578885315,3538.3274999999994,3579.165
4184,2021-12-13,TCS,3650.0,3662.0,3601.7,3609.65,3636.8,1883864,6832065637.6,3626.62,93875.0,-0.7465354157501125,3541.1450000000004,3576.7539999999995
4185,2021-12-14,TCS,3605.0,3635.0,3576.7,3623.8,3609.65,1747007,6320734400.1,3618.04,105436.0,0.3920047650049199,3544.5150000000003,3573.764
4186,2021-12-15,TCS,3620.0,3623.0,3558.15,3570.35,3623.8,1603233,5731595939.6,3575.02,109534.0,-1.4749710248910057,3546.9375,3568.505
4187,2021-12-16,TCS,3582.0,3608.45,3570.0,3581.6,3570.35,2072320,7425032318.85,3582.96,93950.0,0.31509515873793886,3549.9224999999997,3563.919
4188,2021-12-17,TCS,3602.5,3651.35,3573.7,3584.35,3581.6,4333992,15640958964.15,3608.9,213460.0,0.07678132678132679,3555.3549999999996,3557.748
4189,2021-12-20,TCS,3589.0,3606.0,3510.15,3556.9,3584.35,2312310,8253261975.1,3569.27,146094.0,-0.7658292298464107,3560.28,3550.173
4190,2021-12-21,TCS,3582.65,3641.2,3566.4,3608.3,3556.9,2340989,8467877601.9,3617.22,118423.0,1.4450785796620678,3567.4825000000005,3543.626
4191,2021-12-22,TCS,3624.0,3636.8,3606.25,3630.75,3608.3,1224328,4439223316.5,3625.84,102255.0,0.6221766482831199,3576.8550000000005,3542.5290000000005
4192,2021-12-23,TCS,3648.0,3670.5,3630.0,3662.7,3630.75,1792861,6555623174.05,3656.52,98445.0,0.879983474488737,3587.6950000000006,3542.7259999999997
4193,2021-12-24,TCS,3685.0,3705.0,3644.8,3670.9,3662.7,2209923,8117727561.7,3673.31,88664.0,0.2238785595325927,3598.8975,3543.04
4194,2021-12-27,TCS,3671.0,3700.0,3653.1,3696.1,3670.9,1534135,5652764172.3,3684.66,80828.0,0.6864801547304425,3608.6025,3544.7329999999997
4162,2021-12-27,TCS,3671.0,3700.0,3653.1,3696.1,3670.9,1534135,5652764172.3,3684.66,80828.0,0.6864801547304425,3616.95,3545.712
4163,2021-12-28,TCS,3710.0,3725.0,3693.85,3706.55,3696.1,1456218,5407012571.25,3713.05,83968.0,0.2827304456048341,3623.3875,3547.16
4164,2021-12-29,TCS,3692.25,3719.95,3685.0,3694.7,3706.55,1456923,5397758672.0,3704.9,94120.0,-0.31970430723989596,3625.9774999999995,3548.877
4165,2021-12-30,TCS,3681.35,3740.0,3680.0,3733.75,3694.7,1966475,7326133567.9,3725.52,105274.0,1.0569193709908837,3630.6424999999995,3552.902
4166,2021-12-31,TCS,3742.8,3760.0,3731.3,3738.35,3733.75,1207141,4520149056.45,3744.51,101227.0,0.1232005356545004,3640.7400000000002,3557.692
4644,2022-01-03,TCS,3750.0,3830.0,3745.0,3817.75,3738.35,2346158,8932827981.15,3807.43,143798.0,2.1239316810892532,3652.4025,3564.188
4645,2022-01-04,TCS,3831.1,3889.15,3811.7,3884.75,3817.75,2488606,9604274014.3,3859.3,141253.0,1.7549603824242026,3665.2949999999996,3572.231
4646,2022-01-05,TCS,3865.0,3870.0,3812.4,3860.95,3884.75,1733031,6668131688.0,3847.67,136018.0,-0.6126520368106103,3678.2549999999997,3579.655
4647,2022-01-06,TCS,3812.0,3835.0,3772.0,3807.45,3860.95,1810293,6884500149.55,3802.98,135529.0,-1.3856693300871548,3686.7875,3587.3709999999996
4648,2022-01-07,TCS,3820.0,3864.9,3796.4,3853.5,3807.45,2460591,9446283701.75,3839.03,157006.0,1.2094709057243085,3698.9799999999996,3596.486
4649,2022-01-10,TCS,3978.0,3978.0,3861.0,3879.85,3853.5,3937092,15346166149.8,3897.84,247085.0,0.6837939535487195,3711.7825,3604.555
4650,2022-01-11,TCS,3856.0,3925.0,3856.0,3915.9,3879.85,1906106,7428014700.35,3896.96,160870.0,0.9291596324600224,3729.06,3613.1890000000003
4651,2022-01-12,TCS,3925.0,3929.0,3836.55,3859.9,3915.9,3203744,12411815990.8,3874.16,241232.0,-1.4300671620827905,3742.975,3620.542
4652,2022-01-13,TCS,3918.0,3923.0,3857.0,3897.9,3859.9,6684507,26014258279.5,3891.72,401435.0,0.9844814632503431,3758.6525,3628.3269999999993
4653,2022-01-14,TCS,3877.85,3977.0,3860.05,3968.15,3897.9,3348123,13138881273.1,3924.25,213960.0,1.802252494933169,3779.215,3637.635
4654,2022-01-17,TCS,3992.7,4043.0,3962.3,4019.15,3968.15,3442604,13805980840.45,4010.33,230947.0,1.2852336731222358,3799.7574999999997,3647.9040000000005
4655,2022-01-18,TCS,4033.95,4041.7,3980.0,3990.6,4019.15,2389041,9579619424.1,4009.82,185771.0,-0.7103492031897337,3817.75,3658.03
4656,2022-01-19,TCS,4012.0,4012.0,3910.5,3914.65,3990.6,3102539,12215195983.15,3937.16,260043.0,-1.9032225730466552,3830.3475,3666.559
4657,2022-01-20,TCS,3910.0,3920.0,3811.0,3826.55,3914.65,6176776,23737557017.75,3843.03,349194.0,-2.2505204807581753,3838.13,3672.5689999999995
4658,2022-01-21,TCS,3807.0,3851.55,3771.1,3833.5,3826.55,3112358,11891026050.45,3820.58,240408.0,0.18162574642954665,3845.0,3678.173
4659,2022-01-24,TCS,3840.0,3849.65,3740.1,3771.35,3833.5,3258414,12326830753.15,3783.08,288359.0,-1.62123385939742,3848.7625,3682.472
4660,2022-01-25,TCS,3769.5,3809.4,3722.2,3769.9,3771.35,3330501,12533182476.5,3763.15,298567.0,-0.038447770692187626,3851.9300000000003,3687.4320000000002
4661,2022-01-27,TCS,3731.0,3733.4,3625.1,3649.25,3769.9,5718297,20981028870.55,3669.1,473910.0,-3.2003501419135807,3849.6575000000003,3689.979
4662,2022-01-28,TCS,3646.0,3729.8,3646.0,3690.05,3649.25,3143862,11641524811.25,3702.94,226989.0,1.118037953004047,3847.4725000000008,3694.2660000000005
4663,2022-01-31,TCS,3749.0,3758.0,3721.4,3736.25,3690.05,2739393,10248148872.1,3741.03,193114.0,1.2520155553447736,3847.3675000000003,3699.8230000000003
4664,2022-02-01,TCS,3770.0,3808.0,3736.4,3800.65,3736.25,2105169,7960578363.5,3781.44,149564.0,1.7236533957845457,3846.5125,3706.5510000000004
4665,2022-02-02,TCS,3827.9,3864.0,3800.65,3856.2,3800.65,1984212,7621963889.9,3841.31,139468.0,1.4615920960888196,3845.085,3714.8089999999997
4666,2022-02-03,TCS,3851.0,3882.5,3816.05,3824.6,3856.2,1960538,7549182942.05,3850.57,137513.0,-0.8194595715989812,3843.2675000000004,3722.383
4667,2022-02-04,TCS,3815.3,3824.7,3769.0,3814.9,3824.6,2307366,8777283685.05,3804.03,160651.0,-0.25362129373005854,3843.6400000000003,3729.7439999999997
4668,2022-02-07,TCS,3791.0,3831.8,3756.15,3779.0,3814.9,1919149,7275863610.7,3791.19,159690.0,-0.9410469474953496,3839.915,3735.2839999999997
4669,2022-02-08,TCS,3791.55,3799.7,3721.0,3743.45,3779.0,2946443,11024097961.5,3741.49,209984.0,-0.9407250595395655,3833.095,3739.57
4670,2022-02-09,TCS,3750.0,3777.95,3746.1,3760.55,3743.45,1638721,6164860124.35,3761.99,124222.0,0.4567978736192647,3825.3275000000003,3743.225
4617,2022-02-10,TCS,3789.8,3789.8,3758.0,3770.35,3760.55,2112459,7966959377.85,3771.41,127158.0,0.2606001781654207,3820.85,3745.7739999999994
4671,2022-02-10,TCS,3789.8,3789.8,3758.0,3770.35,3760.55,2112459,7966959377.85,3771.41,127158.0,0.2606001781654207,3814.4725,3748.3720000000003
4618,2022-02-11,TCS,3752.5,3752.5,3690.0,3694.95,3770.35,3851488,14264552938.2,3703.65,242420.0,-1.9998143408436908,3800.8125,3751.5430000000006
4619,2022-02-14,TCS,3724.0,3793.25,3710.0,3733.75,3694.95,5951745,22318114654.2,3749.84,452110.0,1.0500818684961957,3786.5425000000005,3754.5280000000002
4620,2022-02-15,TCS,3786.0,3835.0,3748.0,3817.8,3733.75,3931683,14878547124.95,3784.27,347451.0,2.25108804820891,3777.9024999999992,3758.3459999999995
4621,2022-02-16,TCS,3844.0,3854.1,3806.0,3813.1,3817.8,3256906,12450874614.35,3822.91,224789.0,-0.12310754885013024,3772.825,3762.573
4622,2022-02-17,TCS,3825.0,3835.0,3779.0,3784.2,3813.1,3134372,11900002924.7,3796.61,259784.0,-0.7579135086937162,3770.7074999999995,3765.5209999999997
4623,2022-02-18,TCS,3769.0,3815.95,3757.6,3793.9,3784.2,3688883,13975451807.2,3788.53,286278.0,0.25632894667301603,3768.7275,3769.206
4624,2022-02-21,TCS,3810.0,3827.8,3705.55,3719.4,3793.9,7465922,27971335681.4,3746.53,521065.0,-1.9636785365982234,3766.13,3771.118
4625,2022-02-22,TCS,3650.0,3667.9,3570.0,3586.4,3719.4,5408531,19453348172.2,3596.79,334519.0,-3.5758455664892184,3756.9549999999995,3771.4390000000003
4626,2022-02-23,TCS,3611.0,3622.9,3555.65,3563.8,3586.4,2426203,8689549721.75,3581.54,166091.0,-0.6301583760874389,3752.6825,3771.083
4627,2022-02-24,TCS,3474.0,3483.85,3391.1,3401.65,3563.8,5039136,17337349379.3,3440.54,344070.0,-4.549918626185534,3738.2625,3767.429
4628,2022-02-25,TCS,3468.0,3530.0,3462.0,3520.75,3401.65,2549723,8945212715.3,3508.31,178046.0,3.501242044302027,3727.4875,3766.706
4629,2022-02-28,TCS,3490.0,3563.75,3455.9,3554.2,3520.75,3288942,11609499907.55,3529.86,157832.0,0.9500816587374796,3715.165,3765.624
4630,2022-03-02,TCS,3552.5,3571.95,3506.0,3546.15,3554.2,2761341,9767303515.95,3537.16,159497.0,-0.2264926003038582,3699.6625,3763.9319999999993
4631,2022-03-03,TCS,3562.85,3578.6,3530.1,3544.4,3546.15,1928039,6850848054.25,3553.27,162316.0,-0.04934929430509144,3685.6525,3761.5660000000003
4632,2022-03-04,TCS,3501.5,3561.2,3487.05,3524.35,3544.4,2370257,8356482128.95,3525.56,150154.0,-0.5656810743708436,3671.125,3758.635
4633,2022-03-07,TCS,3450.0,3548.0,3431.55,3484.9,3524.35,3054130,10663373904.35,3491.46,240636.0,-1.1193553421198184,3656.4200000000005,3754.4110000000005
4634,2022-03-08,TCS,3460.0,3609.0,3460.0,3599.95,3484.9,3300992,11787552347.95,3570.91,182907.0,3.301385979511599,3649.2450000000003,3752.488
4635,2022-03-09,TCS,3605.0,3654.0,3597.05,3632.6,3599.95,2719654,9877225026.5,3631.79,171411.0,0.9069570410700174,3642.8475,3751.009
4636,2022-03-10,TCS,3684.0,3684.0,3615.0,3620.95,3632.6,2005441,7299662362.8,3639.93,129608.0,-0.32070693167428543,3635.3775,3749.534
4637,2022-03-11,TCS,3603.25,3639.85,3592.85,3599.15,3620.95,1623423,5869407353.85,3615.45,119798.0,-0.6020519476932774,3626.8175,3746.842
4638,2022-03-14,TCS,3580.0,3648.35,3580.0,3643.0,3599.15,1765688,6392547278.65,3620.43,119156.0,1.2183432199269246,3624.22,3744.935
4639,2022-03-15,TCS,3659.0,3659.0,3585.4,3593.9,3643.0,3651133,13245962358.7,3627.9,154118.0,-1.347790282734008,3617.2274999999995,3740.458
4640,2022-03-16,TCS,3640.5,3668.0,3616.25,3655.9,3593.9,3090475,11252241518.05,3640.94,94898.0,1.7251453852360945,3609.1325000000006,3735.881
4641,2022-03-17,TCS,3696.6,3710.0,3660.3,3672.75,3655.9,3600452,13270520963.0,3685.79,139747.0,0.46089882108372515,3602.1150000000002,3732.117
4642,2022-03-21,TCS,3696.0,3713.95,3615.0,3626.7,3672.75,2413831,8811169624.5,3650.28,131933.0,-1.2538288748213242,3594.2400000000002,3728.502
4643,2022-03-22,TCS,3640.0,3711.0,3625.0,3700.95,3626.7,2907611,10682934318.3,3674.13,124599.0,2.0473157415832577,3589.5924999999997,3725.4509999999996
4590,2022-03-22,TCS,3640.0,3711.0,3625.0,3700.95,3626.7,2907611,10682934318.3,3674.13,124599.0,2.0473157415832577,3588.6699999999996,3721.873
4591,2022-03-23,TCS,3708.0,3729.8,3690.0,3712.4,3700.95,1596195,5919042115.35,3708.22,82816.0,0.30938002404788695,3594.9700000000003,3717.803
4592,2022-03-24,TCS,3700.0,3758.2,3695.0,3749.85,3712.4,1879046,7030133316.7,3741.33,86810.0,1.0087813813166635,3604.2725,3715.6020000000003
4593,2022-03-25,TCS,3759.9,3779.5,3672.0,3707.45,3749.85,1690133,6281432591.55,3716.53,101622.0,-1.1307118951424748,3619.5625,3711.7930000000006
4594,2022-03-28,TCS,3695.0,3713.0,3661.2,3707.7,3707.45,1760990,6497804966.2,3689.86,119630.0,0.006743179274164184,3628.91,3706.584
4595,2022-03-29,TCS,3694.75,3722.0,3691.0,3705.35,3707.7,2689063,9968577738.75,3707.08,166424.0,-0.063381611241468,3636.4674999999997,3700.308
4596,2022-03-30,TCS,3738.0,3738.0,3706.2,3731.55,3705.35,1583455,5895744278.15,3723.34,109724.0,0.7070857004061768,3645.7375,3695.1269999999995
4597,2022-03-31,TCS,3740.0,3754.65,3720.2,3739.95,3731.55,2168110,8116163209.35,3743.43,146788.0,0.22510752904288125,3655.5149999999994,3691.633
4598,2022-04-01,TCS,3748.0,3763.0,3728.05,3758.75,3739.95,1387014,5197652138.25,3747.37,91136.0,0.5026805171192177,3667.2349999999997,3690.277
4599,2022-04-04,TCS,3762.0,3780.0,3737.1,3770.35,3758.75,1472994,5548997654.95,3767.16,101419.0,0.3086132357831702,3681.5074999999997,3689.014
4600,2022-04-05,TCS,3772.0,3835.6,3772.0,3814.8,3770.35,2314947,8826982342.8,3813.04,163963.0,1.1789356425796087,3692.25,3689.883
4601,2022-04-06,TCS,3809.3,3809.3,3731.15,3755.35,3814.8,2051729,7718464770.35,3761.93,132368.0,-1.5584041103072317,3698.3875,3689.592
4602,2022-04-07,TCS,3745.5,3745.5,3679.0,3684.15,3755.35,2494829,9243973241.15,3705.25,149240.0,-1.8959617612206536,3701.5474999999997,3690.29
4603,2022-04-08,TCS,3690.0,3705.0,3642.5,3685.65,3684.15,2296773,8446026504.2,3677.34,134082.0,0.04071495460282562,3705.8725,3690.2019999999993
4604,2022-04-11,TCS,3690.0,3712.35,3656.1,3696.4,3685.65,2291660,8457191677.85,3690.42,171882.0,0.29167175396470096,3708.5425000000005,3689.405
4605,2022-04-12,TCS,3683.0,3739.0,3648.35,3691.1,3696.4,4483476,16617340654.7,3706.35,254563.0,-0.14338275078455204,3713.4025,3687.2139999999995
4606,2022-04-13,TCS,3707.0,3709.85,3655.55,3661.95,3691.1,1621672,5957287429.65,3673.55,103822.0,-0.7897374766329845,3713.7049999999995,3683.329
4607,2022-04-18,TCS,3610.0,3610.0,3522.5,3528.05,3661.95,3820792,13559130603.8,3548.77,324929.0,-3.6565217984953278,3706.47,3677.3979999999997
4608,2022-04-19,TCS,3550.0,3563.55,3439.15,3471.9,3528.05,3170014,11122129456.75,3508.54,208443.0,-1.591530732274205,3698.7300000000005,3670.5380000000005
4609,2022-04-20,TCS,3500.0,3569.15,3480.0,3556.8,3471.9,2640370,9364702419.1,3546.74,185024.0,2.445346928194939,3691.5225,3666.094
4610,2022-04-21,TCS,3580.0,3644.0,3567.4,3628.65,3556.8,2280996,8255439639.1,3619.23,136751.0,2.02007422402159,3687.9075000000003,3663.798
4611,2022-04-22,TCS,3581.1,3617.0,3571.5,3612.55,3628.65,1581465,5696536818.6,3602.06,93552.0,-0.44369117991539303,3682.915,3660.8380000000006
4612,2022-04-25,TCS,3558.0,3584.0,3533.1,3548.2,3612.55,1960694,6975753255.7,3557.8,146368.0,-1.7812902243567665,3672.8325000000004,3656.395
4613,2022-04-26,TCS,3575.15,3587.9,3518.15,3546.3,3548.2,1943469,6900626735.65,3550.67,139910.0,-0.05354827800010248,3664.775,3651.914
4614,2022-04-27,TCS,3546.0,3568.45,3506.3,3561.2,3546.3,1727648,6116579202.75,3540.41,111612.0,0.42015621915798534,3657.45,3649.2389999999996
4615,2022-04-28,TCS,3588.0,3604.4,3538.05,3584.3,3561.2,1703660,6088933925.5,3574.03,122574.0,0.6486577558126576,3651.3975000000005,3646.25
4616,2022-04-29,TCS,3597.0,3623.25,3536.85,3546.7,3584.3,2051115,7336393454.55,3576.78,107015.0,-1.0490193343191239,3642.155,3640.828
4561,2022-05-02,TCS,3519.9,3547.95,3492.75,3542.4,3546.7,1324161,4662247237.85,3520.91,118662.0,-0.12123946203512355,3632.2775,3635.4139999999998
4562,2022-05-04,TCS,3538.5,3545.45,3465.3,3479.75,3542.4,2305825,8096556485.0,3511.35,174763.0,-1.7685749774164434,3618.3275000000003,3629.325
4563,2022-05-05,TCS,3512.1,3533.0,3485.35,3513.4,3479.75,1612262,5660812779.4,3511.1,93993.0,0.9670234930670332,3605.4800000000005,3623.715
4564,2022-05-06,TCS,3459.0,3474.5,3424.5,3432.6,3513.4,2010812,6926321262.7,3444.54,184661.0,-2.2997666078442585,3586.37,3617.979
4565,2022-05-09,TCS,3398.0,3456.0,3346.85,3445.1,3432.6,2481830,8465389113.2,3410.95,163369.0,0.3641554506787858,3570.8575000000005,3615.153
4566,2022-05-10,TCS,3434.0,3464.8,3422.0,3438.75,3445.1,1622685,5595800071.9,3448.48,145050.0,-0.18431975849757362,3558.5875,3612.652
4567,2022-05-11,TCS,3435.0,3448.45,3382.15,3412.0,3438.75,1841769,6283511939.4,3411.67,144928.0,-0.7778989458378771,3544.905,3612.8589999999995
4568,2022-05-12,TCS,3378.0,3449.7,3350.1,3408.65,3412.0,2807195,9589106457.9,3415.9,194805.0,-0.09818288393903603,3530.5174999999995,3610.6169999999997
4569,2022-05-13,TCS,3435.0,3439.9,3382.15,3414.9,3408.65,2187823,7460096134.45,3409.83,148468.0,0.18335704751147813,3516.7075000000004,3607.831
4570,2022-05-16,TCS,3415.0,3430.0,3366.6,3376.8,3414.9,1195813,4064578939.8,3399.01,84979.0,-1.115698849161027,3502.45,3604.4440000000004
4571,2022-05-17,TCS,3370.0,3467.0,3350.4,3451.6,3376.8,1754076,5982349029.05,3410.54,126169.0,2.2151149016820577,3498.6275,3602.5879999999997
4572,2022-05-18,TCS,3465.0,3495.0,3443.05,3448.8,3451.6,1866781,6473331671.2,3467.64,114108.0,-0.08112179858615504,3497.4725,3601.077
4573,2022-05-19,TCS,3397.0,3405.0,3230.0,3261.95,3448.8,4642963,15323179100.3,3300.3,377211.0,-5.417826490373474,3482.7300000000005,3596.618
4574,2022-05-20,TCS,3310.0,3313.9,3270.05,3293.0,3261.95,3065125,10087497473.5,3291.06,157647.0,0.9518846088995901,3465.9474999999998,3590.4790000000003
4575,2022-05-23,TCS,3304.8,3338.9,3267.0,3321.75,3293.0,2293690,7593529392.3,3310.62,139905.0,0.8730640753112664,3451.4075,3584.262
4576,2022-05-24,TCS,3315.15,3324.85,3275.6,3288.0,3321.75,1711510,5640372449.0,3295.55,113563.0,-1.0160307067058025,3438.3975,3577.603
4577,2022-05-25,TCS,3292.85,3292.85,3154.05,3167.65,3288.0,3548046,11337725211.9,3195.48,234787.0,-3.660279805352795,3419.465,3568.973
4578,2022-05-26,TCS,3191.0,3241.5,3180.55,3226.95,3167.65,2813186,9012456721.45,3203.65,180988.0,1.872050258077746,3402.7525,3560.652
4579,2022-05-27,TCS,3253.2,3278.9,3229.2,3261.3,3226.95,3103153,10099703415.15,3254.66,180755.0,1.0644726444475547,3386.6025,3554.0
4580,2022-05-30,TCS,3297.0,3386.6,3286.35,3375.25,3261.3,2094624,7031980224.75,3357.16,157476.0,3.494005457946212,3378.0299999999997,3548.387
4581,2022-05-31,TCS,3354.15,3383.4,3325.0,3364.35,3375.25,4840965,16273981442.25,3361.72,121044.0,-0.32293904155248027,3369.1275,3542.219
4582,2022-06-01,TCS,3388.0,3388.0,3340.05,3355.2,3364.35,1493835,5021809191.8,3361.69,104290.0,-0.2719693254269054,3362.9,3536.7889999999998
4583,2022-06-02,TCS,3355.0,3432.0,3346.3,3423.0,3355.2,2657939,9054131663.7,3406.45,136202.0,2.0207439198855566,3358.38,3531.23
4584,2022-06-03,TCS,3459.4,3477.3,3431.2,3440.15,3423.0,1913622,6624247294.0,3461.63,100866.0,0.5010224948875281,3358.7575000000006,3526.014
4585,2022-06-06,TCS,3418.0,3453.0,3377.15,3430.95,3440.15,1084210,3705944242.6,3418.11,73792.0,-0.26743019926457484,3358.05,3520.385
4586,2022-06-07,TCS,3401.05,3418.85,3356.0,3362.7,3430.95,2308256,7790697239.05,3375.14,97752.0,-1.9892449613080925,3354.2475,3512.6420000000003
4587,2022-06-08,TCS,3380.15,3413.95,3346.5,3404.15,3362.7,2185707,7389860340.55,3380.99,108659.0,1.232640437743488,3353.8549999999996,3506.5759999999996
4588,2022-06-09,TCS,3385.0,3437.0,3353.1,3427.1,3404.15,1279197,4358469058.0,3407.19,93783.0,0.6741771073542534,3354.7775,3500.9640000000004
4589,2022-06-10,TCS,3382.0,3393.0,3352.0,3359.9,3427.1,1527582,5146399355.65,3368.98,104326.0,-1.9608415278223519,3352.0275,3494.055
4532,2022-06-10,TCS,3382.0,3393.0,3352.0,3359.9,3427.1,1527582,5146399355.65,3368.98,104326.0,-1.9608415278223519,3351.1825,3486.6220000000003
4533,2022-06-13,TCS,3290.0,3293.0,3192.45,3219.6,3359.9,3030921,9797812416.85,3232.62,205631.0,-4.175719515461775,3339.5824999999995,3476.215
4534,2022-06-14,TCS,3190.0,3238.9,3174.7,3210.55,3219.6,2611493,8401363540.45,3217.07,124729.0,-0.28109081873523817,3327.6699999999996,3465.2509999999997
4535,2022-06-15,TCS,3218.5,3234.0,3201.0,3206.3,3210.55,1404536,4517400463.55,3216.29,70725.0,-0.13237607263552972,3324.8875,3453.97
4536,2022-06-16,TCS,3240.0,3244.85,3133.05,3142.0,3206.3,2032028,6469922975.25,3183.97,130733.0,-2.005426815956092,3317.3375,3440.514
4537,2022-06-17,TCS,3092.0,3118.75,3023.85,3088.9,3142.0,5240434,16091675326.95,3070.68,251011.0,-1.6900063653723714,3305.6949999999997,3427.185
4538,2022-06-20,TCS,3094.0,3138.75,3069.0,3112.4,3088.9,1502769,4670409474.1,3107.87,115135.0,0.7607886302567256,3296.915,3415.75
4539,2022-06-21,TCS,3130.0,3237.75,3125.4,3211.95,3112.4,2964461,9486098258.85,3199.94,128742.0,3.1984963372317092,3299.13,3406.2760000000003
4540,2022-06-22,TCS,3199.9,3250.55,3183.0,3222.95,3211.95,3336315,10744867621.7,3220.58,156829.0,0.34247108454365727,3298.9300000000003,3396.8069999999993
4541,2022-06-23,TCS,3222.95,3318.0,3222.95,3308.8,3222.95,3692578,12106470991.25,3278.6,185416.0,2.6637087140663174,3301.3050000000003,3389.1610000000005
4542,2022-06-24,TCS,3339.0,3345.0,3277.5,3293.1,3308.8,2132118,7038903961.45,3301.37,138562.0,-0.4744922630561011,3297.1974999999998,3381.784
4543,2022-06-27,TCS,3350.0,3362.9,3306.5,3314.7,3293.1,2037686,6789735530.1,3332.08,97090.0,0.6559169171904865,3294.715,3377.5170000000003
4544,2022-06-28,TCS,3307.0,3330.0,3272.6,3318.15,3314.7,1400046,4624422760.5,3303.05,84893.0,0.10408181735904526,3292.8625,3374.4419999999996
4545,2022-06-29,TCS,3271.0,3333.0,3271.0,3290.5,3318.15,2133994,7054630628.2,3305.83,107778.0,-0.8332956617392249,3286.2375,3369.116
4546,2022-06-30,TCS,3272.0,3310.9,3255.0,3267.1,3290.5,2719603,8912636836.55,3277.18,162335.0,-0.7111381249050324,3277.585,3361.885
4547,2022-07-01,TCS,3260.0,3333.0,3252.05,3315.1,3267.1,1502879,4930350507.75,3280.6,112046.0,1.4691928621713446,3271.7925,3355.9359999999997
4548,2022-07-04,TCS,3312.0,3317.95,3225.05,3235.05,3315.1,2622535,8531914981.1,3253.31,141398.0,-2.4147084552502105,3265.41,3349.673
4549,2022-07-05,TCS,3255.0,3272.0,3206.95,3216.3,3235.05,2170627,7037266407.55,3242.04,112716.0,-0.5795891871841239,3256.0175,3343.073
4550,2022-07-06,TCS,3218.5,3268.5,3202.25,3260.75,3216.3,2182144,7072998934.05,3241.31,133193.0,1.3820228212542305,3247.7,3337.0640000000003
4551,2022-07-07,TCS,3271.0,3319.4,3265.05,3287.85,3260.75,1989921,6561634408.95,3297.43,134817.0,0.8310971402284724,3244.0975,3331.135
4552,2022-07-08,TCS,3300.0,3305.0,3250.0,3265.45,3287.85,2136916,7001326022.15,3276.37,124842.0,-0.6812962878476844,3239.375,3325.51
4553,2022-07-11,TCS,3206.15,3225.0,3106.0,3113.8,3265.45,6974600,21827698062.7,3129.6,380075.0,-4.644076620373904,3234.085,3316.9380000000006
4554,2022-07-12,TCS,3114.9,3136.2,3080.25,3084.7,3113.8,3734815,11605153006.95,3107.29,205086.0,-0.9345494251397123,3227.7925000000005,3309.0370000000003
4555,2022-07-13,TCS,3104.0,3110.0,3035.0,3038.75,3084.7,3863530,11830187593.45,3062.02,235688.0,-1.489610010697955,3219.415,3299.544
4556,2022-07-14,TCS,3056.0,3057.0,2967.0,2998.75,3038.75,4764908,14321341706.55,3005.59,300086.0,-1.316330728095434,3212.2525,3290.867
4557,2022-07-15,TCS,3018.55,3028.9,2953.0,2994.6,2998.75,4574806,13676285883.25,2989.48,214162.0,-0.1383909962484399,3207.5375,3281.857
4558,2022-07-18,TCS,3023.0,3076.95,3014.3,3063.5,2994.6,3202795,9782050619.95,3054.22,188515.0,2.300808121284983,3205.0924999999997,3274.3520000000003
4559,2022-07-19,TCS,3030.05,3078.95,3030.05,3074.25,3063.5,1865074,5716058996.4,3064.79,114155.0,0.3509058266688428,3198.2075,3267.597
4505,2022-07-20,TCS,3107.8,3171.95,3098.05,3164.8,3074.25,3402251,10693565035.15,3143.09,181848.0,2.945433845653417,3195.3,3262.72
4560,2022-07-20,TCS,3107.8,3171.95,3098.05,3164.8,3074.25,3402251,10693565035.15,3143.09,181848.0,2.945433845653417,3188.1,3257.718
4506,2022-07-21,TCS,3167.0,3184.0,3144.05,3177.3,3164.8,2420640,7674387202.5,3170.4,133492.0,0.3949696663296259,3182.3100000000004,3253.728
4507,2022-07-22,TCS,3185.0,3197.0,3143.5,3171.0,3177.3,2075886,6573218210.8,3166.46,111772.0,-0.19828155981494291,3175.125,3248.116
4508,2022-07-25,TCS,3165.0,3186.45,3149.1,3166.75,3171.0,1797504,5691923031.8,3166.57,100813.0,-0.13402712078208767,3167.5550000000003,3242.475
4509,2022-07-26,TCS,3164.7,3168.9,3096.5,3115.9,3166.75,2639367,8243104172.25,3123.14,123369.0,-1.6057472171784923,3158.825,3239.5539999999996
4510,2022-07-27,TCS,3115.0,3194.1,3110.0,3188.85,3115.9,1389808,4389301769.2,3158.21,91855.0,2.3412176257261086,3154.9125,3237.4709999999995
4511,2022-07-28,TCS,3216.0,3264.0,3201.65,3260.5,3188.85,2106333,6828945291.1,3242.1,148541.0,2.246891512614268,3152.1825,3236.2459999999996
4512,2022-07-29,TCS,3290.0,3317.3,3275.0,3301.9,3260.5,2430257,8011473474.95,3296.55,114501.0,1.2697439043091578,3155.525,3236.5239999999994
4513,2022-08-01,TCS,3327.0,3327.0,3271.0,3298.8,3301.9,1306913,4308478419.3,3296.68,116856.0,-0.09388533874435655,3159.65,3239.147
4514,2022-08-02,TCS,3290.0,3312.9,3271.65,3291.8,3298.8,1269114,4174984483.8,3289.68,93507.0,-0.21219837516672727,3161.2025000000003,3240.4439999999995
4515,2022-08-03,TCS,3280.0,3349.0,3277.05,3339.5,3291.8,2895824,9618626910.4,3321.55,156174.0,1.4490552281426519,3163.7850000000003,3242.008
4516,2022-08-04,TCS,3350.0,3387.9,3307.35,3354.95,3339.5,2150567,7204319593.95,3349.96,152934.0,0.4626441083994555,3168.2599999999998,3241.6020000000003
4517,2022-08-05,TCS,3361.2,3377.0,3355.0,3365.05,3354.95,1106933,3725084734.5,3365.23,75240.0,0.30104770562900685,3180.8225,3241.616
4518,2022-08-08,TCS,3365.0,3378.9,3336.0,3374.45,3365.05,1068836,3595004758.3,3363.48,82770.0,0.27934206029627007,3195.31,3242.001
4519,2022-08-10,TCS,3385.0,3385.0,3335.0,3354.25,3374.45,1878359,6292520966.9,3350.01,125360.0,-0.5986160707670827,3211.085,3240.626
4520,2022-08-11,TCS,3400.0,3428.7,3375.05,3422.5,3354.25,1449248,4946406504.85,3413.08,122934.0,2.034732056346426,3232.2725,3240.2729999999997
4521,2022-08-12,TCS,3419.0,3419.0,3381.25,3401.55,3422.5,1472354,5003036073.45,3397.98,75873.0,-0.6121256391526608,3252.62,3239.685
4522,2022-08-16,TCS,3411.0,3414.85,3387.5,3392.7,3401.55,839942,2854442797.65,3398.38,53268.0,-0.2601755082242026,3269.08,3240.285
4523,2022-08-17,TCS,3385.1,3417.95,3371.1,3401.1,3392.7,1622326,5519350289.2,3402.12,98890.0,0.24759041471394735,3285.4224999999997,3240.224
4524,2022-08-18,TCS,3390.0,3392.0,3362.0,3381.25,3401.1,1430659,4828722795.6,3375.17,84565.0,-0.583634706418509,3296.2450000000003,3239.3070000000002
4525,2022-08-19,TCS,3387.0,3421.5,3371.25,3385.75,3381.25,1398410,4746031534.2,3393.88,79927.0,0.13308687615526804,3307.2925000000005,3239.824
4526,2022-08-22,TCS,3365.0,3384.1,3347.4,3354.55,3385.75,1536532,5167628743.6,3363.18,106447.0,-0.9215092667798809,3316.1549999999997,3239.717
4527,2022-08-23,TCS,3319.95,3341.9,3270.0,3284.6,3354.55,1849256,6098625602.1,3297.88,164215.0,-2.085227526791977,3321.835,3241.0170000000003
4528,2022-08-24,TCS,3292.0,3308.0,3250.2,3255.35,3284.6,1691923,5518743574.25,3261.82,122084.0,-0.8905193935334591,3326.2650000000003,3241.9130000000005
4529,2022-08-25,TCS,3276.0,3278.15,3214.75,3218.2,3255.35,1946930,6308445527.35,3240.2,139860.0,-1.1411983350484616,3331.38,3242.151
4530,2022-08-26,TCS,3234.3,3257.0,3216.8,3222.2,3218.2,1457962,4720129748.6,3237.48,100672.0,0.12429308308992607,3333.0474999999997,3243.755
4477,2022-08-29,TCS,3125.0,3142.7,3081.0,3132.55,3222.2,2539173,7928396114.25,3122.43,218828.0,-2.782260567314246,3326.65,3244.6279999999997
4531,2022-08-29,TCS,3125.0,3142.7,3081.0,3132.55,3222.2,2539173,7928396114.25,3122.43,218828.0,-2.782260567314246,3318.1825000000003,3245.0310000000004
4478,2022-08-30,TCS,3155.0,3226.5,3142.1,3211.15,3132.55,3431525,10952979383.2,3191.87,123249.0,2.5091379227785637,3313.8,3245.015
4479,2022-09-01,TCS,3190.0,3190.0,3121.0,3131.7,3211.15,3546935,11132600019.55,3138.65,262677.0,-2.474191489030418,3305.7949999999996,3243.19
4480,2022-09-02,TCS,3163.0,3163.0,3120.3,3130.4,3131.7,2052900,6438622874.7,3136.35,135641.0,-0.04151100041510129,3295.34,3239.6220000000003
4481,2022-09-05,TCS,3123.65,3147.95,3112.25,3133.4,3130.4,2147912,6734130929.55,3135.2,108628.0,0.09583439815997956,3284.2625,3236.428
4482,2022-09-06,TCS,3135.5,3140.85,3106.35,3127.05,3133.4,1936453,6048310102.4,3123.4,130549.0,-0.20265526265398318,3272.3625,3232.675
4483,2022-09-07,TCS,3102.0,3161.9,3102.0,3149.6,3127.05,1291534,4049333272.55,3135.29,89078.0,0.7211269407268744,3261.12,3229.304
4484,2022-09-08,TCS,3170.0,3183.5,3160.1,3169.65,3149.6,1346113,4266640131.55,3169.6,68717.0,0.6365887731775521,3251.8900000000003,3226.887
4485,2022-09-09,TCS,3195.0,3233.5,3168.5,3217.65,3169.65,1561185,4997828185.6,3201.3,103256.0,1.51436278453457,3241.6475,3225.8979999999997
4486,2022-09-12,TCS,3239.9,3269.8,3225.0,3242.95,3217.65,1785928,5807179274.5,3251.63,117081.0,0.7862881295355222,3233.7174999999997,3224.455
4487,2022-09-13,TCS,3263.45,3263.45,3225.0,3229.35,3242.95,1972678,6385743761.1,3237.09,116114.0,-0.4193712514839855,3225.55,3224.3410000000003
4488,2022-09-14,TCS,3135.0,3141.4,3113.8,3120.4,3229.35,5090269,15906935573.95,3124.97,292423.0,-3.3737439422794004,3211.5150000000003,3222.423
4489,2022-09-15,TCS,3130.0,3137.75,3100.0,3104.35,3120.4,2138023,6652758362.25,3111.64,154835.0,-0.5143571337008134,3197.67,3219.295
4490,2022-09-16,TCS,3076.0,3094.35,3000.0,3008.7,3104.35,5322221,16111401562.7,3027.2,347665.0,-3.081160307310712,3178.8175,3213.7119999999995
4491,2022-09-19,TCS,3036.0,3042.0,2987.8,3028.8,3008.7,2072220,6267402983.35,3024.49,151579.0,0.668062618406633,3162.5299999999997,3208.9790000000003
4492,2022-09-20,TCS,3050.0,3079.95,3030.0,3040.3,3028.8,1544295,4724964009.65,3059.63,123732.0,0.37968832540940306,3150.315,3207.5089999999996
4493,2022-09-21,TCS,3028.0,3041.4,2998.15,3001.2,3040.3,2253818,6787559960.1,3011.58,201995.0,-1.2860572969772839,3137.6075,3205.8390000000004
4494,2022-09-22,TCS,2990.0,3029.95,2979.3,3007.4,3001.2,2017983,6075562180.05,3010.71,137752.0,0.2065840330534544,3127.0675,3205.212
4495,2022-09-23,TCS,3004.0,3022.5,2979.0,2982.05,3007.4,2652374,7960014548.9,3001.09,187233.0,-0.8429207953714142,3115.0600000000004,3204.8779999999997
4496,2022-09-26,TCS,2959.85,3025.85,2926.1,2994.4,2982.05,2925489,8711383905.8,2977.75,167767.0,0.41414463204842,3108.1524999999997,3204.8740000000003
4497,2022-09-27,TCS,3009.4,3025.0,2976.0,3017.45,2994.4,2227447,6694221179.95,3005.33,131328.0,0.7697702377771749,3102.3975,3203.953
4498,2022-09-28,TCS,2980.0,3049.95,2980.0,3035.65,3017.45,2739767,8298067346.75,3028.75,151305.0,0.6031582959121203,3093.6225000000004,3203.1809999999996
4499,2022-09-29,TCS,3054.0,3055.85,2990.0,2997.3,3035.65,2493902,7504729874.7,3009.23,133642.0,-1.2633208703243097,3086.9024999999997,3199.831
4500,2022-09-30,TCS,2990.85,3019.7,2950.1,3004.55,2997.3,2817353,8404726255.55,2983.2,171103.0,0.24188436259300036,3080.61,3196.6259999999997
4501,2022-10-03,TCS,2995.0,3020.7,2974.0,2984.95,3004.55,1763331,5280709075.05,2994.74,107448.0,-0.6523439450167366,3073.1875,3192.7790000000005
4502,2022-10-04,TCS,3029.95,3098.0,3023.0,3091.15,2984.95,2145875,6594168772.85,3072.95,124233.0,3.557848540176562,3071.3925,3191.1820000000002
4503,2022-10-06,TCS,3111.0,3124.0,3092.45,3101.95,3091.15,1790816,5564164291.95,3107.06,119572.0,0.34938453326431024,3069.0099999999998,3189.8860000000004
4504,2022-10-07,TCS,3097.4,3105.0,3058.1,3064.9,3101.95,1939879,5964085468.65,3074.46,103889.0,-1.1944099679233944,3063.7725,3188.8660000000004
4450,2022-10-10,TCS,3010.0,3127.0,3005.0,3118.55,3064.9,3064063,9479526762.85,3093.78,166518.0,1.75046494175993,3058.8175,3187.46
4451,2022-10-11,TCS,3100.0,3145.0,3053.35,3069.55,3118.55,4730645,14633572937.3,3093.36,236043.0,-1.5712430456462139,3050.1475,3183.6410000000005
4452,2022-10-12,TCS,3084.9,3109.9,3062.05,3100.75,3069.55,1665247,5152468426.6,3094.12,103190.0,1.0164356338876974,3043.7174999999997,3179.6180000000004
4453,2022-10-13,TCS,3100.75,3110.0,3052.35,3103.3,3100.75,2054781,6333960811.45,3082.55,104137.0,0.08223816818512236,3042.8625,3175.708
4454,2022-10-14,TCS,3145.0,3150.0,3071.0,3099.15,3103.3,2245977,6999611483.4,3116.51,118456.0,-0.13372861147810688,3042.6025,3171.855
4455,2022-10-17,TCS,3072.65,3128.4,3071.45,3111.75,3099.15,1517005,4713487675.95,3107.1,100859.0,0.40656308987948014,3047.755,3167.3
4456,2022-10-18,TCS,3150.0,3155.35,3128.55,3144.7,3111.75,1793722,5637773526.75,3143.06,94404.0,1.0588896922953264,3053.55,3163.095
4457,2022-10-19,TCS,3159.0,3159.0,3112.0,3121.85,3144.7,1194289,3736938204.0,3129.01,72626.0,-0.7266193913568834,3057.6274999999996,3158.231
4458,2022-10-20,TCS,3105.0,3160.0,3105.0,3157.3,3121.85,1587601,4992227693.1,3144.51,94048.0,1.1355446289860267,3065.4325,3153.888
4459,2022-10-21,TCS,3157.8,3160.4,3127.0,3137.4,3157.3,1021913,3210389407.3,3141.55,45961.0,-0.6302853704114303,3071.9325,3149.551
4460,2022-10-24,TCS,3170.1,3178.0,3155.0,3161.7,3137.4,260949,826368581.35,3166.78,25561.0,0.7745266781411272,3080.915,3144.335
4461,2022-10-25,TCS,3180.5,3184.25,3151.15,3162.1,3161.7,2069643,6552904042.3,3166.2,99745.0,0.012651421703516809,3089.3,3139.5460000000003
4462,2022-10-27,TCS,3160.7,3174.0,3134.35,3157.4,3162.1,2438421,7708420716.55,3161.23,130001.0,-0.14863540052496182,3096.2974999999997,3134.84
4463,2022-10-28,TCS,3150.0,3178.5,3145.0,3163.25,3157.4,1355739,4289958377.35,3164.3,71311.0,0.1852790270475679,3102.6775,3130.083
4464,2022-10-31,TCS,3199.0,3199.0,3177.8,3193.15,3163.25,1919414,6126138001.2,3191.67,94303.0,0.9452303801470037,3112.4700000000003,3126.321
4465,2022-11-01,TCS,3214.5,3262.6,3203.45,3259.7,3193.15,2991060,9695742087.9,3241.57,149009.0,2.0841488811988076,3125.2275,3123.8
4466,2022-11-02,TCS,3270.0,3270.0,3222.05,3241.7,3259.7,1405955,4555596591.55,3240.22,94898.0,-0.5521980550357395,3138.065,3121.5429999999997
4467,2022-11-03,TCS,3228.05,3228.05,3195.0,3206.75,3241.7,1422652,4561227424.65,3206.14,84814.0,-1.0781380140049919,3143.8450000000003,3119.986
4468,2022-11-04,TCS,3217.0,3220.05,3166.15,3217.4,3206.75,1464013,4673187843.45,3192.04,72621.0,0.3321119513526184,3149.6175000000003,3119.2269999999994
4469,2022-11-07,TCS,3229.0,3242.8,3195.1,3233.7,3217.4,1474498,4752289070.25,3222.99,119792.0,0.5066202523776877,3158.0575,3119.5370000000003
4470,2022-11-09,TCS,3249.8,3249.8,3201.65,3216.05,3233.7,1162267,3746480719.5,3223.43,76155.0,-0.5458143921823186,3162.9325,3119.414
4471,2022-11-10,TCS,3170.0,3225.0,3170.0,3205.65,3216.05,1573092,5046813082.0,3208.21,107924.0,-0.32337805693319727,3169.7375,3120.876
4472,2022-11-11,TCS,3269.6,3341.6,3255.05,3315.95,3205.65,3265394,10826779196.3,3315.61,196708.0,3.4407998377864,3180.4975000000004,3124.544
4473,2022-11-14,TCS,3324.0,3349.0,3309.0,3335.5,3315.95,1342074,4472908370.8,3332.83,95353.0,0.5895746317043437,3192.1075,3127.031
4474,2022-11-15,TCS,3321.0,3339.95,3292.0,3332.6,3335.5,1400708,4641936509.75,3313.99,83190.0,-0.08694348673362587,3203.7799999999997,3131.0490000000004
4475,2022-11-16,TCS,3338.9,3367.9,3321.45,3355.35,3332.6,1748235,5862175997.55,3353.2,103674.0,0.6826501830402689,3215.96,3135.548
4476,2022-11-17,TCS,3340.0,3360.0,3317.75,3349.0,3355.35,1417986,4739701185.9,3342.56,88776.0,-0.18925000372539108,3226.175,3139.86
4421,2022-11-17,TCS,3340.0,3360.0,3317.75,3349.0,3355.35,1417986,4739701185.9,3342.56,88776.0,-0.18925000372539108,3237.5325000000003,3144.2990000000004
4422,2022-11-18,TCS,3350.0,3362.75,3321.0,3343.45,3349.0,1164540,3890590266.85,3340.88,76531.0,-0.16572111077934254,3246.84,3148.176
4423,2022-11-21,TCS,3322.5,3333.7,3273.0,3283.5,3343.45,1304194,4298580759.95,3295.97,84298.0,-1.793058068761304,3254.145,3150.453
4424,2022-11-22,TCS,3280.0,3318.95,3255.25,3314.95,3283.5,1149739,3780048017.15,3287.74,70513.0,0.9578194000304497,3261.8075,3152.3990000000003
4425,2022-11-23,TCS,3330.0,3330.0,3291.0,3308.3,3314.95,1150011,3805502589.0,3309.1,66618.0,-0.20060634398707786,3269.1175000000003,3153.7059999999997
4426,2022-11-24,TCS,3316.25,3392.95,3308.3,3380.15,3308.3,1296591,4350438250.55,3355.29,79969.0,2.171810295317834,3280.255,3156.722
4427,2022-11-25,TCS,3383.0,3403.35,3348.0,3389.65,3380.15,1588981,5362286252.4,3374.67,100208.0,0.2810526160081653,3291.575,3162.107
4428,2022-11-28,TCS,3366.0,3417.0,3365.55,3395.25,3389.65,2195437,7454568768.85,3395.48,112975.0,0.16520879736845717,3301.6800000000003,3167.925
4429,2022-11-29,TCS,3383.0,3429.0,3383.0,3397.35,3395.25,1576028,5376768884.0,3411.59,125430.0,0.06185111552904526,3308.5625,3175.6980000000003
4430,2022-11-30,TCS,3383.0,3414.9,3375.0,3390.8,3397.35,3410702,11576734182.2,3394.24,130194.0,-0.19279732732864518,3316.0175000000004,3182.938
4431,2022-12-01,TCS,3425.0,3480.0,3420.0,3475.65,3390.8,2180856,7557896562.5,3465.56,142859.0,2.5023593252329808,3329.4625,3191.645
4432,2022-12-02,TCS,3458.1,3468.9,3413.0,3439.15,3475.65,2411749,8277056081.0,3431.97,145867.0,-1.0501632788111577,3340.55,3200.4040000000005
4433,2022-12-05,TCS,3433.0,3439.15,3407.0,3425.9,3439.15,1475065,5042803817.7,3418.7,97290.0,-0.3852696160388468,3350.16,3208.7740000000003
4434,2022-12-06,TCS,3400.05,3407.95,3368.0,3385.35,3425.9,1166999,3947373985.6,3382.5,107645.0,-1.183630578826007,3358.625,3216.84
4435,2022-12-07,TCS,3368.3,3393.7,3354.0,3380.6,3385.35,1167505,3938618103.8,3373.53,69818.0,-0.1403104553443514,3367.3725,3224.564
4436,2022-12-08,TCS,3360.0,3380.6,3339.45,3350.55,3380.6,1285619,4309859984.2,3352.36,106006.0,-0.8888954623439546,3369.1025,3231.2260000000006
4437,2022-12-09,TCS,3374.1,3374.1,3276.35,3292.75,3350.55,1797896,5950067690.9,3309.46,141806.0,-1.725089910611696,3366.965,3236.3680000000004
4438,2022-12-12,TCS,3255.5,3296.0,3236.1,3286.45,3292.75,1527610,5002132049.6,3274.48,103407.0,-0.19132943588186718,3364.6575,3242.151
4439,2022-12-13,TCS,3277.2,3336.45,3267.8,3332.1,3286.45,1378016,4562357640.75,3310.82,73699.0,1.3890368026289794,3363.495,3248.702
4440,2022-12-14,TCS,3348.8,3377.0,3340.9,3365.35,3332.1,1213311,4079413057.25,3362.22,70963.0,0.9978692116082951,3364.3125,3256.31
4441,2022-12-15,TCS,3358.8,3364.75,3298.95,3305.1,3365.35,1415694,4708031740.7,3325.6,80331.0,-1.7903041288424681,3362.1175000000003,3260.5890000000004
4442,2022-12-16,TCS,3275.0,3292.0,3225.2,3240.25,3305.1,2703680,8800660965.3,3255.07,128993.0,-1.9621191491936678,3356.9574999999995,3263.355
4443,2022-12-19,TCS,3227.0,3245.5,3194.5,3202.05,3240.25,2120965,6808707801.7,3210.19,102305.0,-1.1789213795231794,3352.8849999999998,3266.098
4444,2022-12-20,TCS,3198.9,3249.0,3163.65,3243.95,3202.05,1529971,4913105552.95,3211.24,104239.0,1.308536718664594,3349.335,3268.606
4445,2022-12-21,TCS,3249.0,3283.05,3240.0,3268.55,3243.95,1432566,4670887164.8,3260.5,106805.0,0.7583347462198975,3347.3475,3272.586
4446,2022-12-22,TCS,3294.0,3294.0,3245.1,3259.7,3268.55,1384101,4513451540.2,3260.93,97031.0,-0.2707622646127599,3341.325,3275.765
4447,2022-12-23,TCS,3217.0,3266.85,3217.0,3228.35,3259.7,1360281,4406495701.55,3239.4,114542.0,-0.9617449458539102,3333.2599999999998,3278.2659999999996
4448,2022-12-26,TCS,3228.35,3272.0,3225.05,3252.9,3228.35,870157,2834216778.05,3257.13,73081.0,0.7604503848715345,3326.1425000000004,3281.3410000000003
4449,2022-12-27,TCS,3269.2,3273.8,3231.5,3259.5,3252.9,835883,2717728954.7,3251.33,69823.0,0.2028958775246675,3319.25,3284.2960000000003
4417,2022-12-27,TCS,3269.2,3273.8,3231.5,3259.5,3252.9,835883,2717728954.7,3251.33,69823.0,0.2028958775246675,3312.685,3286.592
4418,2022-12-28,TCS,3249.8,3266.1,3226.0,3257.1,3259.5,910795,2959455222.7,3249.31,72613.0,-0.07363092498849795,3301.7574999999997,3289.2969999999996
4419,2022-12-29,TCS,3231.1,3271.5,3228.0,3268.75,3257.1,1037927,3377254033.45,3253.85,68726.0,0.35768014491419026,3293.2375,3291.526
4420,2022-12-30,TCS,3286.05,3299.0,3246.2,3256.7,3268.75,1163131,3811963963.95,3277.33,66390.0,-0.3686424474187436,3284.7775,3293.9120000000003
4895,2023-01-02,TCS,3261.0,3266.85,3235.2,3261.45,3256.7,709547,2308912232.4,3254.07,51003.0,0.1458531642460159,3278.5824999999995,3295.907
4896,2023-01-03,TCS,3252.0,3320.0,3245.3,3311.35,3261.45,1245178,4109451969.85,3300.29,78401.0,1.5299943276763432,3275.12,3298.8919999999994
4897,2023-01-04,TCS,3306.7,3327.35,3286.2,3314.65,3311.35,1231668,4072443029.75,3306.45,76844.0,0.0996572394944715,3273.325,3302.0370000000003
4898,2023-01-05,TCS,3330.2,3337.3,3281.95,3311.1,3314.65,1826057,6046882556.65,3311.44,128658.0,-0.10710029716561875,3274.2425000000003,3304.9939999999997
4899,2023-01-06,TCS,3300.0,3301.55,3200.0,3211.55,3311.1,2488376,8061309460.35,3239.59,177937.0,-3.006553713267486,3270.4975,3305.362
4900,2023-01-09,TCS,3229.0,3327.0,3221.15,3319.95,3211.55,2885060,9521605532.85,3300.31,173806.0,3.3753172144291583,3269.8900000000003,3306.5669999999996
4901,2023-01-10,TCS,3285.0,3298.0,3230.1,3286.4,3319.95,3864655,12595576966.85,3259.17,236636.0,-1.0105573879124605,3265.9425,3307.4610000000002
4902,2023-01-11,TCS,3290.1,3349.5,3271.15,3328.7,3286.4,2720512,9044771106.4,3324.66,144583.0,1.2871226874391348,3267.1225000000004,3309.9
4903,2023-01-12,TCS,3329.0,3350.0,3315.55,3334.35,3328.7,2250391,7503381269.75,3334.26,179303.0,0.16973593294679878,3271.8275000000003,3312.2389999999996
4904,2023-01-13,TCS,3342.9,3379.0,3305.0,3374.55,3334.35,1742837,5843664088.1,3352.96,107218.0,1.2056322821539514,3280.4525000000003,3315.0559999999996
4905,2023-01-16,TCS,3317.0,3353.0,3298.05,3334.05,3374.55,1843607,6137668725.0,3329.16,134180.0,-1.200160021336178,3284.9575000000004,3317.416
4906,2023-01-17,TCS,3330.0,3381.8,3321.0,3378.4,3334.05,1688475,5679961504.85,3363.96,110473.0,1.3302140039891395,3290.45,3320.8709999999996
4907,2023-01-18,TCS,3380.0,3408.95,3372.25,3390.0,3378.4,2421189,8220093824.8,3395.06,121397.0,0.3433578025100612,3296.965,3322.3520000000003
4908,2023-01-19,TCS,3380.0,3387.0,3361.0,3373.1,3390.0,1585044,5350223100.95,3375.44,97108.0,-0.4985250737463154,3304.2025000000003,3323.1040000000003
4909,2023-01-20,TCS,3365.0,3394.65,3355.6,3363.1,3373.1,1529349,5161134363.85,3374.73,89365.0,-0.29646319409445315,3309.7125,3323.7140000000004
4910,2023-01-23,TCS,3388.0,3419.0,3355.6,3414.9,3363.1,1067916,3624151502.6,3393.67,77981.0,1.5402456067318897,3317.4825000000005,3324.905
4911,2023-01-24,TCS,3425.0,3451.95,3417.3,3436.3,3414.9,1387863,4766925961.05,3434.72,100270.0,0.6266654953292949,3326.3224999999998,3326.651
4912,2023-01-25,TCS,3425.3,3435.0,3405.0,3429.75,3436.3,874110,2992469996.45,3423.45,73515.0,-0.19061199546023866,3334.9549999999995,3328.2659999999996
4913,2023-01-27,TCS,3426.0,3446.0,3382.3,3411.05,3429.75,1785879,6100466647.25,3415.95,138824.0,-0.5452292441139972,3342.0699999999997,3329.6180000000004
4914,2023-01-30,TCS,3420.0,3458.45,3385.55,3433.65,3411.05,1953798,6689383780.35,3423.78,154180.0,0.6625525864469858,3350.9175000000005,3332.6210000000005
4915,2023-01-31,TCS,3449.0,3449.0,3351.0,3358.7,3433.65,2820375,9507642423.25,3371.06,184017.0,-2.1828083817512054,3355.78,3333.4959999999996
4916,2023-02-01,TCS,3363.0,3419.0,3355.0,3408.35,3358.7,2205161,7461580946.75,3383.69,133318.0,1.478250513591571,3360.6299999999997,3335.4970000000003
4917,2023-02-02,TCS,3427.0,3469.0,3420.1,3460.4,3408.35,1813847,6256103714.75,3449.08,144428.0,1.5271318966655474,3367.9175000000005,3337.1019999999994
4918,2023-02-03,TCS,3504.0,3504.0,3452.9,3482.3,3460.4,1804469,6285334518.4,3483.2,177332.0,0.6328748121604465,3376.4775,3338.955
4919,2023-02-06,TCS,3473.15,3473.15,3436.85,3459.95,3482.3,1138714,3936596844.85,3457.05,104578.0,-0.6418171897883687,3388.8975,3340.249
4920,2023-02-07,TCS,3468.9,3493.0,3461.4,3472.55,3459.95,1455647,5063543516.1,3478.55,76997.0,0.36416711224151693,3396.5275,3341.7529999999997
4921,2023-02-08,TCS,3478.05,3539.9,3478.05,3520.1,3472.55,1986946,7004180343.6,3525.1,131473.0,1.369310737066413,3408.2125,3344.3390000000004
4922,2023-02-09,TCS,3515.0,3547.6,3505.3,3540.85,3520.1,1655427,5850314027.3,3534.02,109544.0,0.5894718900031249,3418.8199999999997,3345.643
4867,2023-02-10,TCS,3520.0,3542.35,3508.15,3537.55,3540.85,1187821,4193101279.6,3530.08,84631.0,-0.09319796094157412,3428.9800000000005,3347.6110000000003
4923,2023-02-10,TCS,3520.0,3542.35,3508.15,3537.55,3540.85,1187821,4193101279.6,3530.08,84631.0,-0.09319796094157412,3437.1299999999997,3349.8439999999996
4868,2023-02-13,TCS,3549.0,3549.0,3473.4,3482.4,3537.55,1087939,3800742542.7,3493.53,77431.0,-1.558988565532645,3444.5474999999997,3351.785
4869,2023-02-14,TCS,3505.0,3524.85,3495.0,3500.1,3482.4,1579818,5548005902.75,3511.8,103413.0,0.5082701585113663,3450.6324999999997,3354.175
4870,2023-02-15,TCS,3487.0,3526.0,3460.15,3520.65,3500.1,1429449,4997503619.8,3496.1,76223.0,0.587126082111945,3457.165,3357.5769999999993
4871,2023-02-16,TCS,3527.2,3575.0,3527.0,3558.05,3520.65,1618931,5762816021.75,3559.64,110390.0,1.0623038359393888,3466.4125,3362.883
4872,2023-02-17,TCS,3526.15,3538.9,3490.0,3501.15,3558.05,1061369,3730623740.0,3514.92,90867.0,-1.5991905678672331,3473.315,3367.177
4873,2023-02-20,TCS,3502.0,3522.0,3475.05,3487.3,3501.15,1296082,4527127582.25,3492.93,79179.0,-0.3955843080130788,3476.935,3370.2810000000004
4874,2023-02-21,TCS,3494.0,3508.9,3444.75,3451.0,3487.3,1139541,3957687705.45,3473.05,77929.0,-1.0409199093854897,3477.6700000000005,3371.994
4875,2023-02-22,TCS,3414.95,3447.0,3395.0,3401.55,3451.0,1218430,4162858172.0,3416.58,104357.0,-1.4329179947841153,3476.2600000000007,3373.923
4876,2023-02-23,TCS,3421.0,3452.4,3408.0,3413.8,3401.55,1441570,4942464245.25,3428.53,135484.0,0.36012994076229954,3476.3975,3377.394
4877,2023-02-24,TCS,3422.5,3433.95,3382.3,3400.45,3413.8,977592,3334525092.15,3410.96,79457.0,-0.39105981604078627,3474.7375,3381.362
4878,2023-02-27,TCS,3390.0,3390.0,3316.0,3331.85,3400.45,1128022,3763860179.9,3336.69,88957.0,-2.017380052640089,3473.3949999999995,3383.12
4879,2023-02-28,TCS,3328.5,3392.0,3299.9,3312.85,3331.85,4116217,13686879251.55,3325.11,147643.0,-0.5702537629245015,3468.6200000000003,3384.0060000000003
4880,2023-03-01,TCS,3323.0,3389.0,3315.0,3385.7,3312.85,1669307,5621465689.9,3367.54,105561.0,2.1990129344823917,3464.8849999999998,3386.526
4881,2023-03-02,TCS,3361.0,3369.9,3318.0,3321.45,3385.7,1556538,5184899943.55,3331.05,112065.0,-1.8976873320140593,3456.8424999999997,3388.3880000000004
4882,2023-03-03,TCS,3354.0,3358.0,3331.1,3342.15,3321.45,1043190,3489822005.55,3345.34,89004.0,0.6232217856659071,3450.9525000000003,3390.173
4883,2023-03-06,TCS,3361.9,3404.95,3359.0,3371.85,3342.15,1334132,4511650997.55,3381.71,119719.0,0.8886495220142667,3445.9174999999996,3392.42
4884,2023-03-08,TCS,3364.0,3396.0,3330.85,3390.4,3371.85,1844590,6215892592.95,3369.8,129008.0,0.55014309651972,3439.4325000000003,3395.038
4885,2023-03-09,TCS,3385.0,3385.0,3330.85,3336.85,3390.4,1648500,5529757339.95,3354.42,108315.0,-1.5794596507786745,3429.2324999999996,3396.6330000000003
4886,2023-03-10,TCS,3312.9,3337.25,3290.0,3331.0,3336.85,1024404,3399583381.8,3318.6,99387.0,-0.1753150426300226,3418.905,3397.8780000000006
4887,2023-03-13,TCS,3333.0,3369.8,3272.0,3281.95,3331.0,1901233,6298947595.45,3313.09,120533.0,-1.4725307715400835,3406.125,3398.383
4888,2023-03-14,TCS,3280.0,3304.4,3209.4,3214.95,3281.95,2670334,8665116216.45,3244.96,151178.0,-2.0414692484650896,3392.7525,3397.453
4889,2023-03-15,TCS,3250.0,3260.35,3192.0,3198.9,3214.95,1780522,5743851297.0,3225.94,165162.0,-0.4992301591004441,3377.6925,3395.204
4890,2023-03-16,TCS,3208.0,3219.8,3172.0,3185.0,3198.9,1901060,6071480261.75,3193.73,170243.0,-0.43452436775141734,3360.91,3392.611
4891,2023-03-17,TCS,3150.5,3221.4,3144.0,3179.3,3185.0,6739966,21425539933.4,3178.88,285153.0,-0.17896389324960182,3341.9725,3389.975
4892,2023-03-20,TCS,3169.65,3169.65,3095.05,3143.3,3179.3,2289468,7155478256.1,3125.39,186340.0,-1.1323247255685212,3324.0800000000004,3388.61
4893,2023-03-21,TCS,3143.3,3156.75,3097.45,3106.1,3143.3,1815297,5659909677.9,3117.9,116265.0,-1.1834696020106343,3305.0199999999995,3384.3330000000005
4894,2023-03-22,TCS,3130.05,3143.5,3106.1,3130.8,3106.1,1123939,3511607192.25,3124.38,85984.0,0.7952094266121592,3289.0099999999998,3381.2209999999995
4843,2023-03-22,TCS,3130.05,3143.5,3106.1,3130.8,3106.1,1123939,3511607192.25,3124.38,85984.0,0.7952094266121592,3275.4725000000003,3377.2630000000004
4844,2023-03-23,TCS,3114.9,3146.35,3101.0,3124.65,3130.8,1372218,4292796106.4,3128.36,94843.0,-0.1964354158681516,3261.0150000000003,3373.0690000000004
4845,2023-03-24,TCS,3148.9,3170.0,3106.0,3120.5,3124.65,1329577,4180707274.55,3144.39,99584.0,-0.1328148752660327,3247.0175000000004,3367.9880000000003
4846,2023-03-27,TCS,3135.0,3152.75,3106.0,3122.3,3120.5,1524217,4776889691.9,3134.0,87684.0,0.057683063611606536,3236.54,3363.7529999999997
4847,2023-03-28,TCS,3127.0,3149.55,3110.15,3115.9,3122.3,1303530,4080026205.95,3129.98,75814.0,-0.20497710021458831,3226.6925,3358.5029999999997
4848,2023-03-29,TCS,3129.0,3150.0,3104.1,3138.9,3115.9,1740616,5440031709.6,3125.35,113706.0,0.7381494913187201,3214.3525,3353.481
4849,2023-03-31,TCS,3189.95,3213.0,3152.0,3205.9,3138.9,2382581,7599029056.2,3189.41,124442.0,2.134505718563828,3208.5750000000003,3350.137
4850,2023-04-03,TCS,3224.95,3224.95,3173.75,3200.0,3205.9,1521830,4856698008.65,3191.35,142863.0,-0.18403568420724573,3201.4675,3346.875
4851,2023-04-05,TCS,3185.5,3264.35,3185.5,3239.8,3200.0,2655065,8604670873.15,3240.85,132453.0,1.2437500000000057,3194.8650000000002,3343.373
4852,2023-04-06,TCS,3225.0,3257.35,3215.0,3220.7,3239.8,1703464,5500806837.65,3229.19,76885.0,-0.5895425643558356,3186.38,3339.061
4853,2023-04-10,TCS,3220.0,3272.0,3215.0,3263.4,3220.7,2203187,7163363204.95,3251.36,102711.0,1.325798739404486,3182.7075,3335.7340000000004
4854,2023-04-11,TCS,3264.0,3272.95,3192.15,3213.8,3263.4,2348779,7572201705.65,3223.89,118593.0,-1.5198872341729457,3176.8475000000003,3331.7889999999998
4855,2023-04-12,TCS,3227.95,3260.95,3199.0,3241.65,3213.8,2417727,7815384018.7,3232.53,121292.0,0.8665753936150322,3174.8325,3327.949
4856,2023-04-13,TCS,3210.0,3230.0,3180.0,3188.85,3241.65,4174070,13330566471.8,3193.66,192421.0,-1.6288001480727465,3173.5275,3324.552
4857,2023-04-17,TCS,3134.1,3163.4,3070.25,3139.5,3188.85,5505048,17127231513.3,3111.19,254319.0,-1.5475798485347354,3170.5575,3319.175
4858,2023-04-18,TCS,3154.95,3156.85,3110.6,3130.75,3139.5,2617302,8185866833.9,3127.6,132615.0,-0.2787068004459309,3167.8450000000003,3312.5820000000003
4859,2023-04-19,TCS,3130.75,3140.0,3071.5,3089.6,3130.75,3298034,10219387105.8,3098.63,171133.0,-1.314381537970138,3163.3599999999997,3304.728
4860,2023-04-20,TCS,3090.0,3113.0,3078.0,3104.8,3089.6,2419999,7488105309.45,3094.26,121048.0,0.49197307094770437,3161.4350000000004,3297.6250000000005
4861,2023-04-21,TCS,3110.0,3164.45,3100.8,3160.85,3104.8,1929184,6049023043.65,3135.53,98768.0,1.8052692604998624,3164.1725,3291.3909999999996
4862,2023-04-24,TCS,3151.1,3180.95,3126.15,3174.8,3160.85,1640676,5171132958.3,3151.83,97265.0,0.44133698214088846,3166.3725000000004,3284.485
4863,2023-04-25,TCS,3183.0,3191.2,3147.5,3176.0,3174.8,2024090,6429959859.0,3176.72,88772.0,0.03779765654528846,3168.6325,3277.1880000000006
4864,2023-04-26,TCS,3181.0,3208.4,3181.0,3198.15,3176.0,2000029,6396014873.5,3197.96,112753.0,0.697418136020154,3172.3075,3270.4
4865,2023-04-27,TCS,3185.0,3199.2,3170.65,3187.95,3198.15,2434446,7748559406.65,3182.88,113044.0,-0.31893438394072426,3175.68,3263.4080000000004
4866,2023-04-28,TCS,3200.4,3227.25,3196.25,3219.25,3187.95,2931312,9418688035.6,3213.13,174975.0,0.9818221741244431,3180.5275,3258.145
4814,2023-05-02,TCS,3235.0,3235.0,3210.0,3219.4,3219.25,2321159,7479433934.75,3222.28,134310.0,0.0046594703735370335,3185.7025000000003,3252.5310000000004
4815,2023-05-03,TCS,3216.0,3216.0,3173.15,3179.9,3219.4,2468285,7860949808.85,3184.78,138897.0,-1.2269366962788095,3187.7524999999996,3245.7160000000003
4816,2023-05-04,TCS,3180.15,3224.45,3178.0,3220.7,3179.9,1953253,6270328109.65,3210.2,105190.0,1.2830592156985983,3188.4925,3238.969
4817,2023-05-05,TCS,3220.0,3244.0,3210.05,3230.7,3220.7,1710027,5517280324.15,3226.43,97481.0,0.3104915080572547,3190.0274999999997,3233.56
4818,2023-05-08,TCS,3245.0,3254.85,3231.3,3250.6,3230.7,928235,3012519753.35,3245.43,75785.0,0.615965580214817,3190.5675,3228.8259999999996
4819,2023-05-09,TCS,3252.6,3298.0,3246.0,3283.25,3250.6,1107375,3618799710.35,3267.91,72883.0,1.0044299513935917,3193.6949999999997,3225.4709999999995
4820,2023-05-10,TCS,3290.0,3306.5,3266.05,3286.8,3283.25,1559987,5127237024.2,3286.72,93564.0,0.10812457168964233,3194.8650000000002,3223.176
4821,2023-05-11,TCS,3309.0,3309.7,3272.0,3282.15,3286.8,1719623,5663054332.75,3293.2,124781.0,-0.141474990872584,3198.2825000000003,3220.5430000000006
4822,2023-05-12,TCS,3279.15,3290.0,3260.0,3274.3,3282.15,1027479,3364070116.35,3274.1,96840.0,-0.23917249363983695,3199.915,3218.02
4823,2023-05-15,TCS,3284.0,3292.0,3248.35,3255.05,3274.3,1150390,3764661351.0,3272.51,84958.0,-0.5879119201050607,3203.225,3216.4839999999995
4824,2023-05-16,TCS,3256.2,3285.0,3250.45,3258.15,3255.05,986306,3221871014.75,3266.6,84131.0,0.09523663230979275,3209.1575000000003,3215.39
4825,2023-05-17,TCS,3255.95,3280.0,3198.25,3208.7,3258.15,1588815,5110882505.4,3216.79,132490.0,-1.5177324555345908,3213.055,3211.85
4826,2023-05-18,TCS,3225.95,3228.95,3195.0,3199.85,3208.7,1369364,4387053720.55,3203.72,96133.0,-0.2758126344002216,3218.5675,3209.4179999999997
4827,2023-05-19,TCS,3210.0,3234.5,3203.05,3222.85,3199.85,1152449,3710796199.45,3219.92,74505.0,0.7187836929856087,3224.4700000000003,3207.032
4828,2023-05-22,TCS,3230.0,3308.45,3217.05,3298.7,3222.85,1333243,4363457756.4,3272.82,116693.0,2.3535069891555582,3231.3625,3205.5689999999995
4829,2023-05-23,TCS,3306.0,3327.95,3290.1,3297.05,3298.7,1687418,5585748304.9,3310.23,140257.0,-0.05001970473215619,3237.475,3203.702
4830,2023-05-24,TCS,3276.0,3317.2,3276.0,3303.35,3297.05,1016555,3357504888.1,3302.83,57423.0,0.19107990476334077,3243.8424999999997,3203.032
4831,2023-05-25,TCS,3294.0,3306.0,3267.1,3293.5,3303.35,1374917,4519633216.35,3287.2,76662.0,-0.29818214842508084,3248.61,3202.282
4832,2023-05-26,TCS,3293.5,3338.65,3291.0,3328.9,3293.5,1791115,5930331787.45,3310.97,103741.0,1.0748443904660723,3255.6575000000003,3203.2210000000005
4833,2023-05-29,TCS,3360.8,3372.0,3312.0,3320.35,3328.9,1210372,4035020143.5,3333.7,89980.0,-0.25684159932711054,3260.7125,3205.329
4834,2023-05-30,TCS,3315.0,3326.95,3301.35,3316.2,3320.35,1344224,4451739910.3,3311.75,105175.0,-0.12498682367822944,3265.5525,3207.675
4835,2023-05-31,TCS,3309.0,3327.7,3265.15,3289.5,3316.2,5815424,19156282297.4,3294.05,171593.0,-0.8051384114347693,3271.0325000000003,3209.765
4836,2023-06-01,TCS,3314.0,3340.0,3297.5,3324.0,3289.5,1177314,3915200315.1,3325.54,107605.0,1.0487916096671226,3276.1974999999998,3212.659
4837,2023-06-02,TCS,3326.25,3335.9,3297.45,3305.6,3324.0,2030661,6722879743.5,3310.69,132777.0,-0.5535499398315311,3279.9425,3215.905
4838,2023-06-05,TCS,3315.0,3327.0,3285.05,3288.9,3305.6,1861468,6145482702.9,3301.42,94288.0,-0.5052032913843121,3281.8575000000005,3219.5609999999997
4839,2023-06-06,TCS,3280.0,3288.85,3220.6,3232.3,3288.9,2022849,6545633590.6,3235.85,158147.0,-1.7209401319590107,3279.31,3221.5910000000003
4840,2023-06-07,TCS,3253.0,3278.85,3241.0,3274.9,3232.3,1567196,5110939240.45,3261.2,82630.0,1.3179469727438637,3278.715,3224.473
4841,2023-06-08,TCS,3261.0,3270.0,3233.0,3236.45,3274.9,1759366,5711613268.75,3246.4,105766.0,-1.1740816513481411,3276.43,3226.709
4842,2023-06-09,TCS,3245.0,3250.0,3205.35,3209.3,3236.45,1775689,5716388482.0,3219.25,119166.0,-0.8388821084830489,3273.1800000000003,3228.485
4786,2023-06-12,TCS,3215.0,3254.4,3211.0,3246.9,3209.3,2324605,7527561262.2,3238.21,99385.0,1.1715950518804694,3272.7725,3230.9770000000003
4787,2023-06-13,TCS,3260.0,3265.0,3239.0,3243.7,3246.9,1371928,4458273417.9,3249.64,90189.0,-0.09855554528936132,3272.05,3233.5330000000004
4788,2023-06-14,TCS,3243.7,3255.85,3225.85,3251.05,3243.7,1658544,5381890991.7,3244.95,92990.0,0.22659308814009815,3274.1675,3235.776
4789,2023-06-15,TCS,3245.3,3247.45,3210.0,3216.3,3251.05,2273810,7334785641.4,3225.77,104925.0,-1.0688854370126575,3274.9900000000002,3235.9839999999995
4790,2023-06-16,TCS,3197.0,3199.4,3156.0,3174.9,3216.3,4156189,13199071871.5,3175.76,214155.0,-1.2871933588284703,3272.5924999999997,3235.482
4791,2023-06-19,TCS,3190.0,3214.9,3175.0,3210.4,3174.9,1468186,4690130908.9,3194.51,88271.0,1.1181454534001072,3268.1775000000002,3234.8940000000002
4792,2023-06-20,TCS,3214.0,3232.5,3201.05,3227.7,3210.4,1528452,4919876426.1,3218.86,72353.0,0.5388736606030317,3264.71,3235.0339999999997
4793,2023-06-21,TCS,3250.0,3261.4,3223.95,3258.2,3227.7,1645987,5345359097.25,3247.51,91009.0,0.944945317098863,3262.4525,3234.93
4794,2023-06-22,TCS,3260.0,3267.65,3230.1,3238.5,3258.2,1529603,4965444088.75,3246.23,83159.0,-0.6046283223865883,3259.7025,3235.4240000000004
4795,2023-06-23,TCS,3237.3,3249.4,3209.15,3216.35,3238.5,1119505,3606176034.7,3221.22,67908.0,-0.6839586228192092,3254.075,3234.9179999999997
4796,2023-06-26,TCS,3205.0,3213.9,3173.0,3189.65,3216.35,1978803,6311173590.25,3189.39,107706.0,-0.8301335364621332,3247.54,3234.934
4797,2023-06-27,TCS,3202.0,3209.65,3182.3,3197.35,3189.65,863542,2758515355.75,3194.42,67679.0,0.2414057968742595,3241.5975000000003,3236.0910000000003
4798,2023-06-28,TCS,3208.0,3230.95,3193.4,3215.45,3197.35,1575872,5067755614.75,3215.84,125121.0,0.5660937964251618,3237.895,3237.785
4799,2023-06-30,TCS,3220.0,3310.0,3214.1,3302.25,3215.45,2672406,8766501093.15,3280.38,205777.0,2.6994666376401493,3236.8075,3242.038
4800,2023-07-03,TCS,3314.3,3318.8,3268.75,3272.3,3302.25,1687264,5544970019.55,3286.37,120543.0,-0.9069573775456073,3235.1425000000004,3245.388
4801,2023-07-04,TCS,3290.0,3315.0,3277.3,3308.85,3272.3,1656681,5464337453.05,3298.36,100235.0,1.1169513797634607,3236.1400000000003,3248.3480000000004
4802,2023-07-05,TCS,3320.0,3329.0,3305.0,3319.95,3308.85,1453008,4821906492.95,3318.57,92949.0,0.3354639829548003,3240.5225,3251.2509999999997
4803,2023-07-06,TCS,3306.55,3328.45,3302.0,3322.9,3319.95,1848238,6125814363.75,3314.41,82587.0,0.08885675989097043,3242.9224999999997,3254.189
4804,2023-07-07,TCS,3302.0,3356.9,3302.0,3329.25,3322.9,1789326,5965881074.45,3334.15,130328.0,0.1910981371693373,3247.5625,3256.8109999999997
4805,2023-07-10,TCS,3324.75,3324.75,3265.2,3271.95,3329.25,1407431,4621463700.65,3283.62,113059.0,-1.721108357738235,3250.6949999999997,3258.491
4806,2023-07-11,TCS,3295.0,3295.0,3260.8,3272.4,3271.95,1110172,3638501368.95,3277.42,89756.0,0.013753266400778522,3251.9700000000003,3259.5539999999996
4807,2023-07-12,TCS,3280.95,3289.15,3250.1,3259.9,3272.4,1515240,4949416309.1,3266.42,120424.0,-0.3819826427087153,3252.7799999999997,3260.3639999999996
4808,2023-07-13,TCS,3284.0,3367.45,3272.75,3340.55,3259.9,4585146,15309671101.45,3338.97,245158.0,2.4740022700082855,3257.255,3263.577
4809,2023-07-14,TCS,3365.0,3524.85,3352.0,3514.65,3340.55,6306101,21714518276.5,3443.41,318436.0,5.211716633488495,3272.1724999999997,3269.4559999999997
4810,2023-07-17,TCS,3510.0,3549.9,3477.05,3491.7,3514.65,2743228,9636496606.9,3512.83,221755.0,-0.6529810934232504,3288.0125,3274.6760000000004
4811,2023-07-18,TCS,3476.0,3524.0,3465.0,3496.85,3491.7,2600090,9091781942.5,3496.72,159053.0,0.1474926253687342,3302.335,3279.6009999999997
4812,2023-07-19,TCS,3500.0,3516.85,3445.65,3470.05,3496.85,2405370,8361286032.75,3476.09,131215.0,-0.7664040493587008,3314.4525000000003,3283.337
4758,2023-07-20,TCS,3453.1,3478.9,3436.05,3463.3,3470.05,1715404,5923659535.2,3453.22,99611.0,-0.19452169277099754,3324.7075000000004,3286.867
4813,2023-07-20,TCS,3453.1,3478.9,3436.05,3463.3,3470.05,1715404,5923659535.2,3453.22,99611.0,-0.19452169277099754,3335.9474999999998,3290.49
4759,2023-07-21,TCS,3404.05,3434.9,3359.05,3368.3,3463.3,3770223,12804501433.35,3396.22,167464.0,-2.7430485375220166,3343.5449999999996,3292.37
4760,2023-07-24,TCS,3381.0,3413.45,3372.1,3394.75,3368.3,1680132,5708798867.65,3397.83,124293.0,0.7852625953745158,3353.8,3295.164
4761,2023-07-25,TCS,3397.5,3406.8,3380.2,3399.15,3394.75,1272980,4323895800.15,3396.67,134482.0,0.1296119007290696,3363.8900000000003,3297.9839999999995
4762,2023-07-26,TCS,3400.35,3420.85,3385.0,3388.3,3399.15,1066803,3627035565.2,3399.91,101692.0,-0.31919744642042597,3372.5325,3301.5760000000005
4763,2023-07-27,TCS,3394.95,3411.65,3385.05,3396.9,3388.3,1701769,5777660069.25,3395.09,125535.0,0.253814597290674,3377.2650000000003,3305.5170000000003
4764,2023-07-28,TCS,3385.0,3393.7,3331.0,3355.4,3396.9,2599831,8716557269.3,3352.74,127470.0,-1.2217021401866408,3381.4199999999996,3308.1679999999997
4765,2023-07-31,TCS,3364.4,3426.65,3360.9,3421.45,3355.4,2743678,9347645416.85,3406.98,121298.0,1.9684687369613079,3387.05,3310.6230000000005
4766,2023-08-01,TCS,3415.0,3460.0,3415.0,3452.05,3421.45,1956167,6736474356.4,3443.71,101249.0,0.8943576553800396,3393.655,3313.723
4767,2023-08-02,TCS,3434.95,3446.4,3413.6,3440.65,3452.05,1914899,6578428884.55,3435.39,116337.0,-0.3302385539027561,3399.5425000000005,3316.4689999999996
4768,2023-08-03,TCS,3420.0,3433.25,3368.0,3399.95,3440.65,2026351,6885230549.2,3397.85,136745.0,-1.1829160187755299,3403.0775000000003,3318.598
4769,2023-08-04,TCS,3401.25,3471.0,3401.25,3443.55,3399.95,2248493,7746518305.9,3445.2,118974.0,1.2823717995852988,3411.6575000000003,3320.8909999999996
4770,2023-08-07,TCS,3453.95,3488.0,3441.25,3484.05,3443.55,1853889,6428512875.3,3467.58,108103.0,1.1761118613059196,3422.2400000000002,3324.165
4771,2023-08-08,TCS,3484.05,3489.95,3456.6,3470.6,3484.05,1634225,5672169905.3,3470.86,119523.0,-0.3860449763924247,3432.775,3327.2529999999997
4772,2023-08-09,TCS,3464.9,3467.0,3425.05,3462.5,3470.6,1794589,6189641425.5,3449.06,89275.0,-0.233389039359186,3438.8725,3330.7129999999997
4773,2023-08-10,TCS,3450.0,3464.9,3430.05,3442.1,3462.5,1096701,3774918908.55,3442.07,76539.0,-0.5891696750902554,3435.2450000000003,3333.075
4774,2023-08-11,TCS,3438.1,3466.65,3414.0,3448.8,3442.1,1679974,5786738907.2,3444.54,142622.0,0.1946486156706741,3433.1,3335.9390000000003
4775,2023-08-14,TCS,3440.7,3455.0,3411.0,3449.85,3448.8,1190425,4088141282.4,3434.19,145261.0,0.03044537230340197,3430.75,3339.158
4776,2023-08-16,TCS,3450.0,3466.0,3435.2,3458.4,3449.85,1328445,4587215413.45,3453.07,102457.0,0.24783686247228667,3430.1675000000005,3343.68
4777,2023-08-17,TCS,3455.0,3460.8,3413.2,3435.75,3458.4,1843241,6332040272.5,3435.28,122489.0,-0.6549271339347702,3428.79,3346.897
4778,2023-08-18,TCS,3410.0,3410.0,3356.5,3367.1,3435.75,2526749,8524793143.1,3373.82,150157.0,-1.9981081277741422,3423.9800000000005,3349.51
4779,2023-08-21,TCS,3375.0,3409.75,3372.0,3401.65,3367.1,1375579,4672710451.45,3396.9,90178.0,1.0261055507706984,3425.6475,3353.357
4780,2023-08-22,TCS,3400.0,3411.0,3365.05,3382.15,3401.65,1222012,4129742131.95,3379.46,105529.0,-0.573251216321491,3425.0174999999995,3356.062
4781,2023-08-23,TCS,3388.0,3402.0,3376.0,3398.25,3382.15,1330046,4512393621.55,3392.66,74093.0,0.47602856171370017,3424.9725,3359.153
4782,2023-08-24,TCS,3408.0,3413.05,3378.1,3387.75,3398.25,1152881,3911601781.55,3392.89,83377.0,-0.30898256455528583,3424.9449999999997,3361.887
4783,2023-08-25,TCS,3375.0,3385.8,3350.25,3381.3,3387.75,1158046,3904744950.05,3371.84,87415.0,-0.19039185299977324,3424.165,3365.187
4784,2023-08-28,TCS,3394.0,3394.0,3360.1,3375.55,3381.3,1037485,3500663941.25,3374.18,80009.0,-0.17005293821902817,3425.1724999999997,3369.2
4731,2023-08-29,TCS,3381.05,3389.55,3365.0,3376.15,3375.55,944517,3188333020.15,3375.62,68937.0,0.017774881130479744,3422.9075,3372.515
4785,2023-08-29,TCS,3381.05,3389.55,3365.0,3376.15,3375.55,944517,3188333020.15,3375.62,68937.0,0.017774881130479744,3419.1125,3375.4840000000004
4732,2023-08-30,TCS,3398.0,3408.1,3383.05,3390.95,3376.15,1188200,4037149090.8,3397.7,83244.0,0.4383691482902042,3416.6275,3378.139
4733,2023-08-31,TCS,3401.0,3417.4,3343.65,3356.8,3390.95,3417652,11514468309.55,3369.12,125169.0,-1.0070924077323358,3414.47,3380.505
4734,2023-09-01,TCS,3366.0,3389.0,3356.8,3379.2,3356.8,1277950,4319372822.65,3379.92,148744.0,0.6673021925643361,3411.2525,3383.762
4735,2023-09-04,TCS,3378.0,3432.85,3370.05,3418.5,3379.2,1828332,6225711646.35,3405.13,114654.0,1.1629971590909145,3407.975,3388.3390000000004
4736,2023-09-05,TCS,3420.0,3447.0,3405.15,3429.35,3418.5,1501842,5151924571.65,3430.4,100120.0,0.3173906684218198,3405.9125,3392.979
4737,2023-09-06,TCS,3434.0,3443.9,3398.1,3429.9,3429.35,1314818,4502511185.6,3424.44,99523.0,0.01603802469856334,3404.2825000000003,3397.2680000000005
4738,2023-09-07,TCS,3430.8,3460.0,3422.3,3455.25,3429.9,1885092,6492039521.45,3443.88,143528.0,0.7390886031662703,3404.94,3400.3280000000004
4739,2023-09-08,TCS,3455.25,3465.0,3435.05,3441.9,3455.25,1518917,5235563741.25,3446.91,88984.0,-0.386368569568046,3404.595,3403.72
4740,2023-09-11,TCS,3462.0,3485.7,3445.0,3480.65,3441.9,1783604,6192269892.25,3471.77,111418.0,1.1258316627444145,3406.1349999999998,3407.156
4741,2023-09-12,TCS,3492.0,3589.9,3483.0,3580.8,3480.65,4476016,15891401853.45,3550.35,242752.0,2.877336129745883,3412.255,3412.373
4742,2023-09-13,TCS,3571.1,3588.85,3545.0,3567.85,3580.8,1754929,6261806697.4,3568.13,138829.0,-0.3616510277033141,3418.8599999999997,3417.272
4743,2023-09-14,TCS,3570.05,3597.7,3545.6,3560.05,3567.85,2604721,9281527868.2,3563.35,146192.0,-0.21861905629439937,3428.5075000000006,3421.8880000000004
4744,2023-09-15,TCS,3567.85,3607.35,3562.45,3598.3,3560.05,2952897,10606611878.75,3591.93,139252.0,1.0744231120349435,3438.34,3428.415
4745,2023-09-18,TCS,3580.05,3619.3,3575.25,3606.15,3598.3,1395753,5031835082.65,3605.1,97296.0,0.2181585748825809,3449.54,3435.09
4746,2023-09-20,TCS,3580.0,3625.0,3580.0,3606.05,3606.15,1649396,5957855338.4,3612.14,127927.0,-0.002773040500253984,3459.9300000000003,3442.0130000000004
4747,2023-09-21,TCS,3588.55,3605.0,3528.0,3585.3,3606.05,2004073,7134447228.5,3559.97,151219.0,-0.5754218604844635,3469.8075,3446.908
4748,2023-09-22,TCS,3584.0,3633.75,3565.05,3603.65,3585.3,1989083,7170827508.35,3605.09,152937.0,0.51181212171924,3480.925,3448.688
4749,2023-09-25,TCS,3602.5,3620.0,3558.65,3577.15,3603.65,1238778,4434448253.85,3579.7,82519.0,-0.7353655321687733,3491.0049999999997,3450.3969999999995
4750,2023-09-26,TCS,3567.6,3594.95,3536.0,3585.7,3577.15,1726062,6147386173.95,3561.51,113798.0,0.23901709461442003,3501.4824999999996,3452.1740000000004
4751,2023-09-27,TCS,3590.0,3614.0,3555.7,3589.3,3585.7,1541134,5528296992.85,3587.16,104230.0,0.10039880636975665,3512.1400000000003,3454.5589999999997
4752,2023-09-28,TCS,3600.0,3602.8,3527.35,3536.75,3589.3,1755753,6247135882.45,3558.09,127091.0,-1.464073774830752,3519.4299999999994,3456.028
4753,2023-09-29,TCS,3537.2,3568.45,3505.55,3528.6,3536.75,2243791,7936167438.85,3536.95,134776.0,-0.2304375485968782,3528.0200000000004,3457.334
4754,2023-10-03,TCS,3534.2,3534.2,3480.1,3513.85,3528.6,1948148,6834465531.05,3508.19,134041.0,-0.4180128096128777,3534.7524999999996,3460.245
4755,2023-10-04,TCS,3486.3,3548.0,3477.3,3537.75,3513.85,1788138,6267337422.0,3504.95,102259.0,0.6801656302915632,3540.7149999999992,3463.105
4756,2023-10-05,TCS,3554.0,3624.0,3551.2,3589.35,3537.75,2990768,10735300327.6,3589.48,195202.0,1.4585541657833343,3548.715,3466.909
4757,2023-10-06,TCS,3591.0,3634.95,3575.05,3621.4,3589.35,2075691,7485547134.95,3606.29,157117.0,0.8929193307980605,3558.2899999999995,3471.571
4702,2023-10-09,TCS,3645.05,3679.0,3631.0,3638.35,3621.4,4233074,15462357801.5,3652.75,337303.0,0.46805102998839726,3567.4449999999997,3476.4
4703,2023-10-10,TCS,3640.05,3648.0,3601.35,3628.9,3638.35,1848148,6697511578.25,3623.9,170957.0,-0.25973312078276745,3576.7949999999996,3481.87
4704,2023-10-11,TCS,3650.0,3650.0,3605.0,3609.9,3628.9,2426417,8797500442.75,3625.72,151957.0,-0.5235746369423242,3583.2575000000006,3485.6389999999997
4705,2023-10-12,TCS,3575.0,3588.65,3538.1,3542.55,3609.9,4241281,15079440683.5,3555.4,314201.0,-1.8657026510429626,3581.3450000000003,3487.449
4706,2023-10-13,TCS,3530.0,3577.0,3525.0,3570.85,3542.55,2890357,10296267661.05,3562.28,262330.0,0.798859578552165,3581.495,3490.053
4707,2023-10-16,TCS,3566.0,3574.65,3519.1,3524.05,3570.85,1671104,5914086791.5,3539.03,162600.0,-1.310612319195702,3579.6949999999997,3492.535
4708,2023-10-17,TCS,3530.0,3534.15,3503.35,3507.05,3524.05,1672065,5879254819.95,3516.16,125942.0,-0.48239951192519964,3575.1325000000006,3493.805
4709,2023-10-18,TCS,3511.0,3522.7,3484.0,3487.25,3507.05,1408245,4929245451.05,3500.28,147692.0,-0.5645770661952405,3569.1875,3493.8689999999997
4710,2023-10-19,TCS,3469.5,3476.85,3451.9,3455.65,3487.25,1514545,5243145783.65,3461.86,164438.0,-0.9061581475374553,3561.6674999999996,3493.57
4711,2023-10-20,TCS,3450.4,3499.5,3444.05,3494.55,3455.65,1481211,5162609717.1,3485.4,142361.0,1.1256927061479052,3557.13,3494.2110000000002
4712,2023-10-23,TCS,3473.0,3478.95,3401.3,3410.15,3494.55,1106272,3808455848.35,3442.6,126787.0,-2.4151893662989536,3547.4549999999995,3493.572
4713,2023-10-25,TCS,3390.5,3425.0,3377.2,3390.1,3410.15,1518537,5160213346.45,3398.15,133032.0,-0.5879506766564574,3538.1025,3492.3979999999997
4714,2023-10-26,TCS,3368.05,3373.7,3330.0,3336.75,3390.1,1984471,6640734038.6,3346.35,203800.0,-1.5736998908586743,3525.655,3490.1360000000004
4715,2023-10-27,TCS,3350.0,3362.0,3337.0,3350.95,3336.75,1108851,3715795757.45,3351.03,112673.0,0.4255637971079589,3513.7375,3487.9869999999996
4716,2023-10-30,TCS,3350.0,3382.85,3333.75,3378.55,3350.95,910972,3068672170.25,3368.57,74251.0,0.8236470254703998,3505.8275000000003,3486.843
4717,2023-10-31,TCS,3399.0,3399.0,3350.05,3368.75,3378.55,999811,3367364685.15,3368.0,109355.0,-0.2900652646845594,3497.835,3486.876
4718,2023-11-01,TCS,3355.0,3371.6,3311.0,3330.65,3368.75,1563475,5233296947.8,3347.22,112623.0,-1.130983302411871,3488.675,3485.4559999999997
4719,2023-11-02,TCS,3343.2,3375.95,3343.2,3360.1,3330.65,1245384,4189448412.5,3363.98,97073.0,0.8842117904913401,3479.7925000000005,3485.015
4720,2023-11-03,TCS,3382.0,3387.9,3344.3,3350.9,3360.1,1402598,4716646465.75,3362.79,111516.0,-0.2738013749590732,3467.87,3484.0679999999998
4721,2023-11-06,TCS,3375.0,3392.3,3359.0,3380.25,3350.9,1099852,3710928578.4,3374.03,69041.0,0.8758840908412637,3455.8125,3483.9179999999997
4722,2023-11-07,TCS,3378.0,3404.15,3366.0,3370.45,3380.25,1191144,4023994967.2,3378.26,82322.0,-0.2899193846609032,3442.4175000000005,3483.7010000000005
4723,2023-11-08,TCS,3371.45,3401.95,3369.55,3381.55,3370.45,992899,3363852490.7,3387.91,91615.0,0.32933287839903763,3430.05,3483.821
4724,2023-11-09,TCS,3390.1,3391.5,3342.05,3347.45,3381.55,2112352,7105080612.55,3363.59,146431.0,-1.0084133015924757,3416.9275000000002,3483.2470000000003
4725,2023-11-10,TCS,3338.0,3347.45,3322.35,3333.45,3347.45,1338557,4459665543.6,3331.7,93667.0,-0.4182288010276479,3406.4725,3482.393
4726,2023-11-12,TCS,3350.0,3359.0,3345.0,3357.3,3333.45,173346,581697254.35,3355.7,22226.0,0.7154749583764677,3395.7950000000005,3481.72
4727,2023-11-13,TCS,3356.0,3356.0,3327.0,3331.55,3357.3,1030990,3436731318.9,3333.43,92128.0,-0.7669853751526524,3386.1699999999996,3481.215
4728,2023-11-15,TCS,3383.1,3413.0,3356.05,3404.3,3331.55,2059802,6983037380.85,3390.15,117652.0,2.183668262520448,3381.0325,3481.7169999999996
4729,2023-11-16,TCS,3430.05,3529.35,3414.2,3497.85,3404.3,3951984,13770516229.1,3484.46,256300.0,2.747995182563221,3381.5625,3483.3039999999996
4730,2023-11-17,TCS,3497.85,3524.5,3492.55,3502.45,3497.85,2021292,7094891279.55,3510.08,159877.0,0.13150935574709918,3383.9025,3484.7660000000005
4675,2023-11-17,TCS,3497.85,3524.5,3492.55,3502.45,3497.85,2021292,7094891279.55,3510.08,159877.0,0.13150935574709918,3384.2974999999997,3486.2169999999996
4676,2023-11-20,TCS,3491.25,3533.9,3491.25,3519.6,3502.45,1475621,5191524462.85,3518.2,133758.0,0.48965723993205024,3389.7699999999995,3487.5039999999995
4677,2023-11-21,TCS,3519.6,3539.05,3501.0,3510.2,3519.6,1807236,6371610015.95,3525.61,141954.0,-0.2670758040686468,3395.775,3488.87
4678,2023-11-22,TCS,3500.0,3532.65,3481.1,3530.15,3510.2,1798051,6312427531.7,3510.71,121170.0,0.5683436841205708,3405.4449999999997,3489.86
4679,2023-11-23,TCS,3530.0,3544.0,3500.0,3508.25,3530.15,2729804,9600272250.3,3516.84,170315.0,-0.6203702392249647,3413.31,3488.409
4680,2023-11-24,TCS,3494.25,3504.55,3453.0,3457.1,3508.25,1989733,6913359986.45,3474.52,137682.0,-1.4579918762916009,3417.2375,3486.1940000000004
4681,2023-11-28,TCS,3457.1,3481.25,3433.0,3470.15,3457.1,1689195,5834649202.9,3454.1,120747.0,0.3774840183969275,3422.3075,3484.3959999999997
4682,2023-11-29,TCS,3481.0,3518.0,3475.8,3513.75,3470.15,1441634,5050729225.7,3503.48,140282.0,1.256429837326914,3431.4625,3482.705
4683,2023-11-30,TCS,3499.45,3516.65,3481.0,3487.6,3513.75,3266235,11407956559.4,3492.69,136958.0,-0.7442191390964095,3437.8375,3480.3340000000003
4684,2023-12-01,TCS,3500.0,3516.95,3490.05,3511.65,3487.6,1172141,4106636662.55,3503.53,90309.0,0.6895859616928599,3445.875,3478.446
4685,2023-12-04,TCS,3544.65,3547.8,3498.0,3512.45,3511.65,1625213,5711934381.15,3514.58,105864.0,0.022781313627489277,3452.4849999999997,3476.989
4686,2023-12-05,TCS,3538.0,3538.0,3502.8,3531.6,3512.45,1377656,4850257950.2,3520.66,74749.0,0.5452034904411477,3460.5425000000005,3475.548
4687,2023-12-06,TCS,3532.6,3612.85,3525.15,3604.1,3531.6,1896572,6777360136.5,3573.48,109178.0,2.052893872465738,3471.6699999999996,3476.087
4688,2023-12-07,TCS,3605.0,3630.55,3591.7,3614.9,3604.1,1967653,7114113153.35,3615.53,169670.0,0.29965872201104804,3485.0425000000005,3476.671
4689,2023-12-08,TCS,3633.0,3645.0,3602.05,3626.7,3614.9,1641155,5944690506.0,3622.26,111965.0,0.3264267337962247,3499.7050000000004,3477.4190000000003
4690,2023-12-11,TCS,3622.9,3653.0,3615.0,3642.9,3626.7,1102503,4011962538.6,3638.96,79129.0,0.44668707089090015,3513.9849999999997,3479.542
4691,2023-12-12,TCS,3638.95,3698.4,3631.0,3672.1,3642.9,2236866,8216432575.75,3673.19,193557.0,0.8015591973427714,3531.0125,3482.4120000000003
4692,2023-12-13,TCS,3643.55,3650.0,3563.0,3593.55,3672.1,3850968,13850861323.25,3596.72,307799.0,-2.1391029656055047,3540.475,3484.006
4693,2023-12-14,TCS,3630.0,3678.0,3627.6,3667.25,3593.55,3290396,12056488520.3,3664.15,217977.0,2.0508967455580085,3548.9450000000006,3486.5959999999995
4694,2023-12-15,TCS,3666.7,3895.95,3666.7,3861.0,3667.25,8531230,32504850648.6,3810.1,363820.0,5.283250391983094,3566.8725,3492.0289999999995
4695,2023-12-18,TCS,3858.1,3929.0,3830.15,3859.2,3861.0,2521612,9765502705.8,3872.72,178532.0,-0.04662004662005133,3584.71,3496.785
4696,2023-12-19,TCS,3845.0,3855.1,3790.0,3816.2,3859.2,2004435,7646876716.95,3814.98,133647.0,-1.1142205638474296,3599.54,3500.342
4697,2023-12-20,TCS,3827.25,3898.8,3766.55,3780.05,3816.2,2586083,9933185211.45,3841.02,173222.0,-0.9472773963628646,3613.0325,3503.365
4698,2023-12-21,TCS,3756.25,3806.7,3743.35,3787.5,3780.05,1517562,5741545164.75,3783.4,141897.0,0.1970873401145439,3625.9,3506.917
4699,2023-12-22,TCS,3800.0,3845.95,3762.0,3824.0,3787.5,2413058,9181961989.95,3805.11,210826.0,0.9636963696369637,3641.6875,3512.546
4700,2023-12-26,TCS,3819.85,3834.0,3790.15,3795.55,3824.0,1285231,4891912408.6,3806.25,105834.0,-0.7439853556485309,3658.6099999999997,3517.04
4672,2023-12-27,TCS,3799.0,3818.2,3768.0,3811.2,3795.55,1293976,4907556179.85,3792.62,135647.0,0.4123249594920271,3675.6625,3522.783
4701,2023-12-27,TCS,3799.0,3818.2,3768.0,3811.2,3795.55,1293976,4907556179.85,3792.62,135647.0,0.4123249594920271,3690.535,3528.8660000000004
4673,2023-12-28,TCS,3824.0,3838.0,3792.1,3799.9,3811.2,1682889,6413855833.1,3811.22,133761.0,-0.29649454240133627,3706.15,3535.119
4674,2023-12-29,TCS,3792.0,3822.6,3765.4,3793.4,3799.9,1574996,5980129693.8,3796.92,131434.0,-0.17105713308244952,3720.2375,3541.8740000000003
5150,2024-01-01,TCS,3790.0,3832.0,3773.0,3811.1,3793.4,825907,3141974600.85,3804.27,94008.0,0.4665998840090636,3735.1699999999996,3548.205
5151,2024-01-02,TCS,3811.1,3811.1,3767.25,3783.2,3811.1,1344068,5090055959.15,3787.05,133902.0,-0.7320721051664898,3747.75,3555.6659999999997
5152,2024-01-03,TCS,3767.0,3771.85,3687.05,3691.75,3783.2,1803075,6692584987.5,3711.76,208012.0,-2.417265806724461,3752.1325000000006,3561.6989999999996
5153,2024-01-04,TCS,3701.75,3719.0,3651.0,3666.8,3691.75,3598144,13199152251.35,3668.32,220494.0,-0.675831245344344,3754.7274999999995,3568.3
5154,2024-01-05,TCS,3675.0,3747.75,3674.85,3737.9,3666.8,1963127,7306170829.65,3721.7,155406.0,1.9390203992582062,3760.2875,3576.039
5155,2024-01-08,TCS,3737.9,3739.75,3672.4,3678.3,3737.9,1067805,3947062246.4,3696.43,137547.0,-1.5944781829369408,3762.0575000000003,3582.0339999999997
5156,2024-01-09,TCS,3709.95,3752.35,3682.75,3689.9,3678.3,1370944,5094642955.85,3716.16,112174.0,0.31536307533371144,3762.9474999999998,3588.4570000000003
5157,2024-01-10,TCS,3690.0,3729.25,3688.0,3713.05,3689.9,1292227,4790202220.4,3706.94,111912.0,0.6273882761050459,3768.9224999999997,3596.105
5158,2024-01-11,TCS,3724.0,3773.0,3707.0,3735.55,3713.05,1777909,6646566140.9,3738.42,135916.0,0.6059708326039239,3772.3375,3603.6139999999996
5159,2024-01-12,TCS,3848.0,3905.25,3821.6,3882.8,3735.55,6813450,26392805818.3,3873.63,337824.0,3.9418559516001657,3773.4275000000002,3614.252
5160,2024-01-15,TCS,3960.0,3965.0,3885.0,3903.8,3882.8,2801505,10989386687.15,3922.67,265310.0,0.5408468115792726,3775.6575,3624.723
5161,2024-01-16,TCS,3899.0,3899.0,3855.55,3861.3,3903.8,1432672,5549555027.65,3873.57,157027.0,-1.0886828218658742,3777.9125,3634.54
5162,2024-01-17,TCS,3819.0,3909.95,3812.55,3884.6,3861.3,3458696,13428630127.85,3882.57,161556.0,0.6034237174008683,3783.1400000000003,3644.6009999999997
5163,2024-01-18,TCS,3898.0,3908.8,3862.0,3902.6,3884.6,2239110,8705605580.15,3887.98,200495.0,0.46336817175513567,3788.8949999999995,3655.7039999999997
5164,2024-01-19,TCS,3945.0,3963.55,3915.05,3943.05,3902.6,2941975,11599414329.35,3942.73,272591.0,1.0364884948495945,3794.8475,3667.896
5165,2024-01-20,TCS,3948.0,3955.65,3855.55,3860.65,3943.05,516477,2012614827.2,3896.81,47373.0,-2.0897528562914514,3798.1025,3677.9629999999997
5166,2024-01-23,TCS,3900.0,3933.9,3842.75,3858.25,3860.65,2618854,10165879227.3,3881.8,214176.0,-0.06216569748617696,3800.4550000000004,3688.4970000000003
5167,2024-01-24,TCS,3880.0,3883.65,3805.6,3841.8,3858.25,2657709,10210948798.05,3842.01,119466.0,-0.42635910062851856,3801.9849999999997,3697.2470000000003
5168,2024-01-25,TCS,3839.9,3861.0,3778.7,3810.3,3841.8,2205154,8386394648.75,3803.09,186169.0,-0.8199281586756207,3802.5049999999997,3703.4960000000005
5169,2024-01-29,TCS,3800.8,3820.0,3780.85,3801.0,3810.3,1646747,6255155335.6,3798.49,114028.0,-0.24407526966381074,3802.8849999999998,3709.467
5170,2024-01-30,TCS,3807.45,3847.8,3787.0,3800.55,3801.0,1411621,5387816849.15,3816.76,96931.0,-0.011838989739537441,3802.3575000000005,3715.429
5171,2024-01-31,TCS,3811.2,3834.0,3796.45,3815.95,3800.55,2459358,9382220705.45,3814.91,166663.0,0.4052045098735613,3803.995,3721.356
5172,2024-02-01,TCS,3820.0,3904.9,3805.05,3854.15,3815.95,2363107,9130767055.9,3863.88,200156.0,1.0010613346611008,3812.1150000000002,3728.235
5173,2024-02-02,TCS,3875.05,3984.4,3872.0,3966.3,3854.15,2826510,11149116302.85,3944.48,271200.0,2.9098504209747955,3827.0899999999992,3736.958
5174,2024-02-05,TCS,3983.0,4022.0,3962.1,3973.3,3966.3,1691523,6759438477.25,3996.07,156341.0,0.17648690215061894,3838.8599999999997,3746.259
5175,2024-02-06,TCS,3997.0,4149.9,3990.0,4136.0,3973.3,4474396,18373368282.15,4106.33,325723.0,4.094833010344042,3861.745,3759.837
5176,2024-02-07,TCS,4153.0,4155.0,4073.95,4083.4,4136.0,2124267,8742061109.55,4115.33,177689.0,-1.271760154738876,3881.4200000000005,3772.1020000000003
5177,2024-02-08,TCS,4090.0,4158.0,4086.05,4134.1,4083.4,2345173,9668540283.35,4122.74,212471.0,1.2416123818386704,3902.4725,3784.509
5178,2024-02-09,TCS,4136.55,4184.75,4100.0,4133.7,4134.1,2100596,8687013883.3,4135.5,204415.0,-0.009675624682531764,3922.3799999999997,3797.4309999999996
5121,2024-02-12,TCS,4130.0,4159.6,4105.55,4120.7,4133.7,1013716,4184716444.45,4128.1,110339.0,-0.31448823088274425,3934.275,3809.612
5122,2024-02-13,TCS,4125.45,4170.0,4081.5,4149.5,4120.7,1257415,5193163729.6,4130.03,140800.0,0.6989103793044915,3946.5600000000004,3822.353
5123,2024-02-14,TCS,4107.0,4114.9,4049.5,4100.1,4149.5,1391283,5693275185.95,4092.1,126863.0,-1.190504880106028,3958.5,3833.7230000000004
5124,2024-02-15,TCS,4128.0,4146.3,4083.0,4103.2,4100.1,1091582,4483499686.35,4107.34,117286.0,0.07560791200213297,3969.4299999999994,3843.705
5125,2024-02-16,TCS,4113.25,4147.95,4100.1,4128.3,4103.2,1307556,5392447497.55,4124.07,125414.0,0.6117176837590262,3980.715,3853.9730000000004
5126,2024-02-19,TCS,4123.05,4128.3,4055.0,4103.8,4128.3,772291,3160800378.55,4092.76,70873.0,-0.5934646222416007,3988.7525,3863.515
5127,2024-02-20,TCS,4082.1,4098.0,4010.0,4030.65,4103.8,1193648,4831625596.8,4047.78,108310.0,-1.7824942736000802,3997.2524999999996,3871.27
5128,2024-02-21,TCS,4013.0,4063.35,3980.6,3991.5,4030.65,1885939,7592748600.05,4025.98,135075.0,-0.9713073573741231,4003.9149999999995,3877.658
5129,2024-02-22,TCS,3971.0,4094.95,3971.0,4087.1,3991.5,2982052,12037760611.3,4036.74,233453.0,2.395089565326316,4016.1800000000003,3887.5290000000005
5130,2024-02-23,TCS,4130.0,4130.0,4046.4,4052.1,4087.1,2538072,10372488169.05,4086.76,207942.0,-0.8563529152699959,4028.2700000000004,3895.2260000000006
5131,2024-02-26,TCS,4036.0,4050.0,3982.75,4001.05,4052.1,1379284,5519738697.4,4001.89,168908.0,-1.2598405764911953,4038.2725,3898.027
5132,2024-02-27,TCS,3999.0,4124.0,3999.0,4104.4,4001.05,2960475,12089017645.25,4083.47,235296.0,2.5830719436147875,4053.465,3902.9310000000005
5133,2024-02-28,TCS,4095.6,4154.9,4089.0,4118.95,4104.4,1939225,8001915262.3,4126.35,139242.0,0.3544976123184919,4068.6150000000002,3908.986
5134,2024-02-29,TCS,4099.0,4138.1,4064.55,4095.1,4118.95,3772719,15462863779.5,4098.6,165001.0,-0.5790310637419709,4080.6625,3915.2870000000003
5135,2024-03-01,TCS,4107.2,4140.0,4086.8,4094.35,4095.1,2043265,8399555212.15,4110.85,157981.0,-0.018314571072745478,4087.065,3921.4240000000004
5136,2024-03-02,TCS,4112.7,4129.5,4090.15,4107.1,4094.35,65057,267426764.05,4110.65,8974.0,0.3114047406792398,4093.755,3927.0860000000002
5137,2024-03-04,TCS,4105.0,4117.9,4075.9,4080.7,4107.1,1749271,7154955206.3,4090.25,114412.0,-0.6427893160624417,4090.9900000000002,3932.789
5138,2024-03-05,TCS,4062.0,4064.0,3980.0,4012.1,4080.7,2070859,8319342582.8,4017.34,152615.0,-1.6810841277231825,4087.425,3936.8070000000002
5139,2024-03-06,TCS,3994.05,4072.0,3958.45,4064.3,4012.1,1744204,6998878535.55,4012.65,140908.0,1.301064280551339,4083.935,3941.8689999999997
5140,2024-03-07,TCS,4065.0,4124.0,4037.7,4108.6,4064.3,2688905,11021820076.2,4099.0,154179.0,1.0899785940998494,4082.6800000000003,3948.0429999999997
5141,2024-03-11,TCS,4089.0,4153.0,4089.0,4122.35,4108.6,2304068,9504184843.45,4124.96,188233.0,0.3346638757727693,4082.7625,3954.6220000000003
5142,2024-03-12,TCS,4122.35,4229.95,4121.05,4192.25,4122.35,4039801,16960233961.3,4198.28,216551.0,1.695634771428909,4084.9,3962.245
5143,2024-03-13,TCS,4205.0,4241.0,4131.9,4149.0,4192.25,2837260,11852184104.8,4177.33,208881.0,-1.0316655733794502,4087.3450000000003,3969.561
5144,2024-03-14,TCS,4153.45,4225.0,4086.0,4207.6,4149.0,2919608,12163965941.7,4166.3,262125.0,1.4123885273559982,4092.565,3979.8780000000006
5145,2024-03-15,TCS,4192.6,4239.0,4177.0,4219.25,4207.6,3373143,14212088365.25,4213.31,176623.0,0.2768799315524203,4097.1125,3990.927
5146,2024-03-18,TCS,4215.25,4254.75,4117.85,4152.5,4219.25,1526904,6408084083.05,4196.78,129335.0,-1.5820347218107482,4099.5475,3999.219
5147,2024-03-19,TCS,4051.25,4058.0,3966.6,3977.3,4152.5,8931209,35926206807.15,4022.55,293529.0,-4.219145093317275,4096.88,4005.199
5148,2024-03-20,TCS,3986.0,4018.0,3960.2,3970.9,3977.3,1817913,7262745848.35,3995.1,134030.0,-0.1609131823096093,4095.850000000001,4010.8189999999995
5149,2024-03-21,TCS,3990.05,4008.4,3948.0,3972.95,3970.9,3829582,15214604392.05,3972.92,227156.0,0.051625576065872404,4090.1425000000004,4016.0170000000003
5096,2024-03-21,TCS,3990.05,4008.4,3948.0,3972.95,3970.9,3829582,15214604392.05,3972.92,227156.0,0.051625576065872404,4086.185,4020.765000000001
5097,2024-03-22,TCS,3897.0,3938.0,3855.0,3910.9,3972.95,5852485,22843670096.35,3903.24,431155.0,-1.5618117519727086,4081.6775000000002,4021.327
5098,2024-03-26,TCS,3875.0,3946.7,3871.45,3877.5,3910.9,3440925,13399953628.95,3894.29,176329.0,-0.8540233705796643,4070.3324999999995,4020.8010000000004
5099,2024-03-27,TCS,3888.5,3895.0,3829.4,3840.9,3877.5,1968575,7601845471.0,3861.6,152258.0,-0.9439071566731118,4056.4300000000003,4020.393
5100,2024-03-28,TCS,3850.1,3915.0,3840.5,3876.3,3840.9,4311783,16732186615.05,3880.57,242073.0,0.9216589861751177,4045.4900000000002,4020.2270000000003
5101,2024-04-01,TCS,3897.7,3933.3,3888.05,3916.75,3876.3,1569676,6130799234.6,3905.77,142337.0,1.0435208833165601,4036.6100000000006,4020.51
5102,2024-04-02,TCS,3890.0,3909.85,3873.0,3883.8,3916.75,2142666,8327525479.35,3886.53,152218.0,-0.8412586966234715,4025.4449999999997,4019.325
5103,2024-04-03,TCS,3851.0,3981.0,3851.0,3947.3,3883.8,3973090,15655836798.6,3940.47,232561.0,1.6349966527627582,4018.775,4021.058
5104,2024-04-04,TCS,3975.9,4028.65,3935.25,4003.3,3947.3,3394637,13521178797.2,3983.1,196204.0,1.4186912573151267,4018.335,4023.9590000000003
5105,2024-04-05,TCS,3978.0,4002.0,3960.5,3979.25,4003.3,1636819,6519723297.55,3983.17,95801.0,-0.6007543776384527,4014.0825000000004,4026.7080000000005
5106,2024-04-08,TCS,3983.0,4032.65,3960.0,3972.55,3979.25,2302538,9210823451.5,4000.29,145126.0,-0.16837343720549897,4007.28,4029.953
5107,2024-04-09,TCS,3984.0,4015.85,3925.05,3946.55,3972.55,1876992,7447401521.4,3967.73,102114.0,-0.6544914475588727,3998.4900000000002,4032.8639999999996
5108,2024-04-10,TCS,3956.4,3990.2,3918.0,3984.65,3946.55,2101965,8316267625.3,3956.43,108594.0,0.9654001596330949,3988.1099999999997,4036.5460000000003
5109,2024-04-12,TCS,3971.0,4013.35,3945.5,4001.4,3984.65,4354821,17378376127.55,3990.61,200517.0,0.4203631435634246,3980.7299999999996,4040.255
5110,2024-04-15,TCS,4001.4,4064.2,3919.05,3941.2,4001.4,4200329,16761416762.1,3990.5,245404.0,-1.5044734342980026,3967.4100000000008,4041.9959999999996
5111,2024-04-16,TCS,3902.0,3928.7,3862.85,3872.8,3941.2,3051420,11866147836.3,3888.73,147341.0,-1.7355120267938606,3950.0875,4040.126
5112,2024-04-18,TCS,3876.8,3936.0,3850.0,3862.0,3872.8,3476284,13527691591.6,3891.42,191254.0,-0.27886800247883137,3935.5625,4037.9
5113,2024-04-19,TCS,3838.0,3852.55,3800.9,3826.2,3862.0,2957749,11321504897.25,3827.74,252913.0,-0.9269808389435573,3928.0075000000006,4031.7039999999997
5114,2024-04-22,TCS,3837.0,3878.0,3812.0,3864.6,3826.2,1728883,6641643736.05,3841.58,99078.0,1.0036067116198863,3922.6924999999997,4027.328
5115,2024-04-23,TCS,3877.05,3895.0,3860.6,3874.7,3864.6,1807586,7009250573.8,3877.69,132941.0,0.261346581793715,3917.7799999999997,4022.14
5116,2024-04-24,TCS,3890.0,3898.0,3824.45,3831.05,3874.7,1317312,5076558245.0,3853.73,113695.0,-1.126538828812544,3910.685,4016.087
5117,2024-04-25,TCS,3811.2,3873.65,3811.0,3852.2,3831.05,2856271,10998153736.8,3850.53,211754.0,0.5520679709218004,3907.75,4010.717
5118,2024-04-26,TCS,3855.15,3876.8,3802.55,3821.35,3852.2,2039178,7827090898.4,3838.36,165343.0,-0.8008410778256557,3904.9425,4004.1540000000005
5119,2024-04-29,TCS,3838.0,3877.8,3819.2,3870.2,3821.35,1110693,4287735190.85,3860.41,109485.0,1.278344040718592,3906.4075,3999.5559999999996
5068,2024-04-30,TCS,3872.0,3881.75,3810.0,3820.65,3870.2,2203078,8462954749.45,3841.42,144940.0,-1.280295591959065,3903.625,3993.905
5120,2024-04-30,TCS,3872.0,3881.75,3810.0,3820.65,3870.2,2203078,8462954749.45,3841.42,144940.0,-1.280295591959065,3898.8199999999997,3987.752
5069,2024-05-02,TCS,3778.05,3871.1,3778.05,3863.3,3820.65,2491044,9582766032.85,3846.89,220245.0,1.116302199887456,3897.7950000000005,3982.942
5070,2024-05-03,TCS,3890.15,3893.6,3797.6,3843.4,3863.3,2962234,11374519156.95,3839.84,193038.0,-0.5151036678487326,3892.6,3979.197
5071,2024-05-06,TCS,3853.0,3939.95,3853.0,3921.05,3843.4,2053831,8046888044.0,3917.99,162185.0,2.0203465681427923,3888.4875,3977.7880000000005
5072,2024-05-07,TCS,3930.8,3988.0,3913.5,3978.95,3921.05,2062112,8148536133.15,3951.55,128480.0,1.476645286339109,3888.4725,3975.625
5073,2024-05-08,TCS,3961.0,3984.3,3938.6,3976.95,3978.95,1247685,4950948533.2,3968.11,110637.0,-0.05026451702082208,3888.6924999999997,3974.1220000000003
5074,2024-05-09,TCS,3962.0,3971.0,3910.05,3960.2,3976.95,1726486,6817049440.4,3948.51,156265.0,-0.4211770326506494,3889.375,3973.305
5075,2024-05-10,TCS,3962.6,3973.6,3885.05,3893.9,3960.2,1672489,6546206693.5,3914.05,142144.0,-1.6741578708145985,3884.8375,3969.095
5076,2024-05-13,TCS,3884.5,3955.0,3870.0,3947.8,3893.9,931326,3653700402.95,3923.12,96702.0,1.38421633837541,3882.1575000000003,3965.672
5077,2024-05-14,TCS,3936.0,3945.8,3892.9,3901.2,3947.8,1058317,4144602576.75,3916.22,96233.0,-1.1804042757991886,3880.1575,3961.7940000000003
5078,2024-05-15,TCS,3904.5,3926.95,3875.5,3880.4,3901.2,1115021,4338965538.5,3891.38,88516.0,-0.5331692812467889,3880.5375,3957.515
5079,2024-05-16,TCS,3891.1,3909.5,3843.5,3900.95,3880.4,2599399,10091300479.85,3882.17,187465.0,0.5295845789093837,3882.4850000000006,3953.3919999999994
5080,2024-05-17,TCS,3919.0,3920.0,3830.0,3834.1,3900.95,2765804,10693118517.05,3866.19,197919.0,-1.7136851279816432,3882.8799999999997,3948.46
5081,2024-05-18,TCS,3847.0,3861.9,3840.0,3851.45,3834.1,91066,350551405.7,3849.42,7224.0,0.4525181920137688,3882.2225,3945.2470000000003
5082,2024-05-21,TCS,3830.6,3844.75,3810.05,3820.2,3851.45,1908117,7289343660.9,3820.18,200205.0,-0.8113827259863168,3879.4975000000004,3940.365
5083,2024-05-22,TCS,3835.0,3841.25,3817.55,3832.0,3820.2,1311168,5022730247.75,3830.73,101531.0,0.3088843516046328,3879.5450000000005,3934.833
5084,2024-05-23,TCS,3840.95,3905.0,3825.5,3893.45,3832.0,2095742,8113203579.0,3871.28,131534.0,1.6036012526095984,3881.6075000000005,3930.255
5085,2024-05-24,TCS,3878.25,3883.8,3844.3,3849.5,3893.45,1309452,5051369874.45,3857.62,88592.0,-1.1288189138167903,3883.0150000000003,3923.4
5086,2024-05-27,TCS,3855.0,3908.35,3841.35,3847.05,3849.5,1841538,7144426662.95,3879.6,160642.0,-0.0636446291726151,3881.8575000000005,3917.361
5087,2024-05-28,TCS,3858.0,3870.0,3830.0,3839.9,3847.05,1801993,6943692168.5,3853.34,123639.0,-0.18585669538997648,3882.8199999999997,3910.007
5088,2024-05-29,TCS,3848.9,3848.9,3800.0,3803.65,3839.9,1568095,5985700080.4,3817.18,118150.0,-0.944035000911482,3881.97,3901.695
5089,2024-05-30,TCS,3777.0,3794.4,3715.45,3736.1,3803.65,2919230,10941116841.4,3747.95,186630.0,-1.7759257555243035,3875.6099999999997,3893.367
5090,2024-05-31,TCS,3740.0,3749.8,3653.75,3670.95,3736.1,10956800,40368844653.2,3684.36,323000.0,-1.743797007574746,3866.9875,3887.24
5091,2024-06-03,TCS,3732.8,3751.55,3696.0,3702.85,3670.95,2156773,8009653406.45,3713.72,203491.0,0.8689848676773069,3856.0775000000003,3881.8790000000004
5092,2024-06-04,TCS,3700.0,3745.0,3591.5,3715.0,3702.85,3395997,12545796705.45,3694.29,274839.0,0.32812563295839936,3842.88,3876.72
5093,2024-06-05,TCS,3716.0,3783.8,3700.0,3746.45,3715.0,2799670,10492304940.65,3747.69,205741.0,0.8465679676985147,3831.3550000000005,3872.19
5094,2024-06-06,TCS,3781.0,3839.9,3741.5,3830.4,3746.45,4328036,16431736429.5,3796.58,281068.0,2.240787945922147,3824.8649999999993,3870.58
5095,2024-06-07,TCS,3837.3,3915.0,3837.3,3893.95,3830.4,4552445,17716023957.4,3891.54,277984.0,1.659095655806175,3824.8675000000003,3870.9089999999997
5040,2024-06-10,TCS,3895.0,3905.9,3841.9,3858.7,3893.95,1734661,6704174826.45,3864.83,117061.0,-0.9052504526252263,3820.4125,3871.265
5041,2024-06-11,TCS,3845.0,3879.95,3841.0,3852.1,3858.7,1419898,5481742091.6,3860.66,94929.0,-0.17104206079767562,3817.9574999999995,3870.7810000000004
5042,2024-06-12,TCS,3874.4,3893.5,3827.45,3831.65,3852.1,2177001,8388848726.55,3853.4,142302.0,-0.5308792606630103,3815.5200000000004,3869.079
5043,2024-06-13,TCS,3856.8,3890.0,3852.0,3878.15,3831.65,1932323,7483532564.55,3872.82,128094.0,1.2135763965915467,3814.3799999999997,3868.966
5044,2024-06-14,TCS,3889.0,3889.0,3828.0,3832.05,3878.15,1860730,7148928964.95,3842.0,133590.0,-1.1887111122571306,3814.2775,3866.6610000000005
5045,2024-06-18,TCS,3826.05,3842.0,3795.05,3815.1,3832.05,1774045,6775333799.5,3819.14,126236.0,-0.44232199475477285,3812.4600000000005,3862.8969999999995
5046,2024-06-19,TCS,3827.65,3833.85,3792.95,3801.7,3815.1,1509050,5744844872.3,3806.93,111353.0,-0.3512358784828731,3811.535,3859.3459999999995
5047,2024-06-20,TCS,3796.0,3809.95,3780.05,3787.25,3801.7,2846526,10793810411.95,3791.92,226469.0,-0.38009311623746794,3809.2974999999997,3855.64
5048,2024-06-21,TCS,3827.0,3877.8,3798.05,3810.75,3787.25,4642195,17769672677.3,3827.86,206639.0,0.6205030034985808,3805.1625,3852.9240000000004
5049,2024-06-24,TCS,3808.75,3857.0,3791.3,3816.8,3810.75,1702154,6526663734.2,3834.36,115165.0,0.15876139867480632,3803.5275,3849.5669999999996
5050,2024-06-25,TCS,3817.0,3847.65,3792.9,3838.45,3816.8,1338808,5117458194.4,3822.4,140971.0,0.5672290924334425,3803.0975,3846.308
5051,2024-06-26,TCS,3844.5,3866.95,3841.0,3855.85,3838.45,1639845,6323455478.65,3856.13,159513.0,0.4533079758756814,3803.8949999999995,3844.6010000000006
5052,2024-06-27,TCS,3831.0,3942.0,3818.1,3934.15,3855.85,4526556,17641007616.5,3897.23,308765.0,2.0306806540710918,3810.4200000000005,3845.828
5053,2024-06-28,TCS,3917.8,3960.0,3897.85,3904.15,3934.15,2731571,10720556955.7,3924.69,178435.0,-0.7625535376129532,3818.8224999999998,3846.671
5054,2024-07-01,TCS,3884.0,4001.7,3884.0,3978.2,3904.15,2658723,10550877400.5,3968.4,152648.0,1.8966996657402948,3834.185,3849.7110000000002
5055,2024-07-02,TCS,3993.6,4023.4,3982.55,4017.4,3978.2,2307449,9241906331.9,4005.25,193878.0,0.9853702679603911,3849.9125,3852.7670000000003
5056,2024-07-03,TCS,4020.0,4026.1,3955.0,3965.25,4017.4,1821198,7228650456.4,3969.17,131803.0,-1.2981032508587667,3862.425,3854.578
5057,2024-07-04,TCS,3999.85,4047.35,3982.1,4020.95,3965.25,2518001,10134477139.9,4024.81,140694.0,1.4047033604438512,3876.15,3858.376
5058,2024-07-05,TCS,4010.0,4026.75,3988.0,4011.8,4020.95,1668616,6686808295.4,4007.4,120737.0,-0.2275581641154363,3885.2200000000003,3861.5679999999998
5059,2024-07-08,TCS,4022.0,4031.25,3978.05,3993.2,4011.8,1758882,7028192322.85,3995.83,109949.0,-0.4636322847599672,3890.1825,3865.005
5060,2024-07-09,TCS,3985.0,4006.95,3975.1,3985.5,3993.2,1305801,5210579214.45,3990.33,142268.0,-0.19282780727235846,3896.5225,3867.311
5061,2024-07-10,TCS,3983.7,4003.3,3902.0,3909.15,3985.5,2669716,10479963237.85,3925.5,137357.0,-1.9156943921716199,3899.375,3869.081
5062,2024-07-11,TCS,3931.0,3980.0,3895.6,3923.7,3909.15,4872189,19141549805.05,3928.74,214372.0,0.37220367599093734,3903.9775,3871.1419999999994
5063,2024-07-12,TCS,3980.0,4199.95,3971.3,4183.95,3923.7,13509164,55617454764.65,4117.02,800145.0,6.63277008945638,3919.2675000000004,3877.555
5064,2024-07-15,TCS,4235.7,4240.0,4157.05,4169.2,4183.95,4848030,20381843135.15,4204.15,238210.0,-0.3525376737293706,3936.125,3884.0710000000004
5065,2024-07-16,TCS,4172.0,4194.55,4144.9,4178.45,4169.2,2029521,8470051366.65,4173.42,123240.0,0.22186510601554257,3954.2924999999996,3889.2189999999996
5066,2024-07-18,TCS,4160.0,4325.0,4160.0,4315.55,4178.45,5613364,23978361639.45,4271.66,361931.0,3.281120989840739,3979.9849999999997,3895.9510000000005
5012,2024-07-19,TCS,4317.4,4358.75,4285.25,4302.4,4315.55,3903354,16859178396.2,4319.15,290294.0,-0.30471202975288303,4005.7424999999994,3902.46
5067,2024-07-19,TCS,4317.4,4358.75,4285.25,4302.4,4315.55,3903354,16859178396.2,4319.15,290294.0,-0.30471202975288303,4030.325,3909.304
5013,2024-07-22,TCS,4299.95,4319.95,4265.0,4287.35,4302.4,1896386,8139560522.25,4292.14,132112.0,-0.3498047601338619,4053.8524999999995,3917.173
5014,2024-07-23,TCS,4283.0,4361.7,4266.3,4302.35,4287.35,2365208,10175578824.25,4302.19,180645.0,0.3498664676315206,4077.0474999999997,3924.264
5015,2024-07-24,TCS,4287.5,4339.1,4268.1,4306.25,4302.35,1809793,7799303896.95,4309.5,118444.0,0.09064813415923009,4099.5675,3932.365
5016,2024-07-25,TCS,4295.0,4343.0,4274.2,4322.5,4306.25,2810342,12125310419.4,4314.53,196421.0,0.37735849056603776,4118.985,3941.2070000000003
5017,2024-07-26,TCS,4350.0,4422.45,4337.05,4387.85,4322.5,3552210,15595841522.45,4390.46,167036.0,1.5118565644881519,4143.17,3950.945
5018,2024-07-29,TCS,4415.0,4431.0,4371.0,4381.1,4387.85,1746803,7669454915.15,4390.57,119852.0,-0.15383388219743152,4163.3150000000005,3961.885
5019,2024-07-30,TCS,4391.1,4398.0,4327.3,4365.35,4381.1,1797906,7835871346.1,4358.33,145705.0,-0.35949875602017756,4180.7125,3972.163
5020,2024-07-31,TCS,4350.0,4414.0,4345.0,4385.35,4365.35,2330091,10222933214.05,4387.35,166542.0,0.4581534126702326,4201.7175,3983.4660000000003
5021,2024-08-01,TCS,4399.4,4419.3,4365.05,4397.1,4385.35,2202244,9667930574.85,4390.04,125252.0,0.2679375648465915,4220.525,3994.7680000000005
5022,2024-08-02,TCS,4365.0,4398.0,4270.0,4283.05,4397.1,2811282,12114777969.55,4309.34,213069.0,-2.5937549748698046,4234.0875,4002.56
5023,2024-08-05,TCS,4239.0,4239.0,4110.5,4155.05,4283.05,2787771,11611760562.2,4165.25,169844.0,-2.9885245327511933,4242.18,4008.671
5024,2024-08-06,TCS,4170.95,4258.25,4160.8,4171.2,4155.05,2203067,9239608320.05,4193.98,134281.0,0.38868365001623656,4251.465,4015.1540000000005
5025,2024-08-07,TCS,4228.0,4244.95,4180.3,4200.45,4171.2,1237666,5200150778.85,4201.58,102627.0,0.7012370540851554,4266.030000000001,4022.365
5026,2024-08-08,TCS,4181.0,4232.0,4160.0,4172.55,4200.45,2441283,10230119942.8,4190.47,120490.0,-0.6642145484412298,4278.4725,4029.743
5027,2024-08-09,TCS,4217.0,4253.65,4205.55,4228.75,4172.55,1302536,5514705150.35,4233.82,79876.0,1.34689817977016,4280.7125,4039.5959999999995
5028,2024-08-12,TCS,4230.0,4239.0,4186.35,4195.65,4228.75,936912,3944978151.6,4210.62,86028.0,-0.7827372154892194,4282.035,4050.09
5029,2024-08-13,TCS,4213.0,4234.0,4183.0,4196.95,4195.65,1495593,6295091175.55,4209.09,99105.0,0.030984472012684137,4282.96,4059.972
5030,2024-08-14,TCS,4209.0,4306.2,4188.15,4295.25,4196.95,3226545,13763619690.8,4265.75,182461.0,2.342177057148648,4281.945,4071.577
5031,2024-08-16,TCS,4350.0,4427.0,4325.1,4416.05,4295.25,3457058,15195430172.75,4395.48,233969.0,2.8124090565159228,4287.6275000000005,4084.9689999999996
5032,2024-08-19,TCS,4421.0,4494.25,4390.35,4490.0,4416.05,2055210,9165457457.55,4459.62,118736.0,1.6745734310073441,4297.0075,4098.161
5033,2024-08-20,TCS,4505.0,4565.0,4500.0,4523.3,4490.0,2212298,10020613301.75,4529.5,128019.0,0.7416481069042357,4308.805,4110.7480000000005
5034,2024-08-21,TCS,4518.0,4560.0,4492.55,4551.5,4523.3,1896990,8592617038.5,4529.61,115023.0,0.6234386399310198,4321.2625,4124.604
5035,2024-08-22,TCS,4560.0,4560.95,4497.2,4502.0,4551.5,1829872,8262819007.85,4515.52,114303.0,-1.0875535537734813,4331.05,4137.602
5036,2024-08-23,TCS,4500.0,4506.0,4455.0,4463.9,4502.0,1809253,8085619687.4,4469.04,101893.0,-0.8462905375388796,4338.12,4150.247
5037,2024-08-26,TCS,4489.0,4552.15,4485.0,4502.45,4463.9,1844164,8330571610.15,4517.26,118509.0,0.8635946145747034,4343.85,4162.733
5038,2024-08-27,TCS,4505.0,4510.0,4486.8,4497.15,4502.45,930697,4185134647.0,4496.77,65265.0,-0.1177136892136544,4349.6525,4176.035
4984,2024-08-28,TCS,4498.75,4562.5,4457.3,4506.05,4497.15,1848058,8344430539.8,4515.24,127744.0,0.1979031164181881,4356.6875,4189.854
5039,2024-08-28,TCS,4498.75,4562.5,4457.3,4506.05,4497.15,1848058,8344430539.8,4515.24,127744.0,0.1979031164181881,4362.722500000001,4203.941
4985,2024-08-29,TCS,4460.0,4556.0,4460.0,4511.8,4506.05,2133641,9634899513.2,4515.71,138513.0,0.12760621830649904,4368.4574999999995,4218.432
4986,2024-08-30,TCS,4500.0,4592.25,4487.8,4553.75,4511.8,3637222,16533915087.45,4545.75,155239.0,0.9297841216365933,4381.992499999999,4233.292
4987,2024-09-02,TCS,4576.0,4588.0,4512.0,4521.05,4553.75,1216500,5529299899.1,4545.25,109365.0,-0.7180894866867926,4400.2925,4247.377
4988,2024-09-03,TCS,4521.05,4555.9,4495.9,4512.35,4521.05,1717263,7768215760.7,4523.6,117744.0,-0.19243317370964305,4417.35,4260.855
4989,2024-09-04,TCS,4476.95,4487.0,4436.7,4479.25,4512.35,1265505,5655496454.35,4468.96,123447.0,-0.7335423892207024,4431.29,4273.323
4990,2024-09-05,TCS,4481.0,4499.0,4454.15,4475.95,4479.25,1688793,7547477632.9,4469.15,105236.0,-0.07367304794329814,4446.46,4284.159000000001
4991,2024-09-06,TCS,4473.95,4518.95,4440.0,4456.75,4475.95,1649179,7366546120.25,4466.8,148566.0,-0.4289592153620979,4457.86,4295.211
4992,2024-09-09,TCS,4455.0,4490.25,4430.5,4449.55,4456.75,1184938,5284328321.15,4459.58,92569.0,-0.16155270095921506,4470.555,4304.638
4993,2024-09-10,TCS,4442.45,4539.95,4440.45,4507.85,4449.55,1385591,6234377452.2,4499.44,125535.0,1.3102448562214197,4486.1,4314.447
4994,2024-09-11,TCS,4521.45,4549.35,4471.25,4479.35,4507.85,1325919,5973212660.05,4504.96,127870.0,-0.6322304424503921,4495.305,4324.729
4995,2024-09-12,TCS,4510.25,4532.6,4431.3,4517.7,4479.35,2742216,12298852603.6,4485.01,179765.0,0.8561510040519148,4500.3875,4334.664
4996,2024-09-13,TCS,4530.0,4547.0,4505.0,4522.6,4517.7,1458786,6603740972.9,4526.87,78892.0,0.10846227062444487,4502.0175,4344.88
4997,2024-09-16,TCS,4527.0,4546.05,4494.45,4513.25,4522.6,1155120,5217113716.25,4516.51,61456.0,-0.20673948613630133,4501.515,4355.281
4998,2024-09-17,TCS,4513.25,4535.8,4466.0,4505.65,4513.25,1699364,7656902882.2,4505.75,88562.0,-0.1683930648645735,4499.2225,4365.683999999999
4999,2024-09-18,TCS,4497.05,4497.05,4321.0,4346.15,4505.65,2961779,12943188817.6,4370.07,244673.0,-3.5399997780564405,4491.43,4374.424
5000,2024-09-19,TCS,4390.05,4422.2,4281.8,4296.15,4346.15,2927551,12650187150.25,4321.08,232656.0,-1.1504434959676957,4483.0425000000005,4381.8730000000005
5001,2024-09-20,TCS,4316.9,4330.7,4227.5,4284.9,4296.15,5447908,23310316503.1,4278.76,291115.0,-0.26186236514088196,4472.164999999999,4383.892
5002,2024-09-23,TCS,4300.0,4309.4,4253.0,4268.5,4284.9,1702319,7269588108.95,4270.4,169788.0,-0.3827393871502167,4460.7325,4385.878
5003,2024-09-24,TCS,4251.65,4291.0,4240.0,4271.3,4268.5,3012026,12846372402.7,4265.03,140428.0,0.06559681386904491,4448.995,4387.735
5004,2024-09-25,TCS,4252.35,4289.6,4240.0,4274.75,4271.3,2713073,11567483701.95,4263.61,153942.0,0.08077166202326734,4437.429999999999,4386.919
5005,2024-09-26,TCS,4260.0,4316.8,4260.0,4292.5,4274.75,3964251,16999820745.85,4288.28,185888.0,0.415228960757939,4426.465,4386.721
5006,2024-09-27,TCS,4335.0,4378.0,4300.05,4308.7,4292.5,3012477,13036144375.45,4327.38,231071.0,0.3774024461269614,4414.2125,4386.847
5007,2024-09-30,TCS,4286.9,4298.75,4260.05,4268.5,4308.7,2503416,10695320177.3,4272.29,212084.0,-0.9329960312855344,4401.585,4386.47
5008,2024-10-01,TCS,4255.55,4295.75,4242.95,4287.9,4268.5,1823365,7788915830.7,4271.73,121772.0,0.45449221037834453,4390.3625,4386.181
5009,2024-10-03,TCS,4262.6,4279.0,4210.0,4232.75,4287.9,3350119,14182364569.6,4233.39,168212.0,-1.2861773828680623,4378.0375,4384.710999999999
5010,2024-10-04,TCS,4225.0,4298.0,4224.05,4252.25,4232.75,2965463,12621465329.55,4256.15,194588.0,0.4606934026342212,4366.8525,4383.306
4955,2024-10-07,TCS,4273.9,4297.25,4229.4,4272.85,4252.25,1472619,6278960109.95,4263.8,117843.0,0.48444940913634815,4357.657499999999,4381.006
5011,2024-10-07,TCS,4273.9,4297.25,4229.4,4272.85,4252.25,1472619,6278960109.95,4263.8,117843.0,0.48444940913634815,4348.8225,4378.841
4956,2024-10-08,TCS,4272.6,4279.4,4203.95,4253.25,4272.85,1541867,6536012531.7,4239.02,163898.0,-0.45871022853599736,4336.092500000001,4376.599
4957,2024-10-09,TCS,4260.0,4295.0,4246.7,4252.95,4253.25,1082504,4619161345.7,4267.11,102574.0,-0.007053429730210589,4324.7725,4373.951
4958,2024-10-10,TCS,4253.25,4293.85,4198.6,4227.4,4252.95,2378875,10093143863.45,4242.82,176710.0,-0.600759472836506,4310.257500000001,4370.557
4959,2024-10-11,TCS,4143.0,4241.95,4112.45,4149.2,4227.4,5759183,23983586815.7,4164.41,377816.0,-1.8498367791077215,4291.5875,4367.88
4960,2024-10-14,TCS,4140.0,4165.4,4122.2,4136.65,4149.2,2137590,8858398067.15,4144.11,140166.0,-0.3024679456280773,4272.7575,4367.512
4961,2024-10-15,TCS,4131.05,4169.95,4095.0,4116.8,4136.65,2759474,11367123225.35,4119.31,154340.0,-0.4798568890285486,4253.3150000000005,4366.424
4962,2024-10-16,TCS,4085.0,4115.0,4067.2,4094.95,4116.8,2359151,9646655679.4,4089.04,192691.0,-0.5307520404197523,4240.754999999999,4364.313999999999
4963,2024-10-17,TCS,4112.8,4129.95,4092.95,4109.0,4094.95,2522659,10365190148.65,4108.84,215233.0,0.34310553242408776,4231.3975,4363.043
4964,2024-10-18,TCS,4090.0,4146.15,4080.0,4123.05,4109.0,2361000,9730315576.7,4121.27,160733.0,0.34193234363592556,4223.305,4360.929
4965,2024-10-21,TCS,4132.6,4139.95,4070.0,4079.85,4123.05,1595450,6535979616.1,4096.64,118454.0,-1.0477680357987478,4213.8725,4358.613
4966,2024-10-22,TCS,4066.0,4089.8,4006.35,4015.5,4079.85,1928049,7817858767.15,4054.8,178215.0,-1.5772638699952182,4201.0825,4354.9839999999995
4967,2024-10-23,TCS,3999.6,4113.55,3995.15,4066.25,4015.5,1966476,8002229160.45,4069.32,129950.0,1.2638525712862658,4190.6575,4350.4039999999995
4968,2024-10-24,TCS,4004.0,4079.0,4004.0,4047.9,4066.25,2676744,10837400632.35,4048.73,111747.0,-0.45127574546572174,4178.4275,4343.041
4969,2024-10-25,TCS,4057.05,4092.0,4032.7,4057.55,4047.9,1759676,7150208882.35,4063.37,132353.0,0.2383952172731562,4165.870000000001,4334.392
4970,2024-10-28,TCS,4068.95,4134.0,4051.0,4090.85,4057.55,1532534,6271197563.7,4092.04,95406.0,0.8206922896821907,4156.9875,4325.7429999999995
4971,2024-10-29,TCS,4095.85,4103.5,4060.1,4075.25,4090.85,1445885,5893106996.85,4075.78,101205.0,-0.38133884156104253,4146.355,4316.218
4972,2024-10-30,TCS,4075.0,4107.0,4060.05,4084.65,4075.25,1935002,7920876293.3,4093.47,109837.0,0.23066069566284503,4138.95,4307.871
4973,2024-10-31,TCS,4070.0,4078.3,3960.0,3968.45,4084.65,3740372,14887381076.25,3980.19,248757.0,-2.8447969838297107,4124.76,4297.962
4974,2024-11-01,TCS,3989.85,3998.95,3976.05,3984.2,3968.45,154895,617630511.6,3987.41,18588.0,0.39688039410853104,4110.3275,4287.597
4975,2024-11-04,TCS,3966.3,3991.9,3913.25,3964.15,3984.2,2269192,8964463071.95,3950.51,199030.0,-0.5032377892676002,4094.8925000000004,4276.937
4976,2024-11-05,TCS,3941.1,3986.0,3941.1,3971.35,3964.15,967590,3840820731.7,3969.47,92042.0,0.18162783951161832,4080.7974999999997,4266.2429999999995
4977,2024-11-06,TCS,4003.6,4149.8,3975.25,4139.65,3971.35,3792017,15556064937.35,4102.32,233333.0,4.23785362660052,4075.1325000000006,4258.915
4978,2024-11-07,TCS,4169.7,4205.8,4085.05,4150.9,4139.65,3724349,15435705018.25,4144.54,189460.0,0.27176210549201024,4071.3075,4251.697
4979,2024-11-08,TCS,4155.0,4169.75,4117.65,4147.0,4150.9,1648039,6825348802.4,4141.5,139776.0,-0.09395552771687192,4071.1974999999998,4243.562
4980,2024-11-11,TCS,4128.2,4234.3,4117.65,4198.7,4147.0,1406487,5900864157.1,4195.46,149144.0,1.2466843501326217,4074.3,4237.115
4981,2024-11-12,TCS,4216.0,4218.0,4164.35,4197.4,4198.7,1587640,6661621166.75,4195.93,102025.0,-0.03096196441756215,4078.3300000000004,4230.816
4982,2024-11-13,TCS,4178.1,4196.75,4131.05,4150.35,4197.4,1098813,4565628216.2,4155.05,114945.0,-1.1209320055272138,4081.1,4224.238
4983,2024-11-14,TCS,4135.0,4160.0,4116.45,4145.9,4150.35,1825432,7561531479.9,4142.32,165379.0,-0.10721987302277465,4082.9449999999997,4217.637
4928,2024-11-18,TCS,4213.0,4213.0,3990.2,4019.5,4145.9,3313944,13494296959.7,4071.97,178320.0,-3.048795195253133,4077.7675000000004,4208.892
4929,2024-11-19,TCS,4019.9,4132.15,4014.1,4039.55,4019.5,1776233,7247968687.6,4080.53,133137.0,0.498818260977738,4075.7524999999996,4200.692
4930,2024-11-21,TCS,4044.9,4092.45,4024.0,4072.85,4039.55,2384347,9676346995.65,4058.28,158009.0,0.8243492468220401,4078.62,4191.992
4931,2024-11-22,TCS,4071.0,4254.95,4054.0,4244.6,4072.85,3096553,12962640957.15,4186.15,163715.0,4.216948819622635,4087.5375,4187.297
4932,2024-11-25,TCS,4280.0,4328.1,4252.2,4315.1,4244.6,4052167,17438178815.15,4303.42,154060.0,1.6609338924751447,4100.8975,4183.245
4933,2024-11-26,TCS,4321.05,4366.6,4310.0,4352.7,4315.1,2060669,8937980540.1,4337.42,156578.0,0.871358717063323,4115.655,4179.847
4934,2024-11-27,TCS,4358.95,4377.4,4324.05,4332.55,4352.7,1558993,6779887252.4,4348.89,118269.0,-0.4629310542881347,4127.74,4176.233
4935,2024-11-28,TCS,4319.0,4339.95,4233.0,4244.9,4332.55,2558544,10914733802.8,4265.99,165049.0,-2.023058014333373,4136.222500000001,4171.018
4936,2024-11-29,TCS,4220.0,4298.7,4195.65,4270.85,4244.9,2017425,8599333668.25,4262.53,133480.0,0.6113218214799108,4145.532499999999,4169.512
4937,2024-12-02,TCS,4270.0,4288.2,4230.05,4276.65,4270.85,1670944,7131539607.8,4267.97,158372.0,0.13580434808057582,4160.9425,4169.121999999999
4938,2024-12-03,TCS,4314.35,4325.0,4265.45,4302.75,4276.65,2010905,8644599154.7,4298.86,144243.0,0.6102907649679157,4176.87,4169.478999999999
4939,2024-12-04,TCS,4313.55,4386.95,4289.05,4354.4,4302.75,3302642,14400589848.0,4360.32,217385.0,1.2003950961594245,4196.3825,4171.197
4940,2024-12-05,TCS,4400.8,4489.0,4360.0,4464.05,4354.4,3746747,16600910836.35,4430.75,260982.0,2.5181425684365366,4221.0175,4175.052
4941,2024-12-06,TCS,4453.0,4465.0,4412.75,4445.5,4464.05,1842087,8177521134.6,4439.27,138417.0,-0.41554194061446853,4236.3099999999995,4178.467000000001
4942,2024-12-09,TCS,4430.45,4469.4,4415.55,4452.15,4445.5,2066639,9189399351.95,4446.54,127439.0,0.149589472500273,4251.3724999999995,4181.66
4943,2024-12-10,TCS,4426.15,4493.8,4412.1,4432.55,4452.15,2087828,9271971917.9,4440.97,142478.0,-0.44023673955278814,4265.65,4184.137
4944,2024-12-11,TCS,4431.85,4448.65,4407.0,4427.45,4432.55,1635256,7236472507.4,4425.28,108588.0,-0.11505792376849361,4277.0875,4187.316
4945,2024-12-12,TCS,4430.05,4485.0,4426.0,4454.95,4427.45,1914642,8542215590.15,4461.52,149188.0,0.621125026821308,4289.965,4190.657
4946,2024-12-13,TCS,4434.95,4494.9,4394.4,4473.9,4454.95,1967048,8768379842.0,4457.63,153642.0,0.4253695327669181,4306.1425,4195.48
4947,2024-12-16,TCS,4459.0,4475.0,4397.0,4415.2,4473.9,1646224,7284853956.4,4425.19,132903.0,-1.3120543597308796,4319.6075,4198.7390000000005
4948,2024-12-17,TCS,4410.0,4432.95,4318.0,4328.5,4415.2,3225027,14016805137.0,4346.26,172049.0,-1.963670954883127,4335.0575,4199.852
4949,2024-12-18,TCS,4311.7,4362.0,4289.6,4347.85,4328.5,1575404,6827736370.0,4333.96,106590.0,0.4470370798198074,4350.4725,4201.352
4950,2024-12-19,TCS,4282.0,4364.0,4262.0,4271.9,4347.85,3015763,12974663426.65,4302.28,217876.0,-1.7468403923778586,4360.425,4201.725
4951,2024-12-20,TCS,4329.0,4382.0,4152.5,4170.3,4271.9,4116989,17455242238.8,4239.81,214598.0,-2.3783328261429215,4356.71,4200.072
4952,2024-12-23,TCS,4200.05,4217.0,4114.9,4158.3,4170.3,2195338,9112820726.95,4150.99,149845.0,-0.28774908279979855,4348.87,4198.69
4953,2024-12-24,TCS,4158.3,4218.0,4158.3,4179.5,4158.3,1181886,4947571708.95,4186.17,77609.0,0.5098237260418876,4340.21,4199.295999999999
4924,2024-12-26,TCS,4179.5,4199.95,4143.15,4169.1,4179.5,1208464,5031352687.2,4163.43,106756.0,-0.24883359253498352,4332.0375,4199.945
4954,2024-12-26,TCS,4179.5,4199.95,4143.15,4169.1,4179.5,1208464,5031352687.2,4163.43,106756.0,-0.24883359253498352,4328.2475,4200.991
4925,2024-12-27,TCS,4163.0,4180.95,4147.25,4164.85,4169.1,858100,3572437410.85,4163.19,88194.0,-0.10194046676740781,4322.9475,4202.389
4926,2024-12-30,TCS,4151.0,4199.3,4112.0,4158.8,4164.85,1527169,6340928576.3,4152.08,116250.0,-0.14526333481398326,4317.054999999999,4203.385
4927,2024-12-31,TCS,4135.0,4139.95,4032.05,4094.8,4158.8,1555429,6345700031.05,4079.71,162877.0,-1.5389054534962008,4306.6575,4202.82
5313,2025-01-01,TCS,4094.4,4134.0,4085.45,4112.45,4094.8,763161,3138692117.15,4112.75,99498.0,0.4310344827586117,4294.5599999999995,4203.472
5314,2025-01-02,TCS,4120.0,4183.0,4096.95,4175.75,4112.45,1720835,7158273705.25,4159.77,124549.0,1.5392284404673657,4280.1449999999995,4206.677
5315,2025-01-03,TCS,4179.95,4179.95,4092.3,4099.9,4175.75,1791953,7372404407.85,4114.17,125354.0,-1.8164401604502272,4262.865,4207.35
5316,2025-01-06,TCS,4105.5,4149.65,4066.4,4095.0,4099.9,2085593,8565822653.7,4107.14,158660.0,-0.11951511012462833,4245.0075,4208.2919999999995
5317,2025-01-07,TCS,4114.95,4140.35,4011.55,4028.3,4095.0,2669054,10798629271.2,4045.86,177825.0,-1.6288156288156244,4224.795,4207.707
5318,2025-01-08,TCS,4034.9,4126.0,4017.75,4108.4,4028.3,2181277,8847652251.5,4056.18,180073.0,1.9884318446987428,4208.842500000001,4208.058
5319,2025-01-09,TCS,4101.0,4137.75,4025.3,4038.85,4108.4,2392472,9746149398.35,4073.67,183446.0,-1.6928731379612438,4188.0375,4207.33
5320,2025-01-10,TCS,4200.0,4297.0,4170.0,4265.65,4038.85,7894300,33476809439.65,4240.63,436975.0,5.615459846243355,4177.625,4210.95
5321,2025-01-13,TCS,4245.0,4322.95,4227.4,4291.1,4265.65,4003771,17192353666.25,4294.04,270932.0,0.5966265399177318,4171.42,4217.403
5322,2025-01-14,TCS,4302.0,4313.9,4219.05,4233.05,4291.1,3441709,14634369218.5,4252.06,180842.0,-1.352799981356766,4166.6475,4222.38
5323,2025-01-15,TCS,4218.0,4256.45,4207.45,4249.6,4233.05,1653474,6993667215.6,4229.68,130857.0,0.3909710492434576,4161.735000000001,4228.089
5324,2025-01-16,TCS,4260.0,4294.0,4191.85,4206.3,4249.6,2637705,11112418871.4,4212.91,176306.0,-1.0189194277108475,4158.455,4232.788
5325,2025-01-17,TCS,4159.9,4160.6,4100.05,4124.3,4206.3,1761466,7279436408.25,4132.6,157671.0,-1.949456767230107,4156.155,4232.481000000001
5326,2025-01-20,TCS,4145.8,4145.8,4068.1,4077.8,4124.3,1287799,5261320398.8,4085.51,148489.0,-1.1274640545062193,4152.13,4231.018999999999
5327,2025-01-21,TCS,4095.3,4111.0,4030.0,4035.85,4077.8,1971591,8015045148.0,4065.27,148666.0,-1.028740987787539,4144.9475,4228.795999999999
5328,2025-01-22,TCS,4050.0,4163.15,4044.2,4156.6,4035.85,2409223,9956065096.7,4132.48,153702.0,2.991934784493984,4144.3225,4227.954000000001
5329,2025-01-23,TCS,4168.0,4191.35,4140.05,4145.45,4156.6,1822998,7585718475.4,4161.12,139860.0,-0.26824808737912104,4143.14,4226.915
5330,2025-01-24,TCS,4104.0,4178.0,4104.0,4152.35,4145.45,1910099,7937640859.2,4155.62,99760.0,0.16644755092934532,4142.515,4226.955
5331,2025-01-27,TCS,4102.0,4156.35,4041.05,4065.15,4152.35,1551782,6344644149.25,4088.62,143859.0,-2.1000156537864165,4137.8325,4225.34
5332,2025-01-28,TCS,4070.8,4102.0,4028.3,4040.3,4065.15,2468272,10014514674.15,4057.3,150121.0,-0.6112935562033359,4135.1075,4225.756
5333,2025-01-29,TCS,4054.0,4107.85,4054.0,4099.8,4040.3,1217089,4979253773.0,4091.12,108284.0,1.4726629210702173,4134.475,4226.960999999999
5334,2025-01-30,TCS,4099.9,4129.9,4058.5,4100.05,4099.8,1531251,6276404777.9,4098.87,97767.0,0.00609785843211864,4130.6900000000005,4227.505
5335,2025-01-31,TCS,4110.0,4128.45,4085.25,4112.4,4100.05,1492943,6130103902.2,4106.05,121858.0,0.30121583883122044,4131.315,4224.861000000001
5336,2025-02-01,TCS,4113.0,4135.9,4056.0,4073.15,4112.4,437172,1784747121.1,4082.48,49186.0,-0.9544305028693597,4130.2225,4220.022
5337,2025-02-03,TCS,4030.9,4077.0,3998.7,4068.65,4073.15,1265713,5121041211.0,4045.97,155134.0,-0.1104796042375066,4132.24,4214.340999999999
5338,2025-02-04,TCS,4083.7,4118.85,4066.05,4107.05,4068.65,2547132,10438141551.8,4098.0,141942.0,0.9438019982057952,4132.1725,4209.831
5339,2025-02-05,TCS,4150.0,4150.0,4076.0,4091.1,4107.05,1693912,6938752665.75,4096.29,130235.0,-0.38835660632328,4134.785000000001,4206.755
5340,2025-02-06,TCS,4105.4,4139.5,4051.55,4082.75,4091.1,2284536,9322389842.5,4080.65,183903.0,-0.20410158637041162,4125.64,4202.9929999999995
5341,2025-02-07,TCS,4090.0,4090.0,4008.0,4029.4,4082.75,1548940,6246965406.4,4033.06,177110.0,-1.3067172861429162,4112.555,4198.048000000001
5285,2025-02-10,TCS,4040.0,4052.0,4014.35,4036.95,4029.4,1339511,5405279190.45,4035.26,133697.0,0.18737280984761323,4102.75,4192.732
5342,2025-02-10,TCS,4040.0,4052.0,4014.35,4036.95,4029.4,1339511,5405279190.45,4035.26,133697.0,0.18737280984761323,4092.1174999999994,4186.383
5286,2025-02-11,TCS,4018.4,4040.0,3955.0,3963.55,4036.95,1810908,7224758107.05,3989.58,121478.0,-1.8182043374329542,4079.9799999999996,4176.373
5287,2025-02-12,TCS,3971.1,4021.75,3940.15,3950.15,3963.55,1678002,6675628781.95,3978.32,128576.0,-0.33808076093401346,4071.2725000000005,4166.465999999999
5288,2025-02-13,TCS,3968.0,3984.45,3902.25,3910.15,3950.15,2277310,8951639767.6,3930.8,163030.0,-1.0126197739326355,4062.8900000000003,4155.626
5289,2025-02-14,TCS,3925.0,3948.0,3900.0,3934.85,3910.15,1681975,6595986554.05,3921.57,163805.0,0.631689321381528,4057.84,4145.672
5290,2025-02-17,TCS,3856.5,3934.0,3856.2,3904.5,3934.85,1799806,7040439519.8,3911.78,168626.0,-0.7713127565218473,4045.2350000000006,4135.213
5291,2025-02-18,TCS,3898.4,3924.4,3864.5,3873.2,3904.5,2149879,8366596747.55,3891.66,135773.0,-0.8016391343321855,4031.6225,4123.5779999999995
5292,2025-02-19,TCS,3872.2,3874.95,3768.15,3784.1,3873.2,4366672,16578004180.7,3796.48,229923.0,-2.3004234224930267,4013.21,4109.782
5293,2025-02-20,TCS,3761.5,3788.0,3751.3,3779.4,3784.1,2888572,10898564437.85,3772.99,184053.0,-0.12420390581643768,3998.9224999999997,4097.066
5294,2025-02-21,TCS,3776.1,3817.0,3775.0,3786.0,3779.4,1833931,6954338537.8,3792.04,125392.0,0.17463089379266308,3986.2075000000004,4086.216
5295,2025-02-24,TCS,3743.15,3763.2,3670.0,3675.6,3786.0,2508516,9284523845.2,3701.2,172279.0,-2.916006339144218,3964.9975,4072.771
5296,2025-02-25,TCS,3625.0,3658.0,3621.25,3629.55,3675.6,4101954,14925647967.55,3638.67,198489.0,-1.2528566764609785,3941.4725,4059.9239999999995
5297,2025-02-27,TCS,3611.7,3638.0,3600.7,3612.55,3629.55,3823856,13817496735.8,3613.5,212465.0,-0.4683776225702911,3916.4800000000005,4048.7690000000002
5298,2025-02-28,TCS,3584.95,3600.0,3457.0,3483.25,3612.55,7085018,24739464379.85,3491.8,340110.0,-3.5791892153741864,3886.9849999999997,4035.2680000000005
5299,2025-03-03,TCS,3485.0,3523.25,3476.15,3493.05,3483.25,4990439,17456399246.2,3497.97,248034.0,0.2813464436948305,3858.2050000000004,4021.539
5300,2025-03-04,TCS,3474.0,3551.0,3464.3,3532.05,3493.05,2797737,9842880030.3,3518.16,157084.0,1.1165027697857173,3829.4550000000004,4008.798
5301,2025-03-05,TCS,3520.85,3600.35,3520.85,3547.05,3532.05,2501894,8910937236.55,3561.68,145336.0,0.424682549794029,3802.2524999999996,3996.357
5302,2025-03-06,TCS,3557.0,3609.45,3536.1,3601.6,3547.05,2786513,9952339476.2,3571.61,201910.0,1.5378976896294025,3778.1949999999997,3985.092
5303,2025-03-07,TCS,3600.0,3625.0,3574.4,3611.2,3601.6,2051315,7395690221.35,3605.34,131372.0,0.2665482007996421,3757.285,3974.14
5304,2025-03-10,TCS,3606.5,3622.1,3582.6,3589.65,3611.2,1004626,3618776661.3,3602.11,75981.0,-0.5967545414266651,3734.9200000000005,3964.0369999999994
5305,2025-03-11,TCS,3558.0,3588.75,3537.65,3575.3,3589.65,1995450,7119617263.55,3567.93,142820.0,-0.3997604223252938,3711.8375,3953.2940000000003
5306,2025-03-12,TCS,3565.0,3569.25,3486.85,3506.2,3575.3,3174167,11124852701.55,3504.81,175588.0,-1.932704947836555,3688.9700000000003,3939.903
5307,2025-03-13,TCS,3502.3,3524.3,3484.1,3511.05,3506.2,1693004,5933491139.45,3504.71,98963.0,0.1383263932462599,3667.0149999999994,3928.126
5308,2025-03-17,TCS,3489.0,3530.45,3477.35,3497.7,3511.05,2690906,9409068295.75,3496.62,171510.0,-0.38022813688213963,3646.3925000000004,3916.18
5309,2025-03-18,TCS,3502.35,3556.95,3478.45,3552.45,3497.7,3069109,10835299304.9,3530.44,139204.0,1.565314349429625,3627.2725,3906.663
5310,2025-03-19,TCS,3547.0,3547.0,3462.75,3497.1,3552.45,3051244,10632994898.7,3484.81,181144.0,-1.558079635181351,3606.9024999999992,3894.437
5311,2025-03-20,TCS,3512.0,3578.95,3512.0,3563.15,3497.1,2845192,10128343015.65,3559.81,156792.0,1.8887077864516366,3591.4,3884.923
5312,2025-03-21,TCS,3475.0,3616.25,3465.0,3578.1,3563.15,4161925,14823464307.85,3561.68,188951.0,0.41957256921543623,3581.1,3871.172
5261,2025-03-24,TCS,3600.0,3649.75,3566.6,3628.95,3578.1,1834751,6632970557.7,3615.19,107825.0,1.4211453005785168,3573.5775000000003,3857.9289999999996
5262,2025-03-25,TCS,3645.0,3710.0,3638.0,3657.75,3628.95,3135390,11517985340.8,3673.54,181313.0,0.793617988674415,3567.165,3846.423
5263,2025-03-26,TCS,3647.75,3680.5,3625.85,3635.8,3657.75,1734499,6341597992.4,3656.16,141204.0,-0.6000956872394182,3565.175,3834.147
5264,2025-03-27,TCS,3614.85,3663.0,3610.5,3651.2,3635.8,2528474,9226448354.45,3649.02,125080.0,0.42356565267615476,3566.2575000000006,3823.045
5265,2025-03-28,TCS,3651.0,3660.95,3591.9,3606.15,3651.2,2051919,7415124946.4,3613.75,129740.0,-1.2338409290096333,3565.9375,3812.6820000000002
5266,2025-04-01,TCS,3572.7,3584.0,3525.0,3550.8,3606.15,2618493,9290445221.4,3548.01,167344.0,-1.5348779168919735,3569.315,3802.1420000000003
5267,2025-04-02,TCS,3544.0,3564.1,3530.05,3543.95,3550.8,1764313,6258290323.8,3547.15,80651.0,-0.19291427283993362,3571.8599999999997,3792.304
5268,2025-04-03,TCS,3491.0,3502.0,3396.15,3403.15,3543.95,4537821,15531809156.15,3422.75,248807.0,-3.972968015914438,3565.4149999999995,3777.235
5269,2025-04-04,TCS,3362.6,3399.65,3295.5,3299.4,3403.15,5317367,17643541008.05,3318.1,216133.0,-3.0486461072829583,3553.0325000000003,3760.3140000000003
5270,2025-04-07,TCS,3100.0,3291.4,3056.05,3274.05,3299.4,6623955,20981463559.1,3167.51,386019.0,-0.7683215130023613,3536.655,3742.748
5271,2025-04-08,TCS,3302.05,3349.0,3255.3,3292.95,3274.05,5557558,18318927917.45,3296.22,236248.0,0.5772666880469032,3520.7425000000003,3727.304
5272,2025-04-09,TCS,3260.55,3270.0,3212.05,3246.6,3292.95,2990265,9714105049.5,3248.58,184251.0,-1.4075524985195618,3503.5899999999992,3711.43
5273,2025-04-11,TCS,3289.55,3298.95,3206.0,3231.5,3246.6,7108961,23054618625.45,3243.04,354463.0,-0.4651019528121699,3486.4,3694.0640000000003
5274,2025-04-15,TCS,3314.4,3314.4,3238.6,3248.2,3231.5,3512160,11442174035.7,3257.87,166106.0,0.5167878694104848,3473.5,3677.0269999999996
5275,2025-04-16,TCS,3248.2,3278.1,3229.0,3273.8,3248.2,2384391,7775304840.9,3260.92,131199.0,0.7881288098023633,3461.6375,3660.255
5276,2025-04-17,TCS,3245.5,3303.6,3218.0,3298.9,3273.8,2932346,9567836127.7,3262.86,183984.0,0.7666931394709484,3451.6974999999998,3644.77
5277,2025-04-21,TCS,3290.1,3354.0,3284.1,3321.6,3298.9,2432946,8091878392.8,3325.96,127748.0,0.6881081572645372,3440.1549999999997,3629.829
5278,2025-04-22,TCS,3322.6,3333.9,3295.0,3314.4,3321.6,2710498,8985899446.7,3315.22,151282.0,-0.21676300578034133,3431.0199999999995,3613.9759999999997
5279,2025-04-23,TCS,3365.0,3420.9,3337.3,3413.0,3314.4,3543923,12044899557.3,3398.75,164989.0,2.974897417330434,3423.5125,3600.414
5280,2025-04-24,TCS,3401.1,3412.5,3387.7,3401.6,3413.0,2252175,7655036870.7,3398.95,158061.0,-0.334016993847058,3414.6875,3586.791
5281,2025-04-25,TCS,3420.0,3477.8,3405.0,3448.0,3401.6,2742991,9441414787.6,3442.01,151400.0,1.364063969896522,3405.6400000000003,3575.163
5282,2025-04-28,TCS,3435.0,3457.8,3405.0,3443.5,3448.0,1593296,5478682188.5,3438.58,94204.0,-0.1305104408352668,3394.9275000000002,3563.2940000000003
5283,2025-04-29,TCS,3455.0,3495.0,3430.4,3472.5,3443.5,1578332,5477091995.8,3470.18,95060.0,0.8421664004646435,3386.7625,3552.005
5284,2025-04-30,TCS,3472.0,3509.9,3366.0,3453.7,3472.5,2809332,9731586389.3,3464.02,129048.0,-0.541396688264944,3376.8875,3541.808
5233,2025-05-02,TCS,3472.0,3491.5,3420.0,3444.7,3453.7,2115624,7300505304.3,3450.76,124212.0,-0.26059009178562126,3368.815,3531.699
5234,2025-05-05,TCS,3450.0,3504.5,3446.4,3454.3,3444.7,1284443,4452637028.7,3466.59,96657.0,0.27868900049352235,3363.9900000000002,3522.5819999999994
5235,2025-05-06,TCS,3460.0,3473.0,3437.0,3460.0,3454.3,1324763,4581101196.3,3458.05,65526.0,0.16501172451726306,3359.7925000000005,3513.085
5236,2025-05-07,TCS,3420.6,3459.5,3420.6,3445.1,3460.0,1477128,5084383270.5,3442.07,89334.0,-0.43063583815029166,3361.8900000000003,3503.897
5237,2025-05-08,TCS,3448.0,3477.0,3428.7,3448.9,3445.1,2543591,8779405820.4,3451.58,116139.0,0.1103015877623344,3369.3650000000002,3495.4109999999996
5238,2025-05-09,TCS,3399.0,3446.2,3398.1,3440.3,3448.9,2531757,8679986664.6,3428.44,151453.0,-0.24935486676911214,3377.6775000000002,3488.535
5239,2025-05-12,TCS,3505.0,3630.5,3502.2,3620.4,3440.3,2228678,7974051782.1,3577.93,146104.0,5.235008574833587,3394.05,3485.355
5240,2025-05-13,TCS,3620.4,3623.0,3510.5,3515.0,3620.4,3062887,10847250162.2,3541.51,221289.0,-2.9112805214893407,3407.47,3479.935
5241,2025-05-14,TCS,3521.0,3561.0,3508.6,3548.7,3515.0,2119499,7509459955.3,3543.04,136543.0,0.9587482219061114,3423.3300000000004,3477.397
5242,2025-05-15,TCS,3564.0,3600.0,3514.1,3579.9,3548.7,3548330,12651735793.0,3565.55,172937.0,0.8791951982416174,3439.915,3476.4040000000005
5243,2025-05-16,TCS,3593.9,3593.9,3546.1,3561.3,3579.9,1666727,5933224873.8,3559.81,117749.0,-0.5195675856867484,3454.29,3475.3789999999995
5244,2025-05-19,TCS,3550.0,3550.0,3503.7,3518.8,3561.3,2537377,8937585448.8,3522.37,129050.0,-1.193384438266925,3465.2850000000008,3476.09
5245,2025-05-20,TCS,3531.8,3558.0,3494.0,3498.3,3518.8,2038374,7166541410.9,3515.81,138343.0,-0.5825849721495964,3474.12,3476.195
5246,2025-05-21,TCS,3508.0,3537.0,3498.3,3525.8,3498.3,1440153,5075075089.3,3523.98,72782.0,0.7860961038218564,3484.69,3476.07
5247,2025-05-22,TCS,3495.0,3497.8,3451.3,3477.0,3525.8,2034383,7066503817.8,3473.54,138574.0,-1.384083044982704,3487.8900000000003,3474.669
5248,2025-05-23,TCS,3477.0,3535.0,3465.6,3514.6,3477.0,1274331,4475440377.4,3511.99,71383.0,1.0813920046016656,3493.54,3472.9289999999996
5249,2025-05-26,TCS,3521.0,3545.0,3510.1,3537.3,3514.6,967470,3421330419.5,3536.37,67043.0,0.6458771979741728,3498.005,3471.4510000000005
5250,2025-05-27,TCS,3532.0,3540.0,3483.1,3498.7,3537.3,2467680,8637718829.7,3500.34,165908.0,-1.0912277725949273,3500.7650000000003,3469.632
5251,2025-05-28,TCS,3520.0,3529.0,3493.0,3497.7,3498.7,1222933,4281880586.6,3501.32,80594.0,-0.028582044759482096,3502.025,3468.08
5252,2025-05-29,TCS,3504.7,3532.5,3486.5,3498.1,3497.7,3188072,11159021439.9,3500.24,146463.0,0.011436086571177943,3504.2450000000003,3467.9180000000006
5253,2025-05-30,TCS,3490.0,3506.7,3453.1,3463.4,3498.1,3404365,11826074213.6,3473.8,104081.0,-0.9919670678368205,3505.1800000000003,3466.965
5254,2025-06-02,TCS,3450.0,3460.0,3418.6,3449.8,3463.4,1877585,6461635240.3,3441.46,105414.0,-0.39267771553964054,3504.9550000000004,3466.007
5255,2025-06-03,TCS,3446.0,3473.5,3400.5,3405.2,3449.8,2848125,9736154029.8,3418.44,195278.0,-1.292828569772171,3502.215,3463.062
5256,2025-06-04,TCS,3389.0,3394.8,3370.0,3380.9,3405.2,2544807,8608717239.6,3382.86,185107.0,-0.7136144719840165,3499.0049999999997,3460.738
5257,2025-06-05,TCS,3409.0,3409.0,3363.7,3371.1,3380.9,3584683,12117623680.0,3380.39,129913.0,-0.28986364577479906,3495.1150000000002,3456.897
5258,2025-06-06,TCS,3371.1,3390.9,3358.7,3384.2,3371.1,2070390,6990855288.4,3376.59,94941.0,0.38859719379430774,3492.31,3453.019
5259,2025-06-09,TCS,3400.0,3434.0,3390.9,3421.9,3384.2,1718678,5879053289.4,3420.68,73412.0,1.1140003545889805,3482.3850000000007,3448.8780000000006
5260,2025-06-10,TCS,3440.0,3485.8,3423.2,3462.9,3421.9,2419874,8379090971.3,3462.61,109195.0,1.198164762266577,3479.78,3444.981
5204,2025-06-10,TCS,3440.0,3485.8,3423.2,3462.9,3421.9,2419874,8379090971.3,3462.61,109195.0,1.198164762266577,3475.4899999999993,3441.5229999999997
5205,2025-06-11,TCS,3470.0,3489.0,3449.1,3471.9,3462.9,2847013,9884549517.9,3471.9,163525.0,0.2598977735424066,3470.09,3437.937
5206,2025-06-12,TCS,3471.9,3474.7,3423.2,3434.2,3471.9,4060134,13995794452.1,3447.13,164333.0,-1.085860767879267,3463.7349999999997,3434.498
5207,2025-06-13,TCS,3393.2,3450.5,3393.2,3445.7,3434.2,2178493,7485689915.9,3436.18,140820.0,0.33486692679517793,3460.0799999999995,3432.3959999999997
5208,2025-06-16,TCS,3440.0,3509.0,3426.2,3496.3,3445.7,1934088,6755788711.2,3493.01,109847.0,1.468496967234535,3459.9800000000005,3431.4429999999998
5209,2025-06-17,TCS,3510.0,3520.0,3488.1,3515.3,3496.3,2111940,7415551942.2,3511.25,145498.0,0.5434316277207333,3459.4550000000004,3433.6859999999997
5210,2025-06-18,TCS,3519.1,3538.0,3443.1,3451.4,3515.3,2696327,9393397237.6,3483.78,103359.0,-1.8177680425568257,3458.175,3436.7259999999997
5211,2025-06-19,TCS,3450.0,3451.0,3413.0,3424.0,3451.4,2672768,9158351862.5,3426.54,125292.0,-0.793880744045897,3453.6449999999995,3439.725
5212,2025-06-20,TCS,3425.0,3446.3,3410.9,3435.7,3424.0,2351248,8069855528.7,3432.16,100374.0,0.3417056074766302,3448.565,3442.58
5213,2025-06-23,TCS,3415.0,3425.0,3370.0,3393.6,3435.7,3123421,10595271627.8,3392.2,153401.0,-1.2253689204528893,3443.31,3445.52
5214,2025-06-24,TCS,3434.6,3442.1,3382.0,3390.4,3393.6,3403048,11599175864.4,3408.47,178183.0,-0.09429514380008894,3437.9449999999997,3448.698
5215,2025-06-25,TCS,3407.3,3450.0,3400.0,3444.8,3390.4,1757699,6015421913.0,3422.33,101280.0,1.6045304388862698,3435.28,3452.63
5216,2025-06-26,TCS,3444.8,3451.4,3415.3,3441.8,3444.8,2879106,9897501153.9,3437.7,143687.0,-0.08708778448676266,3434.2,3455.99
5217,2025-06-27,TCS,3455.0,3466.4,3431.0,3441.1,3441.8,1778433,6126978962.5,3445.16,122369.0,-0.02033819513046292,3433.7650000000003,3458.8340000000003
5218,2025-06-30,TCS,3439.9,3464.9,3430.0,3462.0,3441.1,1468351,5068827379.2,3452.05,130938.0,0.6073639243265262,3436.6050000000005,3461.6420000000003
5219,2025-07-01,TCS,3455.0,3485.0,3413.5,3429.7,3462.0,2375183,8168354151.0,3439.04,125874.0,-0.932986712882732,3439.0449999999996,3463.948
5220,2025-07-02,TCS,3487.2,3489.9,3420.0,3423.3,3429.7,3090585,10648436048.1,3445.44,111947.0,-0.18660524244101923,3441.655,3464.1540000000005
5221,2025-07-03,TCS,3430.0,3435.3,3397.6,3400.8,3423.3,2531870,8645207975.4,3414.55,131370.0,-0.6572605380772938,3442.4849999999997,3464.138
5222,2025-07-04,TCS,3408.0,3427.0,3390.1,3419.8,3400.8,1109320,3787117009.9,3413.91,87593.0,0.5586920724535404,3442.38,3463.574
5223,2025-07-07,TCS,3418.3,3426.1,3408.4,3411.7,3419.8,1639174,5602206127.8,3417.7,73810.0,-0.23685595648869415,3439.8199999999997,3462.938
5224,2025-07-08,TCS,3405.0,3425.0,3393.4,3406.2,3411.7,2325242,7922116743.7,3407.01,178045.0,-0.16120995398188587,3436.9849999999997,3461.612
5225,2025-07-09,TCS,3410.0,3414.0,3367.0,3383.8,3406.2,2034938,6892661354.3,3387.16,191376.0,-0.6576243321002772,3432.5799999999995,3460.2140000000004
5226,2025-07-10,TCS,3380.0,3399.0,3356.0,3382.0,3383.8,3035012,10255361029.9,3379.02,176792.0,-0.05319463325256167,3429.97,3458.96
5227,2025-07-11,TCS,3299.9,3335.0,3261.1,3266.0,3382.0,7635550,25162551686.4,3295.45,552284.0,-3.4299231224127738,3420.9849999999997,3455.1940000000004
5228,2025-07-14,TCS,3266.0,3272.0,3200.0,3222.7,3266.0,3924009,12653811861.8,3224.72,396894.0,-1.3257807715860435,3407.3050000000003,3450.4480000000003
5229,2025-07-15,TCS,3206.0,3259.4,3206.0,3252.3,3222.7,2590889,8403081368.1,3243.32,171257.0,0.9184845005740641,3394.1549999999997,3446.592
5230,2025-07-16,TCS,3227.0,3244.9,3220.6,3233.1,3252.3,2540733,8221586412.6,3235.91,172998.0,-0.5903514435937728,3383.2400000000002,3442.2760000000003
5231,2025-07-17,TCS,3224.1,3242.0,3204.1,3209.2,3233.1,2947640,9492807475.5,3220.48,157207.0,-0.7392286041260737,3372.5,3437.6539999999995
5232,2025-07-18,TCS,3225.0,3228.8,3187.0,3189.9,3209.2,3432645,10988348160.4,3201.13,195464.0,-0.6013959865386929,3360.21,3429.0440000000003
5179,2025-07-21,TCS,3190.0,3197.6,3152.0,3158.2,3189.9,3844346,12157519336.9,3162.44,195683.0,-0.993761559923517,3348.44,3421.908
5180,2025-07-22,TCS,3159.6,3180.1,3154.6,3159.6,3158.2,3198036,10117107299.1,3163.54,138279.0,0.044329048192010986,3336.9,3414.1259999999997
5181,2025-07-23,TCS,3159.6,3182.0,3157.6,3179.1,3159.6,1922875,6094730938.8,3169.59,96628.0,0.6171667299658185,3323.6150000000002,3406.11
5182,2025-07-24,TCS,3165.1,3173.7,3140.0,3148.0,3179.1,2934778,9260312011.3,3155.37,102612.0,-0.9782642886351455,3308.925,3397.844
5183,2025-07-25,TCS,3140.0,3156.9,3125.6,3135.8,3148.0,2568917,8068375805.9,3140.77,105704.0,-0.3875476493011378,3293.66,3390.1839999999997
5184,2025-07-28,TCS,3110.0,3118.0,3069.9,3079.3,3135.8,3374473,10435752450.0,3092.56,273133.0,-1.8017730722622614,3274.525,3381.804
5185,2025-07-29,TCS,3060.0,3074.0,3041.2,3056.0,3079.3,4785312,14624090930.7,3056.04,247039.0,-0.7566654759198578,3255.8399999999997,3372.4080000000004
5186,2025-07-30,TCS,3060.0,3069.0,3047.2,3053.6,3056.0,2880121,8809078906.8,3058.58,127490.0,-0.07853403141361553,3237.355,3363.94
5187,2025-07-31,TCS,3041.7,3059.8,3015.0,3036.8,3053.6,2968371,9007105954.3,3034.36,199367.0,-0.5501702908042877,3219.1549999999997,3354.384
5188,2025-08-01,TCS,3029.9,3036.8,3000.0,3003.0,3036.8,2053847,6189863144.5,3013.79,154119.0,-1.113013698630143,3198.315,3343.698
5189,2025-08-04,TCS,3009.1,3079.4,2991.6,3074.4,3003.0,2519252,7674244863.5,3046.24,154005.0,2.3776223776223806,3181.45,3335.212
5190,2025-08-05,TCS,3074.4,3077.5,3042.0,3063.9,3074.4,1927996,5895739286.3,3057.96,118848.0,-0.34153005464480873,3164.335,3326.5359999999996
5191,2025-08-06,TCS,3063.0,3066.8,3026.0,3032.3,3063.9,1487081,4516412670.5,3037.1,109992.0,-1.0313652534351614,3146.7599999999998,3317.22
5192,2025-08-07,TCS,3016.0,3051.6,3010.9,3047.0,3032.3,2543076,7710829083.3,3032.09,138156.0,0.4847805296309671,3130.0099999999998,3308.8920000000003
5193,2025-08-08,TCS,3048.1,3059.8,3025.0,3036.4,3047.0,2762140,8406805181.0,3043.58,119961.0,-0.3478831637676373,3118.5299999999997,3300.6240000000003
5194,2025-08-11,TCS,3036.4,3049.9,3021.3,3040.8,3036.4,1884215,5728958255.6,3040.5,132617.0,0.14490844421025198,3109.4350000000004,3293.336
5195,2025-08-12,TCS,3041.0,3096.4,3026.9,3035.4,3040.8,3358232,10267395734.8,3057.38,165565.0,-0.17758484609313635,3098.59,3286.4260000000004
5196,2025-08-13,TCS,3036.1,3044.4,3028.6,3036.2,3035.4,2148166,6525533464.3,3037.72,117340.0,0.026355669763448872,3088.745,3279.728
5197,2025-08-14,TCS,3034.0,3055.9,3019.1,3022.3,3036.2,3342174,10135212616.4,3032.52,194661.0,-0.457809103484607,3079.4000000000005,3272.4900000000007
5198,2025-08-18,TCS,3046.5,3049.0,3003.4,3011.2,3022.3,2945609,8882005616.6,3015.34,137367.0,-0.36726995996427764,3070.465,3264.276
5199,2025-08-19,TCS,3011.2,3025.0,3011.1,3016.2,3011.2,2650784,7996291836.9,3016.58,119303.0,0.16604675876726888,3063.365,3255.342
5200,2025-08-20,TCS,3010.9,3103.4,3010.9,3098.6,3016.2,4952358,15244401986.4,3078.21,190110.0,2.7319143292885117,3060.315,3248.0559999999996
5201,2025-08-21,TCS,3130.0,3130.0,3083.1,3102.6,3098.6,3230726,10040586025.7,3107.84,119697.0,0.12909055702575356,3056.4900000000002,3240.67
5202,2025-08-22,TCS,3086.0,3095.7,3050.0,3054.0,3102.6,1593791,4890462450.3,3068.45,82740.0,-1.566428157029585,3051.79,3233.066
5203,2025-08-25,TCS,3087.3,3152.0,3077.1,3140.6,3054.0,3448370,10806464376.7,3133.79,200973.0,2.8356254092992765,3052.0299999999997,3226.9640000000004
